id,board_name,keyword,visual_strategy,product_title,product_image_url,target_path,prompt
1001,Banheiro organizado,banheiro pequeno organizado,product_in_environment,Porta-Papel Higiênico de Parede Moderno Duplo para Banheiro - Preto,https://chiquehome.com.br/cdn/shop/files/porta-papel-higienico-de-parede-para-banheiro-moderno-duplo-preto-detalhe_b1ef1b65-37fb-4c5b-bc3d-e9cba60dce50.jpg?v=1783619178,public/pinterest/final/pin-1001.png,"Pinterest Pin vertical 2:3, imagem bonita full-bleed, sem card, sem borda, estilo foto premium realista. Tema: banheiro pequeno organizado. Cenário: banheiro organizado com suporte de parede, nichos, porta-shampoo no box e poucos objetos aparentes. Usar paleta Chique Home: off-white, bege, madeira clara, taupe suave, preto fosco, luz quente, visual premium brasileiro. Aplicar visualmente o produto da Shopify em outro ambiente realista de forma natural. Produto: Porta-Papel Higiênico de Parede Moderno Duplo para Banheiro. Sem texto grande, foco em inspirar clique para compra."
1003,Banheiro organizado,organizador de maquiagem,environment_full_bleed,Organizador de Maquiagem Porta Pincel em Acrílico Giratório,https://cdn.shopify.com/s/files/1/0864/2432/2353/files/Organizador_de_Maquiagem_Porta_Pincel_em_Acrilico_Giratorio_preto.webp?v=1751413621,public/pinterest/final/pin-1003.png,"Pinterest Pin vertical 2:3, imagem bonita full-bleed, sem card, sem borda, estilo foto premium realista. Tema: organizador de maquiagem. Cenário: banheiro organizado com suporte de parede, nichos, porta-shampoo no box e poucos objetos aparentes. Usar paleta Chique Home: off-white, bege, madeira clara, taupe suave, preto fosco, luz quente, visual premium brasileiro. Criar um cenário inspiracional de ambiente, sem texto grande. A imagem precisa parecer resultado real de busca no Pinterest, bonita e clicável. Produto relacionado: Organizador de Maquiagem Porta Pincel em Acrílico Giratório, aplicar apenas se fizer sentido natural."
1004,Banheiro organizado,bandeja para banheiro,environment_title_overlay,Bandeja para Banheiro/Lavabo Decorativa Redonda - Decoração,https://cdn.shopify.com/s/files/1/0864/2432/2353/files/Bandeja_para_Banheiro_Lavabo_Decorativa_Redonda_Decoracao_verde.webp?v=1751410419,public/pinterest/final/pin-1004.png,"Pinterest Pin vertical 2:3, imagem bonita full-bleed, sem card, sem borda, estilo foto premium realista. Tema: bandeja para banheiro. Cenário: banheiro organizado com suporte de parede, nichos, porta-shampoo no box e poucos objetos aparentes. Usar paleta Chique Home: off-white, bege, madeira clara, taupe suave, preto fosco, luz quente, visual premium brasileiro. Criar cenário bonito com título centralizado, curto e clicável em português: ""Bandeja para banheiro"". Texto elegante, alto contraste, estilo Pinterest Brasil, sem poluir. Cupom PINTEREST10 pequeno no canto inferior."
1005,Banheiro organizado,organizador de banheiro sofisticado,product_title_overlay,Organizador de Maquiagem Porta Pincel em Acrílico Giratório,https://cdn.shopify.com/s/files/1/0864/2432/2353/files/Organizador_de_Maquiagem_Porta_Pincel_em_Acrilico_Giratorio_preto.webp?v=1751413621,public/pinterest/final/pin-1005.png,"Pinterest Pin vertical 2:3, imagem bonita full-bleed, sem card, sem borda, estilo foto premium realista. Tema: organizador de banheiro sofisticado. Cenário: banheiro organizado com suporte de parede, nichos, porta-shampoo no box e poucos objetos aparentes. Usar paleta Chique Home: off-white, bege, madeira clara, taupe suave, preto fosco, luz quente, visual premium brasileiro. Criar imagem com o produto em destaque e título centralizado usando o nome do produto ou colecao: ""Organizador de Maquiagem Porta Pincel em Acrílico Giratório"". Visual premium, elegante, estilo Pinterest Brasil, sem lista e sem marcadores. Cupom PINTEREST10 discreto."
1006,Tapetes para cozinha,tapete de cozinha absorvente,product_in_environment,Tapete para Cozinha Antiderrapante Absorvente - Bege Areia,https://cdn.shopify.com/s/files/1/0864/2432/2353/files/Tapete_para_Cozinha_Antiderrapante_Absorvente_Bege_Areia_2.webp?v=1769546391,public/pinterest/final/pin-1006.png,"Pinterest Pin vertical 2:3, imagem bonita full-bleed, sem card, sem borda, estilo foto premium realista. Tema: tapete de cozinha absorvente. Cenário: cozinha moderna e funcional com passadeira ou tapete antiderrapante em destaque no piso, bancada organizada e luz natural. Usar paleta Chique Home: off-white, bege, madeira clara, taupe suave, preto fosco, luz quente, visual premium brasileiro. Aplicar visualmente o produto da Shopify em outro ambiente realista de forma natural. Produto: Tapete para Cozinha Antiderrapante Absorvente. Sem texto grande, foco em inspirar clique para compra."
1008,Tapetes para cozinha,passadeira para cozinha,environment_full_bleed,Tapete para Cozinha Antiderrapante Passadeira Absorvente - Bege,https://cdn.shopify.com/s/files/1/0864/2432/2353/files/Tapete_para_Cozinha_Antiderrapante_Passadeira_Absorvente_bege.webp?v=1745846307,public/pinterest/final/pin-1008.png,"Pinterest Pin vertical 2:3, imagem bonita full-bleed, sem card, sem borda, estilo foto premium realista. Tema: passadeira para cozinha. Cenário: cozinha moderna e funcional com passadeira ou tapete antiderrapante em destaque no piso, bancada organizada e luz natural. Usar paleta Chique Home: off-white, bege, madeira clara, taupe suave, preto fosco, luz quente, visual premium brasileiro. Criar um cenário inspiracional de ambiente, sem texto grande. A imagem precisa parecer resultado real de busca no Pinterest, bonita e clicável. Produto relacionado: Tapete para Cozinha Antiderrapante Passadeira Absorvente, aplicar apenas se fizer sentido natural."
1009,Tapetes para cozinha,tapete antiderrapante para cozinha,environment_title_overlay,Tapete para Cozinha Antiderrapante Absorvente - Nude,https://cdn.shopify.com/s/files/1/0864/2432/2353/files/Tapete_para_Cozinha_Antiderrapante_Absorvente_Nude.webp?v=1769546586,public/pinterest/final/pin-1009.png,"Pinterest Pin vertical 2:3, imagem bonita full-bleed, sem card, sem borda, estilo foto premium realista. Tema: tapete antiderrapante para cozinha. Cenário: cozinha moderna e funcional com passadeira ou tapete antiderrapante em destaque no piso, bancada organizada e luz natural. Usar paleta Chique Home: off-white, bege, madeira clara, taupe suave, preto fosco, luz quente, visual premium brasileiro. Criar cenário bonito com título centralizado, curto e clicável em português: ""Tapete antiderrapante para cozinha"". Texto elegante, alto contraste, estilo Pinterest Brasil, sem poluir. Cupom PINTEREST10 pequeno no canto inferior."
1010,Tapetes para cozinha,tapete cozinha bege,product_title_overlay,Tapete para Cozinha Antiderrapante Absorvente - Bege Areia,https://cdn.shopify.com/s/files/1/0864/2432/2353/files/Tapete_para_Cozinha_Antiderrapante_Absorvente_Bege_Areia_2.webp?v=1769546391,public/pinterest/final/pin-1010.png,"Pinterest Pin vertical 2:3, imagem bonita full-bleed, sem card, sem borda, estilo foto premium realista. Tema: tapete cozinha bege. Cenário: cozinha moderna e funcional com passadeira ou tapete antiderrapante em destaque no piso, bancada organizada e luz natural. Usar paleta Chique Home: off-white, bege, madeira clara, taupe suave, preto fosco, luz quente, visual premium brasileiro. Criar imagem com o produto em destaque e título centralizado usando o nome do produto ou colecao: ""Tapete para Cozinha Antiderrapante Absorvente"". Visual premium, elegante, estilo Pinterest Brasil, sem lista e sem marcadores. Cupom PINTEREST10 discreto."
1011,Quarto decorado,relogio de cabeceira,product_in_environment,Relógio de Mesa Digital Carregador Sem Fio e Luminária LED 3 em 1,http://chiquehome.com.br/cdn/shop/files/Relogio_de_Mesa_Digital_Carregador_Sem_Fio_Luminaria_LED_3.webp?v=1739673022,public/pinterest/final/pin-1011.png,"Pinterest Pin vertical 2:3, imagem bonita full-bleed, sem card, sem borda, estilo foto premium realista. Tema: relógio de cabeceira. Cenário: quarto de casal pequeno decorado, mesa de cabeceira organizada, relógio digital e tons neutros. Usar paleta Chique Home: off-white, bege, madeira clara, taupe suave, preto fosco, luz quente, visual premium brasileiro. Aplicar visualmente o produto da Shopify em outro ambiente realista de forma natural. Produto: Relógio de Mesa Digital Carregador Sem Fio e Luminária LED 3 em 1. Sem texto grande, foco em inspirar clique para compra."
1013,Quarto decorado,mesa de cabeceira organizada,environment_full_bleed,Relógio Digital de Mesa Despertador Redondo Branco,http://chiquehome.com.br/cdn/shop/files/Relogio_Digital_de_Mesa_Despertador_LED_Redondo_branco.webp?v=1761426162,public/pinterest/final/pin-1013.png,"Pinterest Pin vertical 2:3, imagem bonita full-bleed, sem card, sem borda, estilo foto premium realista. Tema: mesa de cabeceira organizada. Cenário: quarto de casal pequeno decorado, mesa de cabeceira organizada, relógio digital e tons neutros. Usar paleta Chique Home: off-white, bege, madeira clara, taupe suave, preto fosco, luz quente, visual premium brasileiro. Criar um cenário inspiracional de ambiente, sem texto grande. A imagem precisa parecer resultado real de busca no Pinterest, bonita e clicável. Produto relacionado: Relógio Digital de Mesa Despertador Redondo Branco, aplicar apenas se fizer sentido natural."
1014,Quarto decorado,relogio despertador digital,environment_title_overlay,Relógio de Mesa Digital Despertador Triangular Bege,http://chiquehome.com.br/cdn/shop/files/Relogio_Digital_de_Mesa_Despertador_LED_Triangular_bege_5.webp?v=1774525086,public/pinterest/final/pin-1014.png,"Pinterest Pin vertical 2:3, imagem bonita full-bleed, sem card, sem borda, estilo foto premium realista. Tema: relógio despertador digital. Cenário: quarto de casal pequeno decorado, mesa de cabeceira organizada, relógio digital e tons neutros. Usar paleta Chique Home: off-white, bege, madeira clara, taupe suave, preto fosco, luz quente, visual premium brasileiro. Criar cenário bonito com título centralizado, curto e clicável em português: ""Relógio despertador digital"". Texto elegante, alto contraste, estilo Pinterest Brasil, sem poluir. Cupom PINTEREST10 pequeno no canto inferior."
1015,Quarto decorado,relogio de mesa led,product_title_overlay,Relógio Digital de Mesa Despertador Redondo Branco,http://chiquehome.com.br/cdn/shop/files/Relogio_Digital_de_Mesa_Despertador_LED_Redondo_branco.webp?v=1761426162,public/pinterest/final/pin-1015.png,"Pinterest Pin vertical 2:3, imagem bonita full-bleed, sem card, sem borda, estilo foto premium realista. Tema: relógio de mesa led. Cenário: quarto de casal pequeno decorado, mesa de cabeceira organizada, relógio digital e tons neutros. Usar paleta Chique Home: off-white, bege, madeira clara, taupe suave, preto fosco, luz quente, visual premium brasileiro. Criar imagem com o produto em destaque e título centralizado usando o nome do produto ou colecao: ""Relógio Digital de Mesa Despertador Redondo Branco"". Visual premium, elegante, estilo Pinterest Brasil, sem lista e sem marcadores. Cupom PINTEREST10 discreto."
1016,Relogios de parede,relogio de parede lorenzzo wood,product_in_environment,Relógio de Parede Lorenzzo Wood,https://chiquehome.com.br/cdn/shop/files/Relogio_de_Parede_para_cozinha_sala_decorativo_moderno_marrom_Lorenzzo_Wood.webp?v=1782693565,public/pinterest/final/pin-1016.png,"Pinterest Pin vertical 2:3, imagem bonita full-bleed, sem card, sem borda, estilo foto premium realista. Tema: relógio de parede lorenzzo wood. Cenário: parede de sala ou cozinha com relógio decorativo grande, composição limpa e elegante. Usar paleta Chique Home: off-white, bege, madeira clara, taupe suave, preto fosco, luz quente, visual premium brasileiro. Aplicar visualmente o produto da Shopify em outro ambiente realista de forma natural. Produto: Relógio de Parede Lorenzzo Wood. Sem texto grande, foco em inspirar clique para compra."
1018,Relogios de parede,relogio de parede grande,environment_full_bleed,Relógio de Parede Lorenzzo Wood,https://chiquehome.com.br/cdn/shop/files/Relogio_de_Parede_para_cozinha_sala_decorativo_moderno_marrom_Lorenzzo_Wood.webp?v=1782693565,public/pinterest/final/pin-1018.png,"Pinterest Pin vertical 2:3, imagem bonita full-bleed, sem card, sem borda, estilo foto premium realista. Tema: relógio de parede grande. Cenário: parede de sala ou cozinha com relógio decorativo grande, composição limpa e elegante. Usar paleta Chique Home: off-white, bege, madeira clara, taupe suave, preto fosco, luz quente, visual premium brasileiro. Criar um cenário inspiracional de ambiente, sem texto grande. A imagem precisa parecer resultado real de busca no Pinterest, bonita e clicável. Produto relacionado: Relógio de Parede Lorenzzo Wood, aplicar apenas se fizer sentido natural."
1019,Relogios de parede,relogio de parede decorativo,environment_title_overlay,Relógio de Parede para Cozinha/Sala Grande Decorativo Sofisticado,https://cdn.shopify.com/s/files/1/0864/2432/2353/files/Relogio_de_Parede_para_Cozinha_Sala_Grande_Decorativo_Sofisticado_preto.webp?v=1758392862,public/pinterest/final/pin-1019.png,"Pinterest Pin vertical 2:3, imagem bonita full-bleed, sem card, sem borda, estilo foto premium realista. Tema: relógio de parede decorativo. Cenário: parede de sala ou cozinha com relógio decorativo grande, composição limpa e elegante. Usar paleta Chique Home: off-white, bege, madeira clara, taupe suave, preto fosco, luz quente, visual premium brasileiro. Criar cenário bonito com título centralizado, curto e clicável em português: ""Relógio de parede decorativo"". Texto elegante, alto contraste, estilo Pinterest Brasil, sem poluir. Cupom PINTEREST10 pequeno no canto inferior."
1020,Relogios de parede,relogio lorenzzo wood,product_title_overlay,Relógio de Parede Lorenzzo Wood,https://chiquehome.com.br/cdn/shop/files/Relogio_de_Parede_para_cozinha_sala_decorativo_moderno_marrom_Lorenzzo_Wood.webp?v=1782693565,public/pinterest/final/pin-1020.png,"Pinterest Pin vertical 2:3, imagem bonita full-bleed, sem card, sem borda, estilo foto premium realista. Tema: relógio lorenzzo wood. Cenário: parede de sala ou cozinha com relógio decorativo grande, composição limpa e elegante. Usar paleta Chique Home: off-white, bege, madeira clara, taupe suave, preto fosco, luz quente, visual premium brasileiro. Criar imagem com o produto em destaque e título centralizado usando o nome do produto ou colecao: ""Relógio de Parede Lorenzzo Wood"". Visual premium, elegante, estilo Pinterest Brasil, sem lista e sem marcadores. Cupom PINTEREST10 discreto."
1021,Iluminacao decorativa,iluminacao decorativa,product_in_environment,Arandela de Parede Externa/Interna Luminária LED Quadrada - Preta,https://cdn.shopify.com/s/files/1/0864/2432/2353/files/Arandela_de_Parede_Externa_Interna_Luminaria_LED_Quadrada_Preta_6.webp?v=1751328310,public/pinterest/final/pin-1021.png,"Pinterest Pin vertical 2:3, imagem bonita full-bleed, sem card, sem borda, estilo foto premium realista. Tema: iluminação decorativa. Cenário: ambiente interno com luminária decorativa acesa, luz aconchegante e decoração sofisticada. Usar paleta Chique Home: off-white, bege, madeira clara, taupe suave, preto fosco, luz quente, visual premium brasileiro. Aplicar visualmente o produto da Shopify em outro ambiente realista de forma natural. Produto: Arandela de Parede Externa/Interna Luminária LED Quadrada. Sem texto grande, foco em inspirar clique para compra."
1023,Iluminacao decorativa,luminaria para quarto,environment_full_bleed,Luminária de Teto para Sala/Quarto/Cozinha em LED Espiral - Branca,https://cdn.shopify.com/s/files/1/0864/2432/2353/files/Luminaria_de_Teto_para_Sala_Quarto_Cozinha_em_LED_branco_2.webp?v=1744760801,public/pinterest/final/pin-1023.png,"Pinterest Pin vertical 2:3, imagem bonita full-bleed, sem card, sem borda, estilo foto premium realista. Tema: luminária para quarto. Cenário: ambiente interno com luminária decorativa acesa, luz aconchegante e decoração sofisticada. Usar paleta Chique Home: off-white, bege, madeira clara, taupe suave, preto fosco, luz quente, visual premium brasileiro. Criar um cenário inspiracional de ambiente, sem texto grande. A imagem precisa parecer resultado real de busca no Pinterest, bonita e clicável. Produto relacionado: Luminária de Teto em LED Espiral, aplicar apenas se fizer sentido natural."
1024,Iluminacao decorativa,iluminacao para sala,environment_title_overlay,Lustre Pendente para Sala/Quarto/Cozinha Moderno LED Espiral - Dourado,https://cdn.shopify.com/s/files/1/0864/2432/2353/files/Lustre_Pendente_para_Sala_Quarto_Cozinha_Moderno_LED_Dourado.webp?v=1748190597,public/pinterest/final/pin-1024.png,"Pinterest Pin vertical 2:3, imagem bonita full-bleed, sem card, sem borda, estilo foto premium realista. Tema: iluminação para sala. Cenário: ambiente interno com luminária decorativa acesa, luz aconchegante e decoração sofisticada. Usar paleta Chique Home: off-white, bege, madeira clara, taupe suave, preto fosco, luz quente, visual premium brasileiro. Criar cenário bonito com título centralizado, curto e clicável em português: ""Iluminação para sala"". Texto elegante, alto contraste, estilo Pinterest Brasil, sem poluir. Cupom PINTEREST10 pequeno no canto inferior."
1025,Iluminacao decorativa,luminaria de teto,product_title_overlay,Luminária de Teto para Sala/Quarto/Cozinha em LED Espiral - Branca,https://cdn.shopify.com/s/files/1/0864/2432/2353/files/Luminaria_de_Teto_para_Sala_Quarto_Cozinha_em_LED_branco_2.webp?v=1744760801,public/pinterest/final/pin-1025.png,"Pinterest Pin vertical 2:3, imagem bonita full-bleed, sem card, sem borda, estilo foto premium realista. Tema: luminária de teto. Cenário: ambiente interno com luminária decorativa acesa, luz aconchegante e decoração sofisticada. Usar paleta Chique Home: off-white, bege, madeira clara, taupe suave, preto fosco, luz quente, visual premium brasileiro. Criar imagem com o produto em destaque e título centralizado usando o nome do produto ou colecao: ""Luminária de Teto em LED Espiral"". Visual premium, elegante, estilo Pinterest Brasil, sem lista e sem marcadores. Cupom PINTEREST10 discreto."
1026,Sala sofisticada,decoracao de sala,product_in_environment,Livro Caixa Decorativo Falso Moderno - Decoração,http://chiquehome.com.br/cdn/shop/files/Livro_Caixa_Decorativo_Falso_Moderno_Decoracao_sala_escritorio.webp?v=1777253342,public/pinterest/final/pin-1026.png,"Pinterest Pin vertical 2:3, imagem bonita full-bleed, sem card, sem borda, estilo foto premium realista. Tema: decoração de sala. Cenário: sala de estar sofisticada, sofá neutro, almofadas decorativas, relógio de parede e decoração elegante. Usar paleta Chique Home: off-white, bege, madeira clara, taupe suave, preto fosco, luz quente, visual premium brasileiro. Aplicar visualmente o produto da Shopify em outro ambiente realista de forma natural. Produto: Livro Caixa Decorativo Falso Moderno. Sem texto grande, foco em inspirar clique para compra."
1028,Sala sofisticada,sala de jantar decorada,environment_full_bleed,Capa para Cadeira de Jantar Impermeável Curva Decorativa,http://chiquehome.com.br/cdn/shop/files/capa-para-cadeira-de-jantar-impermeavel-curva-cinza-ciano.webp?v=1779658634,public/pinterest/final/pin-1028.png,"Pinterest Pin vertical 2:3, imagem bonita full-bleed, sem card, sem borda, estilo foto premium realista. Tema: sala de jantar decorada. Cenário: sala de estar sofisticada, sofá neutro, almofadas decorativas, relógio de parede e decoração elegante. Usar paleta Chique Home: off-white, bege, madeira clara, taupe suave, preto fosco, luz quente, visual premium brasileiro. Criar um cenário inspiracional de ambiente, sem texto grande. A imagem precisa parecer resultado real de busca no Pinterest, bonita e clicável. Produto relacionado: Capa para Cadeira de Jantar Impermeável Curva Decorativa, aplicar apenas se fizer sentido natural."
1029,Sala sofisticada,sala sofisticada,environment_title_overlay,Capa de Almofada de Tricô 45x45 para Sofá Decorativa de Luxo,http://chiquehome.com.br/cdn/shop/files/Capa_de_Almofada_de_Trico_45x45_para_Sofa_Decorativa_de_Luxo.webp?v=1729558953,public/pinterest/final/pin-1029.png,"Pinterest Pin vertical 2:3, imagem bonita full-bleed, sem card, sem borda, estilo foto premium realista. Tema: sala sofisticada. Cenário: sala de estar sofisticada, sofá neutro, almofadas decorativas, relógio de parede e decoração elegante. Usar paleta Chique Home: off-white, bege, madeira clara, taupe suave, preto fosco, luz quente, visual premium brasileiro. Criar cenário bonito com título centralizado, curto e clicável em português: ""Sala sofisticada"". Texto elegante, alto contraste, estilo Pinterest Brasil, sem poluir. Cupom PINTEREST10 pequeno no canto inferior."
1030,Sala sofisticada,decoracao mesa posta,product_title_overlay,Capa para Cadeira de Jantar Impermeável Curva Decorativa,http://chiquehome.com.br/cdn/shop/files/capa-para-cadeira-de-jantar-impermeavel-curva-cinza-ciano.webp?v=1779658634,public/pinterest/final/pin-1030.png,"Pinterest Pin vertical 2:3, imagem bonita full-bleed, sem card, sem borda, estilo foto premium realista. Tema: decoração mesa posta. Cenário: sala de estar sofisticada, sofá neutro, almofadas decorativas, relógio de parede e decoração elegante. Usar paleta Chique Home: off-white, bege, madeira clara, taupe suave, preto fosco, luz quente, visual premium brasileiro. Criar imagem com o produto em destaque e título centralizado usando o nome do produto ou colecao: ""Capa para Cadeira de Jantar Impermeável Curva Decorativa"". Visual premium, elegante, estilo Pinterest Brasil, sem lista e sem marcadores. Cupom PINTEREST10 discreto."
2002,Banheiro com cara de hotel,banheiro chique pequeno,product_in_environment,Porta-Escova de Dentes para Banheiro Chique,https://cdn.shopify.com/s/files/1/0864/2432/2353/files/Porta_Escova_de_Dentes_para_Banheiro_Chique_preto_e_branco.webp?v=1777216469,public/pinterest/final/pin-2002.png,"Pinterest Pin vertical 2:3, imagem bonita full-bleed, sem card, sem borda, estilo foto premium realista. Tema: banheiro chique pequeno. Cenário: banheiro pequeno sofisticado com metais modernos, parede clara, bancada limpa e detalhe elegante de organização. Usar paleta Chique Home: off-white, bege, madeira clara, taupe suave, preto fosco, luz quente, visual premium brasileiro. Aplicar visualmente o produto da Shopify em outro ambiente realista de forma natural. Produto: Porta-Escova de Dentes para Banheiro Chique. Sem texto grande, foco em inspirar clique para compra."
2003,Banheiro com cara de hotel,banheiro planejado,environment_title_overlay,Saboneteira para Banheiro Pia de Cerâmica Decoração,https://cdn.shopify.com/s/files/1/0864/2432/2353/files/Saboneteira_para_Banheiro_Pia_de_Ceramica_Decoracao_branco_verde.webp?v=1767733938,public/pinterest/final/pin-2003.png,"Pinterest Pin vertical 2:3, imagem bonita full-bleed, sem card, sem borda, estilo foto premium realista. Tema: banheiro planejado. Cenário: banheiro pequeno sofisticado com metais modernos, parede clara, bancada limpa e detalhe elegante de organização. Usar paleta Chique Home: off-white, bege, madeira clara, taupe suave, preto fosco, luz quente, visual premium brasileiro. Criar cenário bonito com título centralizado, curto e clicável em português: ""Banheiro planejado"". Texto elegante, alto contraste, estilo Pinterest Brasil, sem poluir. Cupom PINTEREST10 pequeno no canto inferior."
2012,Relogios de parede,sala de estar moderna,product_in_environment,Relógio de Parede Toscana Beige,https://cdn.shopify.com/s/files/1/0864/2432/2353/files/Relogio_de_Parede_para_Cozinha_Sala_Decorativo_Grande_Madeira_6.webp?v=1755914654,public/pinterest/final/pin-2012.png,"Pinterest Pin vertical 2:3, imagem bonita full-bleed, sem card, sem borda, estilo foto premium realista. Tema: sala de estar moderna. Cenário: parede de sala ou cozinha com relógio decorativo grande, composição limpa e elegante. Usar paleta Chique Home: off-white, bege, madeira clara, taupe suave, preto fosco, luz quente, visual premium brasileiro. Aplicar visualmente o produto da Shopify em outro ambiente realista de forma natural. Produto: Relógio de Parede Toscana Beige. Sem texto grande, foco em inspirar clique para compra."
2013,Relogios de parede,sala de estar de luxo,environment_title_overlay,Relógio de Parede Milano Gray,https://cdn.shopify.com/s/files/1/0864/2432/2353/files/Relogio_de_Parede_para_Cozinha_Sala_Grande_Decorativo_Elegante_cinza_2.webp?v=1755049525,public/pinterest/final/pin-2013.png,"Pinterest Pin vertical 2:3, imagem bonita full-bleed, sem card, sem borda, estilo foto premium realista. Tema: sala de estar de luxo. Cenário: parede de sala ou cozinha com relógio decorativo grande, composição limpa e elegante. Usar paleta Chique Home: off-white, bege, madeira clara, taupe suave, preto fosco, luz quente, visual premium brasileiro. Criar cenário bonito com título centralizado, curto e clicável em português: ""Sala de estar de luxo"". Texto elegante, alto contraste, estilo Pinterest Brasil, sem poluir. Cupom PINTEREST10 pequeno no canto inferior."
2017,Quarto decorado,quarto aconchegante,product_in_environment,Relógio de Mesa Digital Despertador Espelhado Prateado,https://cdn.shopify.com/s/files/1/0864/2432/2353/files/Relogio_de_Mesa_Digital_Decorativo_cabeceira_Despertador_prateado_LED_Espelhado.webp?v=1776438623,public/pinterest/final/pin-2017.png,"Pinterest Pin vertical 2:3, imagem bonita full-bleed, sem card, sem borda, estilo foto premium realista. Tema: quarto aconchegante. Cenário: quarto de casal pequeno decorado, mesa de cabeceira organizada, relógio digital e tons neutros. Usar paleta Chique Home: off-white, bege, madeira clara, taupe suave, preto fosco, luz quente, visual premium brasileiro. Aplicar visualmente o produto da Shopify em outro ambiente realista de forma natural. Produto: Relógio de Mesa Digital Despertador Espelhado Prateado. Sem texto grande, foco em inspirar clique para compra."
2018,Quarto decorado,quarto de casal,environment_title_overlay,Relógio de Mesa Digital Despertador Curvado Preto,https://cdn.shopify.com/s/files/1/0864/2432/2353/files/Relogio_Digital_de_Mesa_Despertador_LED_Curvado_preto.webp?v=1767982383,public/pinterest/final/pin-2018.png,"Pinterest Pin vertical 2:3, imagem bonita full-bleed, sem card, sem borda, estilo foto premium realista. Tema: quarto de casal. Cenário: quarto de casal pequeno decorado, mesa de cabeceira organizada, relógio digital e tons neutros. Usar paleta Chique Home: off-white, bege, madeira clara, taupe suave, preto fosco, luz quente, visual premium brasileiro. Criar cenário bonito com título centralizado, curto e clicável em português: ""Quarto de casal"". Texto elegante, alto contraste, estilo Pinterest Brasil, sem poluir. Cupom PINTEREST10 pequeno no canto inferior."
2022,Escritório em casa,escritório elegante,product_in_environment,Luminária de Mesa LED Touch para Quarto Sala,https://cdn.shopify.com/s/files/1/0864/2432/2353/files/Abajur_Luminaria_de_Mesa_LED_Touch_para_Quarto_Sala_branca.png?v=1744942658,public/pinterest/final/pin-2022.png,"Pinterest Pin vertical 2:3, imagem bonita full-bleed, sem card, sem borda, estilo foto premium realista. Tema: escritório elegante. Cenário: home office organizado, mesa clara, luminária, porta-canetas e pequenos objetos decorativos. Usar paleta Chique Home: off-white, bege, madeira clara, taupe suave, preto fosco, luz quente, visual premium brasileiro. Aplicar visualmente o produto da Shopify em outro ambiente realista de forma natural. Produto: Luminária de Mesa LED Touch para Quarto Sala. Sem texto grande, foco em inspirar clique para compra."
2023,Escritório em casa,escritório moderno,environment_title_overlay,Arandela de Parede Interna para Quarto Sala Dourada LED Pássaro,https://cdn.shopify.com/s/files/1/0864/2432/2353/files/Arandela_de_Parede_Interna_para_Quarto_Sala_Dourada_LED_Passaro.webp?v=1781180308,public/pinterest/final/pin-2023.png,"Pinterest Pin vertical 2:3, imagem bonita full-bleed, sem card, sem borda, estilo foto premium realista. Tema: escritório moderno. Cenário: home office organizado, mesa clara, luminária, porta-canetas e pequenos objetos decorativos. Usar paleta Chique Home: off-white, bege, madeira clara, taupe suave, preto fosco, luz quente, visual premium brasileiro. Criar cenário bonito com título centralizado, curto e clicável em português: ""Escritório moderno"". Texto elegante, alto contraste, estilo Pinterest Brasil, sem poluir. Cupom PINTEREST10 pequeno no canto inferior."
2027,Sala sofisticada,sala de jantar elegante,product_in_environment,Escultura Decorativa O Leitor Estatueta,https://cdn.shopify.com/s/files/1/0864/2432/2353/files/Escultura_Decorativa_O_Leitor_Estatueta_Decoracao_branca.webp?v=1767988605,public/pinterest/final/pin-2027.png,"Pinterest Pin vertical 2:3, imagem bonita full-bleed, sem card, sem borda, estilo foto premium realista. Tema: sala de jantar elegante. Cenário: sala de estar sofisticada, sofá neutro, almofadas decorativas, relógio de parede e decoração elegante. Usar paleta Chique Home: off-white, bege, madeira clara, taupe suave, preto fosco, luz quente, visual premium brasileiro. Aplicar visualmente o produto da Shopify em outro ambiente realista de forma natural. Produto: Escultura Decorativa O Leitor Estatueta. Sem texto grande, foco em inspirar clique para compra."
2028,Sala sofisticada,sala de estar elegante,environment_title_overlay,Capa de Almofada 45x45 para Sofá Horse Decorativa de Luxo,https://cdn.shopify.com/s/files/1/0864/2432/2353/files/Capa_de_Almofada_45x45_para_Sofa_Decorativa_de_Luxo_Horse.webp?v=1749410097,public/pinterest/final/pin-2028.png,"Pinterest Pin vertical 2:3, imagem bonita full-bleed, sem card, sem borda, estilo foto premium realista. Tema: sala de estar elegante. Cenário: sala de estar sofisticada, sofá neutro, almofadas decorativas, relógio de parede e decoração elegante. Usar paleta Chique Home: off-white, bege, madeira clara, taupe suave, preto fosco, luz quente, visual premium brasileiro. Criar cenário bonito com título centralizado, curto e clicável em português: ""Sala de estar elegante"". Texto elegante, alto contraste, estilo Pinterest Brasil, sem poluir. Cupom PINTEREST10 pequeno no canto inferior."
2032,Organização e prateleiras,closets de luxo,product_in_environment,Organizador de Bolsas em Acrílico com Divisórias,https://cdn.shopify.com/s/files/1/0864/2432/2353/files/Organizador_de_Bolsas_em_Acrilico_Com_Divisorias.webp?v=1729258170,public/pinterest/final/pin-2032.png,"Pinterest Pin vertical 2:3, imagem bonita full-bleed, sem card, sem borda, estilo foto premium realista. Tema: closets de luxo. Cenário: prateleiras organizadas com potes, caixas e objetos de decoração em ambiente pequeno. Usar paleta Chique Home: off-white, bege, madeira clara, taupe suave, preto fosco, luz quente, visual premium brasileiro. Aplicar visualmente o produto da Shopify em outro ambiente realista de forma natural. Produto: Organizador de Bolsas em Acrílico com Divisórias. Sem texto grande, foco em inspirar clique para compra."
2033,Organização e prateleiras,closets modernos,environment_title_overlay,Organizador de Sapatos Ajustavel com Camada Dupla,https://cdn.shopify.com/s/files/1/0864/2432/2353/files/Organizador_Sapatos_Calcados_Ajustavel.webp?v=1754403241,public/pinterest/final/pin-2033.png,"Pinterest Pin vertical 2:3, imagem bonita full-bleed, sem card, sem borda, estilo foto premium realista. Tema: closets modernos. Cenário: prateleiras organizadas com potes, caixas e objetos de decoração em ambiente pequeno. Usar paleta Chique Home: off-white, bege, madeira clara, taupe suave, preto fosco, luz quente, visual premium brasileiro. Criar cenário bonito com título centralizado, curto e clicável em português: ""Closets modernos"". Texto elegante, alto contraste, estilo Pinterest Brasil, sem poluir. Cupom PINTEREST10 pequeno no canto inferior."
2038,Banheiro organizado,banheiro pequeno organizado,environment_title_overlay,Porta-Papel Higiênico de Parede Moderno Duplo para Banheiro - Preto,https://chiquehome.com.br/cdn/shop/files/porta-papel-higienico-de-parede-para-banheiro-moderno-duplo-preto-detalhe_b1ef1b65-37fb-4c5b-bc3d-e9cba60dce50.jpg?v=1783619178,public/pinterest/final/pin-2038.png,"Pinterest Pin vertical 2:3, imagem bonita full-bleed, sem card, sem borda, estilo foto premium realista. Tema: banheiro pequeno organizado. Cenário: banheiro organizado com suporte de parede, nichos, porta-shampoo no box e poucos objetos aparentes. Usar paleta Chique Home: off-white, bege, madeira clara, taupe suave, preto fosco, luz quente, visual premium brasileiro. Criar cenário bonito com título centralizado, curto e clicável em português: ""Banheiro pequeno organizado"". Texto elegante, alto contraste, estilo Pinterest Brasil, sem poluir. Cupom PINTEREST10 pequeno no canto inferior."
2039,Banheiro com cara de hotel,banheiro com cara de hotel,product_in_environment,Porta-Papel Higiênico de Parede Moderno Duplo para Banheiro - Preto,https://chiquehome.com.br/cdn/shop/files/porta-papel-higienico-de-parede-para-banheiro-moderno-duplo-preto-detalhe_b1ef1b65-37fb-4c5b-bc3d-e9cba60dce50.jpg?v=1783619178,public/pinterest/final/pin-2039.png,"Pinterest Pin vertical 2:3, imagem bonita full-bleed, sem card, sem borda, estilo foto premium realista. Tema: banheiro com cara de hotel. Cenário: banheiro pequeno sofisticado com metais modernos, parede clara, bancada limpa e detalhe elegante de organização. Usar paleta Chique Home: off-white, bege, madeira clara, taupe suave, preto fosco, luz quente, visual premium brasileiro. Aplicar visualmente o produto da Shopify em outro ambiente realista de forma natural. Produto: Porta-Papel Higiênico de Parede Moderno Duplo para Banheiro. Sem texto grande, foco em inspirar clique para compra."
2040,Banheiro com cara de hotel,banheiro decorado,listicle_idea_overlay,Porta-Papel Higiênico de Parede Moderno Duplo para Banheiro - Preto,https://chiquehome.com.br/cdn/shop/files/porta-papel-higienico-de-parede-para-banheiro-moderno-duplo-preto-detalhe_b1ef1b65-37fb-4c5b-bc3d-e9cba60dce50.jpg?v=1783619178,public/pinterest/final/pin-2040.png,"Pinterest Pin vertical 2:3, imagem bonita full-bleed, sem card, sem borda, estilo foto premium realista. Tema: banheiro decorado. Cenário: banheiro pequeno sofisticado com metais modernos, parede clara, bancada limpa e detalhe elegante de organização. Usar paleta Chique Home: off-white, bege, madeira clara, taupe suave, preto fosco, luz quente, visual premium brasileiro. Criar imagem com produto ou ambiente em destaque, visual premium realista e clicável. Produto relacionado: Porta-Papel Higiênico de Parede Moderno Duplo para Banheiro."
2041,Banheiro com cara de hotel,banheiro pequeno decorado,environment_full_bleed,Porta-Papel Higiênico de Parede Moderno Duplo para Banheiro - Preto,https://chiquehome.com.br/cdn/shop/files/porta-papel-higienico-de-parede-para-banheiro-moderno-duplo-preto-detalhe_b1ef1b65-37fb-4c5b-bc3d-e9cba60dce50.jpg?v=1783619178,public/pinterest/final/pin-2041.png,"Pinterest Pin vertical 2:3, imagem bonita full-bleed, sem card, sem borda, estilo foto premium realista. Tema: banheiro pequeno decorado. Cenário: banheiro pequeno sofisticado com metais modernos, parede clara, bancada limpa e detalhe elegante de organização. Usar paleta Chique Home: off-white, bege, madeira clara, taupe suave, preto fosco, luz quente, visual premium brasileiro. Criar um cenário inspiracional de ambiente, sem texto grande. A imagem precisa parecer resultado real de busca no Pinterest, bonita e clicável. Produto relacionado: Porta-Papel Higiênico de Parede Moderno Duplo para Banheiro, aplicar apenas se fizer sentido natural."
2043,Banheiro com cara de hotel,banheiro com cara de hotel,environment_title_overlay,Porta-Papel Higiênico de Parede Moderno Duplo para Banheiro - Preto,https://chiquehome.com.br/cdn/shop/files/porta-papel-higienico-de-parede-para-banheiro-moderno-duplo-preto-detalhe_b1ef1b65-37fb-4c5b-bc3d-e9cba60dce50.jpg?v=1783619178,public/pinterest/final/pin-2043.png,"Pinterest Pin vertical 2:3, imagem bonita full-bleed, sem card, sem borda, estilo foto premium realista. Tema: banheiro com cara de hotel. Cenário: banheiro pequeno sofisticado com metais modernos, parede clara, bancada limpa e detalhe elegante de organização. Usar paleta Chique Home: off-white, bege, madeira clara, taupe suave, preto fosco, luz quente, visual premium brasileiro. Criar cenário bonito com título centralizado, curto e clicável em português: ""Banheiro com cara de hotel"". Texto elegante, alto contraste, estilo Pinterest Brasil, sem poluir. Cupom PINTEREST10 pequeno no canto inferior."
2044,Banheiro com cara de hotel,lavabo decorado,product_in_environment,Porta-Papel Higiênico de Parede Moderno Duplo para Banheiro - Preto,https://chiquehome.com.br/cdn/shop/files/porta-papel-higienico-de-parede-para-banheiro-moderno-duplo-preto-detalhe_b1ef1b65-37fb-4c5b-bc3d-e9cba60dce50.jpg?v=1783619178,public/pinterest/final/pin-2044.png,"Pinterest Pin vertical 2:3, imagem bonita full-bleed, sem card, sem borda, estilo foto premium realista. Tema: lavabo decorado. Cenário: banheiro pequeno sofisticado com metais modernos, parede clara, bancada limpa e detalhe elegante de organização. Usar paleta Chique Home: off-white, bege, madeira clara, taupe suave, preto fosco, luz quente, visual premium brasileiro. Aplicar visualmente o produto da Shopify em outro ambiente realista de forma natural. Produto: Porta-Papel Higiênico de Parede Moderno Duplo para Banheiro. Sem texto grande, foco em inspirar clique para compra."
2045,Banheiro organizado,penteadeira,listicle_idea_overlay,Porta-Papel Higiênico de Parede Moderno Duplo para Banheiro - Preto,https://chiquehome.com.br/cdn/shop/files/porta-papel-higienico-de-parede-para-banheiro-moderno-duplo-preto-detalhe_b1ef1b65-37fb-4c5b-bc3d-e9cba60dce50.jpg?v=1783619178,public/pinterest/final/pin-2045.png,"Pinterest Pin vertical 2:3, imagem bonita full-bleed, sem card, sem borda, estilo foto premium realista. Tema: penteadeira. Cenário: banheiro organizado com suporte de parede, nichos, porta-shampoo no box e poucos objetos aparentes. Usar paleta Chique Home: off-white, bege, madeira clara, taupe suave, preto fosco, luz quente, visual premium brasileiro. Criar imagem com produto ou ambiente em destaque, visual premium realista e clicável. Produto relacionado: Porta-Papel Higiênico de Parede Moderno Duplo para Banheiro."
2048,Banheiro organizado,banheiro pequeno organizado,environment_title_overlay,Porta-Papel Higiênico de Parede Moderno para Banheiro - Dourado,https://cdn.shopify.com/s/files/1/0864/2432/2353/files/Porta_Papel_Higienico_de_Parede_moderno_para_Banheiro_Dourado.webp?v=1779417252,public/pinterest/final/pin-2048.png,"Pinterest Pin vertical 2:3, imagem bonita full-bleed, sem card, sem borda, estilo foto premium realista. Tema: banheiro pequeno organizado. Cenário: banheiro organizado com suporte de parede, nichos, porta-shampoo no box e poucos objetos aparentes. Usar paleta Chique Home: off-white, bege, madeira clara, taupe suave, preto fosco, luz quente, visual premium brasileiro. Criar cenário bonito com título centralizado, curto e clicável em português: ""Banheiro pequeno organizado"". Texto elegante, alto contraste, estilo Pinterest Brasil, sem poluir. Cupom PINTEREST10 pequeno no canto inferior."
2049,Banheiro com cara de hotel,banheiro com cara de hotel,product_in_environment,Porta-Papel Higiênico de Parede Moderno para Banheiro - Dourado,https://cdn.shopify.com/s/files/1/0864/2432/2353/files/Porta_Papel_Higienico_de_Parede_moderno_para_Banheiro_Dourado.webp?v=1779417252,public/pinterest/final/pin-2049.png,"Pinterest Pin vertical 2:3, imagem bonita full-bleed, sem card, sem borda, estilo foto premium realista. Tema: banheiro com cara de hotel. Cenário: banheiro pequeno sofisticado com metais modernos, parede clara, bancada limpa e detalhe elegante de organização. Usar paleta Chique Home: off-white, bege, madeira clara, taupe suave, preto fosco, luz quente, visual premium brasileiro. Aplicar visualmente o produto da Shopify em outro ambiente realista de forma natural. Produto: Porta-Papel Higiênico de Parede Moderno para Banheiro. Sem texto grande, foco em inspirar clique para compra."
2050,Banheiro com cara de hotel,banheiro decorado,listicle_idea_overlay,Porta-Papel Higiênico de Parede Moderno para Banheiro - Dourado,https://cdn.shopify.com/s/files/1/0864/2432/2353/files/Porta_Papel_Higienico_de_Parede_moderno_para_Banheiro_Dourado.webp?v=1779417252,public/pinterest/final/pin-2050.png,"Pinterest Pin vertical 2:3, imagem bonita full-bleed, sem card, sem borda, estilo foto premium realista. Tema: banheiro decorado. Cenário: banheiro pequeno sofisticado com metais modernos, parede clara, bancada limpa e detalhe elegante de organização. Usar paleta Chique Home: off-white, bege, madeira clara, taupe suave, preto fosco, luz quente, visual premium brasileiro. Criar imagem com produto ou ambiente em destaque, visual premium realista e clicável. Produto relacionado: Porta-Papel Higiênico de Parede Moderno para Banheiro."
2051,Banheiro com cara de hotel,banheiro pequeno decorado,environment_full_bleed,Porta-Papel Higiênico de Parede Moderno para Banheiro - Dourado,https://cdn.shopify.com/s/files/1/0864/2432/2353/files/Porta_Papel_Higienico_de_Parede_moderno_para_Banheiro_Dourado.webp?v=1779417252,public/pinterest/final/pin-2051.png,"Pinterest Pin vertical 2:3, imagem bonita full-bleed, sem card, sem borda, estilo foto premium realista. Tema: banheiro pequeno decorado. Cenário: banheiro pequeno sofisticado com metais modernos, parede clara, bancada limpa e detalhe elegante de organização. Usar paleta Chique Home: off-white, bege, madeira clara, taupe suave, preto fosco, luz quente, visual premium brasileiro. Criar um cenário inspiracional de ambiente, sem texto grande. A imagem precisa parecer resultado real de busca no Pinterest, bonita e clicável. Produto relacionado: Porta-Papel Higiênico de Parede Moderno para Banheiro, aplicar apenas se fizer sentido natural."
2053,Banheiro com cara de hotel,banheiro com cara de hotel,environment_title_overlay,Porta-Papel Higiênico de Parede Moderno para Banheiro - Dourado,https://cdn.shopify.com/s/files/1/0864/2432/2353/files/Porta_Papel_Higienico_de_Parede_moderno_para_Banheiro_Dourado.webp?v=1779417252,public/pinterest/final/pin-2053.png,"Pinterest Pin vertical 2:3, imagem bonita full-bleed, sem card, sem borda, estilo foto premium realista. Tema: banheiro com cara de hotel. Cenário: banheiro pequeno sofisticado com metais modernos, parede clara, bancada limpa e detalhe elegante de organização. Usar paleta Chique Home: off-white, bege, madeira clara, taupe suave, preto fosco, luz quente, visual premium brasileiro. Criar cenário bonito com título centralizado, curto e clicável em português: ""Banheiro com cara de hotel"". Texto elegante, alto contraste, estilo Pinterest Brasil, sem poluir. Cupom PINTEREST10 pequeno no canto inferior."
2054,Banheiro com cara de hotel,lavabo decorado,product_in_environment,Porta-Papel Higiênico de Parede Moderno para Banheiro - Dourado,https://cdn.shopify.com/s/files/1/0864/2432/2353/files/Porta_Papel_Higienico_de_Parede_moderno_para_Banheiro_Dourado.webp?v=1779417252,public/pinterest/final/pin-2054.png,"Pinterest Pin vertical 2:3, imagem bonita full-bleed, sem card, sem borda, estilo foto premium realista. Tema: lavabo decorado. Cenário: banheiro pequeno sofisticado com metais modernos, parede clara, bancada limpa e detalhe elegante de organização. Usar paleta Chique Home: off-white, bege, madeira clara, taupe suave, preto fosco, luz quente, visual premium brasileiro. Aplicar visualmente o produto da Shopify em outro ambiente realista de forma natural. Produto: Porta-Papel Higiênico de Parede Moderno para Banheiro. Sem texto grande, foco em inspirar clique para compra."
2055,Banheiro organizado,penteadeira,listicle_idea_overlay,Porta-Papel Higiênico de Parede Moderno para Banheiro - Dourado,https://cdn.shopify.com/s/files/1/0864/2432/2353/files/Porta_Papel_Higienico_de_Parede_moderno_para_Banheiro_Dourado.webp?v=1779417252,public/pinterest/final/pin-2055.png,"Pinterest Pin vertical 2:3, imagem bonita full-bleed, sem card, sem borda, estilo foto premium realista. Tema: penteadeira. Cenário: banheiro organizado com suporte de parede, nichos, porta-shampoo no box e poucos objetos aparentes. Usar paleta Chique Home: off-white, bege, madeira clara, taupe suave, preto fosco, luz quente, visual premium brasileiro. Criar imagem com produto ou ambiente em destaque, visual premium realista e clicável. Produto relacionado: Porta-Papel Higiênico de Parede Moderno para Banheiro."
2056,Cozinha elegante,projeto de cozinha,environment_full_bleed,Tapete para Cozinha Antiderrapante Absorvente - Nude,https://cdn.shopify.com/s/files/1/0864/2432/2353/files/Tapete_para_Cozinha_Antiderrapante_Absorvente_Nude.webp?v=1769546586,public/pinterest/final/pin-2056.png,"Pinterest Pin vertical 2:3, imagem bonita full-bleed, sem card, sem borda, estilo foto premium realista. Tema: projeto de cozinha. Cenário: cozinha pequena organizada, clean, clara, armários planejados, bancada livre, potes organizadores, bandeja decorativa, tapete de cozinha discreto. Usar paleta Chique Home: off-white, bege, madeira clara, taupe suave, preto fosco, luz quente, visual premium brasileiro. Criar um cenário inspiracional de ambiente, sem texto grande. A imagem precisa parecer resultado real de busca no Pinterest, bonita e clicável. Produto relacionado: Tapete para Cozinha Antiderrapante Absorvente, aplicar apenas se fizer sentido natural."
2058,Tapetes para cozinha,tapete cozinha antiderrapante,environment_title_overlay,Tapete para Cozinha Antiderrapante Absorvente - Nude,https://cdn.shopify.com/s/files/1/0864/2432/2353/files/Tapete_para_Cozinha_Antiderrapante_Absorvente_Nude.webp?v=1769546586,public/pinterest/final/pin-2058.png,"Pinterest Pin vertical 2:3, imagem bonita full-bleed, sem card, sem borda, estilo foto premium realista. Tema: tapete cozinha antiderrapante. Cenário: cozinha moderna e funcional com passadeira ou tapete antiderrapante em destaque no piso, bancada organizada e luz natural. Usar paleta Chique Home: off-white, bege, madeira clara, taupe suave, preto fosco, luz quente, visual premium brasileiro. Criar cenário bonito com título centralizado, curto e clicável em português: ""Tapete cozinha antiderrapante"". Texto elegante, alto contraste, estilo Pinterest Brasil, sem poluir. Cupom PINTEREST10 pequeno no canto inferior."
2059,Tapetes para cozinha,tapete de cozinha absorvente,product_in_environment,Tapete para Cozinha Antiderrapante Absorvente - Nude,https://cdn.shopify.com/s/files/1/0864/2432/2353/files/Tapete_para_Cozinha_Antiderrapante_Absorvente_Nude.webp?v=1769546586,public/pinterest/final/pin-2059.png,"Pinterest Pin vertical 2:3, imagem bonita full-bleed, sem card, sem borda, estilo foto premium realista. Tema: tapete de cozinha absorvente. Cenário: cozinha moderna e funcional com passadeira ou tapete antiderrapante em destaque no piso, bancada organizada e luz natural. Usar paleta Chique Home: off-white, bege, madeira clara, taupe suave, preto fosco, luz quente, visual premium brasileiro. Aplicar visualmente o produto da Shopify em outro ambiente realista de forma natural. Produto: Tapete para Cozinha Antiderrapante Absorvente. Sem texto grande, foco em inspirar clique para compra."
2060,Tapetes para cozinha,passadeira para cozinha,listicle_idea_overlay,Tapete para Cozinha Antiderrapante Absorvente - Nude,https://cdn.shopify.com/s/files/1/0864/2432/2353/files/Tapete_para_Cozinha_Antiderrapante_Absorvente_Nude.webp?v=1769546586,public/pinterest/final/pin-2060.png,"Pinterest Pin vertical 2:3, imagem bonita full-bleed, sem card, sem borda, estilo foto premium realista. Tema: passadeira para cozinha. Cenário: cozinha moderna e funcional com passadeira ou tapete antiderrapante em destaque no piso, bancada organizada e luz natural. Usar paleta Chique Home: off-white, bege, madeira clara, taupe suave, preto fosco, luz quente, visual premium brasileiro. Criar imagem com produto ou ambiente em destaque, visual premium realista e clicável. Produto relacionado: Tapete para Cozinha Antiderrapante Absorvente."
2063,Cozinha elegante,cozinha organizada,environment_title_overlay,Tapete para Cozinha Antiderrapante Absorvente - Nude,https://cdn.shopify.com/s/files/1/0864/2432/2353/files/Tapete_para_Cozinha_Antiderrapante_Absorvente_Nude.webp?v=1769546586,public/pinterest/final/pin-2063.png,"Pinterest Pin vertical 2:3, imagem bonita full-bleed, sem card, sem borda, estilo foto premium realista. Tema: cozinha organizada. Cenário: cozinha pequena organizada, clean, clara, armários planejados, bancada livre, potes organizadores, bandeja decorativa, tapete de cozinha discreto. Usar paleta Chique Home: off-white, bege, madeira clara, taupe suave, preto fosco, luz quente, visual premium brasileiro. Criar cenário bonito com título centralizado, curto e clicável em português: ""Cozinha organizada"". Texto elegante, alto contraste, estilo Pinterest Brasil, sem poluir. Cupom PINTEREST10 pequeno no canto inferior."
2064,Cozinha elegante,cozinha pequena organizada,product_in_environment,Tapete para Cozinha Antiderrapante Absorvente - Nude,https://cdn.shopify.com/s/files/1/0864/2432/2353/files/Tapete_para_Cozinha_Antiderrapante_Absorvente_Nude.webp?v=1769546586,public/pinterest/final/pin-2064.png,"Pinterest Pin vertical 2:3, imagem bonita full-bleed, sem card, sem borda, estilo foto premium realista. Tema: cozinha pequena organizada. Cenário: cozinha pequena organizada, clean, clara, armários planejados, bancada livre, potes organizadores, bandeja decorativa, tapete de cozinha discreto. Usar paleta Chique Home: off-white, bege, madeira clara, taupe suave, preto fosco, luz quente, visual premium brasileiro. Aplicar visualmente o produto da Shopify em outro ambiente realista de forma natural. Produto: Tapete para Cozinha Antiderrapante Absorvente. Sem texto grande, foco em inspirar clique para compra."
2065,Cozinha elegante,cozinha decorada simples,listicle_idea_overlay,Tapete para Cozinha Antiderrapante Absorvente - Nude,https://cdn.shopify.com/s/files/1/0864/2432/2353/files/Tapete_para_Cozinha_Antiderrapante_Absorvente_Nude.webp?v=1769546586,public/pinterest/final/pin-2065.png,"Pinterest Pin vertical 2:3, imagem bonita full-bleed, sem card, sem borda, estilo foto premium realista. Tema: cozinha decorada simples. Cenário: cozinha pequena organizada, clean, clara, armários planejados, bancada livre, potes organizadores, bandeja decorativa, tapete de cozinha discreto. Usar paleta Chique Home: off-white, bege, madeira clara, taupe suave, preto fosco, luz quente, visual premium brasileiro. Criar imagem com produto ou ambiente em destaque, visual premium realista e clicável. Produto relacionado: Tapete para Cozinha Antiderrapante Absorvente."
2066,Cozinha elegante,projeto de cozinha,environment_full_bleed,Tapete para Cozinha Antiderrapante Absorvente - Bege Areia,https://cdn.shopify.com/s/files/1/0864/2432/2353/files/Tapete_para_Cozinha_Antiderrapante_Absorvente_Bege_Areia_2.webp?v=1769546391,public/pinterest/final/pin-2066.png,"Pinterest Pin vertical 2:3, imagem bonita full-bleed, sem card, sem borda, estilo foto premium realista. Tema: projeto de cozinha. Cenário: cozinha pequena organizada, clean, clara, armários planejados, bancada livre, potes organizadores, bandeja decorativa, tapete de cozinha discreto. Usar paleta Chique Home: off-white, bege, madeira clara, taupe suave, preto fosco, luz quente, visual premium brasileiro. Criar um cenário inspiracional de ambiente, sem texto grande. A imagem precisa parecer resultado real de busca no Pinterest, bonita e clicável. Produto relacionado: Tapete para Cozinha Antiderrapante Absorvente, aplicar apenas se fizer sentido natural."
2068,Tapetes para cozinha,tapete cozinha antiderrapante,environment_title_overlay,Tapete para Cozinha Antiderrapante Absorvente - Bege Areia,https://cdn.shopify.com/s/files/1/0864/2432/2353/files/Tapete_para_Cozinha_Antiderrapante_Absorvente_Bege_Areia_2.webp?v=1769546391,public/pinterest/final/pin-2068.png,"Pinterest Pin vertical 2:3, imagem bonita full-bleed, sem card, sem borda, estilo foto premium realista. Tema: tapete cozinha antiderrapante. Cenário: cozinha moderna e funcional com passadeira ou tapete antiderrapante em destaque no piso, bancada organizada e luz natural. Usar paleta Chique Home: off-white, bege, madeira clara, taupe suave, preto fosco, luz quente, visual premium brasileiro. Criar cenário bonito com título centralizado, curto e clicável em português: ""Tapete cozinha antiderrapante"". Texto elegante, alto contraste, estilo Pinterest Brasil, sem poluir. Cupom PINTEREST10 pequeno no canto inferior."
2069,Tapetes para cozinha,tapete de cozinha absorvente,product_in_environment,Tapete para Cozinha Antiderrapante Absorvente - Bege Areia,https://cdn.shopify.com/s/files/1/0864/2432/2353/files/Tapete_para_Cozinha_Antiderrapante_Absorvente_Bege_Areia_2.webp?v=1769546391,public/pinterest/final/pin-2069.png,"Pinterest Pin vertical 2:3, imagem bonita full-bleed, sem card, sem borda, estilo foto premium realista. Tema: tapete de cozinha absorvente. Cenário: cozinha moderna e funcional com passadeira ou tapete antiderrapante em destaque no piso, bancada organizada e luz natural. Usar paleta Chique Home: off-white, bege, madeira clara, taupe suave, preto fosco, luz quente, visual premium brasileiro. Aplicar visualmente o produto da Shopify em outro ambiente realista de forma natural. Produto: Tapete para Cozinha Antiderrapante Absorvente. Sem texto grande, foco em inspirar clique para compra."
2070,Tapetes para cozinha,tapete cozinha bege,listicle_idea_overlay,Tapete para Cozinha Antiderrapante Absorvente - Bege Areia,https://cdn.shopify.com/s/files/1/0864/2432/2353/files/Tapete_para_Cozinha_Antiderrapante_Absorvente_Bege_Areia_2.webp?v=1769546391,public/pinterest/final/pin-2070.png,"Pinterest Pin vertical 2:3, imagem bonita full-bleed, sem card, sem borda, estilo foto premium realista. Tema: tapete cozinha bege. Cenário: cozinha moderna e funcional com passadeira ou tapete antiderrapante em destaque no piso, bancada organizada e luz natural. Usar paleta Chique Home: off-white, bege, madeira clara, taupe suave, preto fosco, luz quente, visual premium brasileiro. Criar imagem com produto ou ambiente em destaque, visual premium realista e clicável. Produto relacionado: Tapete para Cozinha Antiderrapante Absorvente."
2073,Cozinha elegante,cozinha pequena organizada,environment_title_overlay,Tapete para Cozinha Antiderrapante Absorvente - Bege Areia,https://cdn.shopify.com/s/files/1/0864/2432/2353/files/Tapete_para_Cozinha_Antiderrapante_Absorvente_Bege_Areia_2.webp?v=1769546391,public/pinterest/final/pin-2073.png,"Pinterest Pin vertical 2:3, imagem bonita full-bleed, sem card, sem borda, estilo foto premium realista. Tema: cozinha pequena organizada. Cenário: cozinha pequena organizada, clean, clara, armários planejados, bancada livre, potes organizadores, bandeja decorativa, tapete de cozinha discreto. Usar paleta Chique Home: off-white, bege, madeira clara, taupe suave, preto fosco, luz quente, visual premium brasileiro. Criar cenário bonito com título centralizado, curto e clicável em português: ""Cozinha pequena organizada"". Texto elegante, alto contraste, estilo Pinterest Brasil, sem poluir. Cupom PINTEREST10 pequeno no canto inferior."
2074,Cozinha elegante,cozinha decorada simples,product_in_environment,Tapete para Cozinha Antiderrapante Absorvente - Bege Areia,https://cdn.shopify.com/s/files/1/0864/2432/2353/files/Tapete_para_Cozinha_Antiderrapante_Absorvente_Bege_Areia_2.webp?v=1769546391,public/pinterest/final/pin-2074.png,"Pinterest Pin vertical 2:3, imagem bonita full-bleed, sem card, sem borda, estilo foto premium realista. Tema: cozinha decorada simples. Cenário: cozinha pequena organizada, clean, clara, armários planejados, bancada livre, potes organizadores, bandeja decorativa, tapete de cozinha discreto. Usar paleta Chique Home: off-white, bege, madeira clara, taupe suave, preto fosco, luz quente, visual premium brasileiro. Aplicar visualmente o produto da Shopify em outro ambiente realista de forma natural. Produto: Tapete para Cozinha Antiderrapante Absorvente. Sem texto grande, foco em inspirar clique para compra."
2075,Cozinha elegante,cozinha decorada,listicle_idea_overlay,Tapete para Cozinha Antiderrapante Absorvente - Bege Areia,https://cdn.shopify.com/s/files/1/0864/2432/2353/files/Tapete_para_Cozinha_Antiderrapante_Absorvente_Bege_Areia_2.webp?v=1769546391,public/pinterest/final/pin-2075.png,"Pinterest Pin vertical 2:3, imagem bonita full-bleed, sem card, sem borda, estilo foto premium realista. Tema: cozinha decorada. Cenário: cozinha pequena organizada, clean, clara, armários planejados, bancada livre, potes organizadores, bandeja decorativa, tapete de cozinha discreto. Usar paleta Chique Home: off-white, bege, madeira clara, taupe suave, preto fosco, luz quente, visual premium brasileiro. Criar imagem com produto ou ambiente em destaque, visual premium realista e clicável. Produto relacionado: Tapete para Cozinha Antiderrapante Absorvente."
2076,Cozinha elegante,projeto de cozinha,environment_full_bleed,Tapete para Cozinha Antiderrapante Passadeira Absorvente - Bege,https://cdn.shopify.com/s/files/1/0864/2432/2353/files/Tapete_para_Cozinha_Antiderrapante_Passadeira_Absorvente_bege.webp?v=1745846307,public/pinterest/final/pin-2076.png,"Pinterest Pin vertical 2:3, imagem bonita full-bleed, sem card, sem borda, estilo foto premium realista. Tema: projeto de cozinha. Cenário: cozinha pequena organizada, clean, clara, armários planejados, bancada livre, potes organizadores, bandeja decorativa, tapete de cozinha discreto. Usar paleta Chique Home: off-white, bege, madeira clara, taupe suave, preto fosco, luz quente, visual premium brasileiro. Criar um cenário inspiracional de ambiente, sem texto grande. A imagem precisa parecer resultado real de busca no Pinterest, bonita e clicável. Produto relacionado: Tapete para Cozinha Antiderrapante Passadeira Absorvente, aplicar apenas se fizer sentido natural."
2078,Tapetes para cozinha,tapete cozinha antiderrapante,environment_title_overlay,Tapete para Cozinha Antiderrapante Passadeira Absorvente - Bege,https://cdn.shopify.com/s/files/1/0864/2432/2353/files/Tapete_para_Cozinha_Antiderrapante_Passadeira_Absorvente_bege.webp?v=1745846307,public/pinterest/final/pin-2078.png,"Pinterest Pin vertical 2:3, imagem bonita full-bleed, sem card, sem borda, estilo foto premium realista. Tema: tapete cozinha antiderrapante. Cenário: cozinha moderna e funcional com passadeira ou tapete antiderrapante em destaque no piso, bancada organizada e luz natural. Usar paleta Chique Home: off-white, bege, madeira clara, taupe suave, preto fosco, luz quente, visual premium brasileiro. Criar cenário bonito com título centralizado, curto e clicável em português: ""Tapete cozinha antiderrapante"". Texto elegante, alto contraste, estilo Pinterest Brasil, sem poluir. Cupom PINTEREST10 pequeno no canto inferior."
2079,Tapetes para cozinha,tapete de cozinha absorvente,product_in_environment,Tapete para Cozinha Antiderrapante Passadeira Absorvente - Bege,https://cdn.shopify.com/s/files/1/0864/2432/2353/files/Tapete_para_Cozinha_Antiderrapante_Passadeira_Absorvente_bege.webp?v=1745846307,public/pinterest/final/pin-2079.png,"Pinterest Pin vertical 2:3, imagem bonita full-bleed, sem card, sem borda, estilo foto premium realista. Tema: tapete de cozinha absorvente. Cenário: cozinha moderna e funcional com passadeira ou tapete antiderrapante em destaque no piso, bancada organizada e luz natural. Usar paleta Chique Home: off-white, bege, madeira clara, taupe suave, preto fosco, luz quente, visual premium brasileiro. Aplicar visualmente o produto da Shopify em outro ambiente realista de forma natural. Produto: Tapete para Cozinha Antiderrapante Passadeira Absorvente. Sem texto grande, foco em inspirar clique para compra."
2080,Tapetes para cozinha,passadeira para cozinha,listicle_idea_overlay,Tapete para Cozinha Antiderrapante Passadeira Absorvente - Bege,https://cdn.shopify.com/s/files/1/0864/2432/2353/files/Tapete_para_Cozinha_Antiderrapante_Passadeira_Absorvente_bege.webp?v=1745846307,public/pinterest/final/pin-2080.png,"Pinterest Pin vertical 2:3, imagem bonita full-bleed, sem card, sem borda, estilo foto premium realista. Tema: passadeira para cozinha. Cenário: cozinha moderna e funcional com passadeira ou tapete antiderrapante em destaque no piso, bancada organizada e luz natural. Usar paleta Chique Home: off-white, bege, madeira clara, taupe suave, preto fosco, luz quente, visual premium brasileiro. Criar imagem com produto ou ambiente em destaque, visual premium realista e clicável. Produto relacionado: Tapete para Cozinha Antiderrapante Passadeira Absorvente."
2083,Cozinha elegante,cozinha organizada,environment_title_overlay,Tapete para Cozinha Antiderrapante Passadeira Absorvente - Bege,https://cdn.shopify.com/s/files/1/0864/2432/2353/files/Tapete_para_Cozinha_Antiderrapante_Passadeira_Absorvente_bege.webp?v=1745846307,public/pinterest/final/pin-2083.png,"Pinterest Pin vertical 2:3, imagem bonita full-bleed, sem card, sem borda, estilo foto premium realista. Tema: cozinha organizada. Cenário: cozinha pequena organizada, clean, clara, armários planejados, bancada livre, potes organizadores, bandeja decorativa, tapete de cozinha discreto. Usar paleta Chique Home: off-white, bege, madeira clara, taupe suave, preto fosco, luz quente, visual premium brasileiro. Criar cenário bonito com título centralizado, curto e clicável em português: ""Cozinha organizada"". Texto elegante, alto contraste, estilo Pinterest Brasil, sem poluir. Cupom PINTEREST10 pequeno no canto inferior."
2084,Cozinha elegante,cozinha pequena organizada,product_in_environment,Tapete para Cozinha Antiderrapante Passadeira Absorvente - Bege,https://cdn.shopify.com/s/files/1/0864/2432/2353/files/Tapete_para_Cozinha_Antiderrapante_Passadeira_Absorvente_bege.webp?v=1745846307,public/pinterest/final/pin-2084.png,"Pinterest Pin vertical 2:3, imagem bonita full-bleed, sem card, sem borda, estilo foto premium realista. Tema: cozinha pequena organizada. Cenário: cozinha pequena organizada, clean, clara, armários planejados, bancada livre, potes organizadores, bandeja decorativa, tapete de cozinha discreto. Usar paleta Chique Home: off-white, bege, madeira clara, taupe suave, preto fosco, luz quente, visual premium brasileiro. Aplicar visualmente o produto da Shopify em outro ambiente realista de forma natural. Produto: Tapete para Cozinha Antiderrapante Passadeira Absorvente. Sem texto grande, foco em inspirar clique para compra."
2085,Cozinha elegante,cozinha decorada simples,listicle_idea_overlay,Tapete para Cozinha Antiderrapante Passadeira Absorvente - Bege,https://cdn.shopify.com/s/files/1/0864/2432/2353/files/Tapete_para_Cozinha_Antiderrapante_Passadeira_Absorvente_bege.webp?v=1745846307,public/pinterest/final/pin-2085.png,"Pinterest Pin vertical 2:3, imagem bonita full-bleed, sem card, sem borda, estilo foto premium realista. Tema: cozinha decorada simples. Cenário: cozinha pequena organizada, clean, clara, armários planejados, bancada livre, potes organizadores, bandeja decorativa, tapete de cozinha discreto. Usar paleta Chique Home: off-white, bege, madeira clara, taupe suave, preto fosco, luz quente, visual premium brasileiro. Criar imagem com produto ou ambiente em destaque, visual premium realista e clicável. Produto relacionado: Tapete para Cozinha Antiderrapante Passadeira Absorvente."
2086,Cozinha elegante,projeto de cozinha,environment_full_bleed,Relógio de Parede para Cozinha/Sala Grande Decorativo Sofisticado,https://cdn.shopify.com/s/files/1/0864/2432/2353/files/Relogio_de_Parede_para_Cozinha_Sala_Grande_Decorativo_Sofisticado_preto.webp?v=1758392862,public/pinterest/final/pin-2086.png,"Pinterest Pin vertical 2:3, imagem bonita full-bleed, sem card, sem borda, estilo foto premium realista. Tema: projeto de cozinha. Cenário: cozinha pequena organizada, clean, clara, armários planejados, bancada livre, potes organizadores, bandeja decorativa, tapete de cozinha discreto. Usar paleta Chique Home: off-white, bege, madeira clara, taupe suave, preto fosco, luz quente, visual premium brasileiro. Criar um cenário inspiracional de ambiente, sem texto grande. A imagem precisa parecer resultado real de busca no Pinterest, bonita e clicável. Produto relacionado: Relógio de Parede Grande Decorativo Sofisticado, aplicar apenas se fizer sentido natural."
2088,Sala sofisticada,decoração sala,environment_title_overlay,Relógio de Parede para Cozinha/Sala Grande Decorativo Sofisticado,https://cdn.shopify.com/s/files/1/0864/2432/2353/files/Relogio_de_Parede_para_Cozinha_Sala_Grande_Decorativo_Sofisticado_preto.webp?v=1758392862,public/pinterest/final/pin-2088.png,"Pinterest Pin vertical 2:3, imagem bonita full-bleed, sem card, sem borda, estilo foto premium realista. Tema: decoração sala. Cenário: sala de estar sofisticada, sofá neutro, almofadas decorativas, relógio de parede e decoração elegante. Usar paleta Chique Home: off-white, bege, madeira clara, taupe suave, preto fosco, luz quente, visual premium brasileiro. Criar cenário bonito com título centralizado, curto e clicável em português: ""Decoração sala"". Texto elegante, alto contraste, estilo Pinterest Brasil, sem poluir. Cupom PINTEREST10 pequeno no canto inferior."
2089,Cozinha elegante,decoração cozinha,product_in_environment,Relógio de Parede para Cozinha/Sala Grande Decorativo Sofisticado,https://cdn.shopify.com/s/files/1/0864/2432/2353/files/Relogio_de_Parede_para_Cozinha_Sala_Grande_Decorativo_Sofisticado_preto.webp?v=1758392862,public/pinterest/final/pin-2089.png,"Pinterest Pin vertical 2:3, imagem bonita full-bleed, sem card, sem borda, estilo foto premium realista. Tema: decoração cozinha. Cenário: cozinha pequena organizada, clean, clara, armários planejados, bancada livre, potes organizadores, bandeja decorativa, tapete de cozinha discreto. Usar paleta Chique Home: off-white, bege, madeira clara, taupe suave, preto fosco, luz quente, visual premium brasileiro. Aplicar visualmente o produto da Shopify em outro ambiente realista de forma natural. Produto: Relógio de Parede Grande Decorativo Sofisticado. Sem texto grande, foco em inspirar clique para compra."
2090,Cozinha elegante,cozinha organizada,listicle_idea_overlay,Relógio de Parede para Cozinha/Sala Grande Decorativo Sofisticado,https://cdn.shopify.com/s/files/1/0864/2432/2353/files/Relogio_de_Parede_para_Cozinha_Sala_Grande_Decorativo_Sofisticado_preto.webp?v=1758392862,public/pinterest/final/pin-2090.png,"Pinterest Pin vertical 2:3, imagem bonita full-bleed, sem card, sem borda, estilo foto premium realista. Tema: cozinha organizada. Cenário: cozinha pequena organizada, clean, clara, armários planejados, bancada livre, potes organizadores, bandeja decorativa, tapete de cozinha discreto. Usar paleta Chique Home: off-white, bege, madeira clara, taupe suave, preto fosco, luz quente, visual premium brasileiro. Criar imagem com produto ou ambiente em destaque, visual premium realista e clicável. Produto relacionado: Relógio de Parede Grande Decorativo Sofisticado."
2091,Cozinha elegante,cozinha pequena organizada,environment_full_bleed,Relógio de Parede para Cozinha/Sala Grande Decorativo Sofisticado,https://cdn.shopify.com/s/files/1/0864/2432/2353/files/Relogio_de_Parede_para_Cozinha_Sala_Grande_Decorativo_Sofisticado_preto.webp?v=1758392862,public/pinterest/final/pin-2091.png,"Pinterest Pin vertical 2:3, imagem bonita full-bleed, sem card, sem borda, estilo foto premium realista. Tema: cozinha pequena organizada. Cenário: cozinha pequena organizada, clean, clara, armários planejados, bancada livre, potes organizadores, bandeja decorativa, tapete de cozinha discreto. Usar paleta Chique Home: off-white, bege, madeira clara, taupe suave, preto fosco, luz quente, visual premium brasileiro. Criar um cenário inspiracional de ambiente, sem texto grande. A imagem precisa parecer resultado real de busca no Pinterest, bonita e clicável. Produto relacionado: Relógio de Parede Grande Decorativo Sofisticado, aplicar apenas se fizer sentido natural."
2093,Relogios de parede,relogio de parede grande,environment_title_overlay,Relógio de Parede para Cozinha/Sala Grande Decorativo Sofisticado,https://cdn.shopify.com/s/files/1/0864/2432/2353/files/Relogio_de_Parede_para_Cozinha_Sala_Grande_Decorativo_Sofisticado_preto.webp?v=1758392862,public/pinterest/final/pin-2093.png,"Pinterest Pin vertical 2:3, imagem bonita full-bleed, sem card, sem borda, estilo foto premium realista. Tema: relógio de parede grande. Cenário: parede de sala ou cozinha com relógio decorativo grande, composição limpa e elegante. Usar paleta Chique Home: off-white, bege, madeira clara, taupe suave, preto fosco, luz quente, visual premium brasileiro. Criar cenário bonito com título centralizado, curto e clicável em português: ""Relógio de parede grande"". Texto elegante, alto contraste, estilo Pinterest Brasil, sem poluir. Cupom PINTEREST10 pequeno no canto inferior."
2094,Relogios de parede,relogio de parede cozinha,product_in_environment,Relógio de Parede para Cozinha/Sala Grande Decorativo Sofisticado,https://cdn.shopify.com/s/files/1/0864/2432/2353/files/Relogio_de_Parede_para_Cozinha_Sala_Grande_Decorativo_Sofisticado_preto.webp?v=1758392862,public/pinterest/final/pin-2094.png,"Pinterest Pin vertical 2:3, imagem bonita full-bleed, sem card, sem borda, estilo foto premium realista. Tema: relógio de parede cozinha. Cenário: parede de sala ou cozinha com relógio decorativo grande, composição limpa e elegante. Usar paleta Chique Home: off-white, bege, madeira clara, taupe suave, preto fosco, luz quente, visual premium brasileiro. Aplicar visualmente o produto da Shopify em outro ambiente realista de forma natural. Produto: Relógio de Parede Grande Decorativo Sofisticado. Sem texto grande, foco em inspirar clique para compra."
2095,Relogios de parede,relogio de parede sala,listicle_idea_overlay,Relógio de Parede para Cozinha/Sala Grande Decorativo Sofisticado,https://cdn.shopify.com/s/files/1/0864/2432/2353/files/Relogio_de_Parede_para_Cozinha_Sala_Grande_Decorativo_Sofisticado_preto.webp?v=1758392862,public/pinterest/final/pin-2095.png,"Pinterest Pin vertical 2:3, imagem bonita full-bleed, sem card, sem borda, estilo foto premium realista. Tema: relógio de parede sala. Cenário: parede de sala ou cozinha com relógio decorativo grande, composição limpa e elegante. Usar paleta Chique Home: off-white, bege, madeira clara, taupe suave, preto fosco, luz quente, visual premium brasileiro. Criar imagem com produto ou ambiente em destaque, visual premium realista e clicável. Produto relacionado: Relógio de Parede Grande Decorativo Sofisticado."
2096,Cozinha elegante,projeto de cozinha,environment_full_bleed,Relógio de Parede para Cozinha/Sala Grande Decorativo - Decoração,https://cdn.shopify.com/s/files/1/0864/2432/2353/files/Relogio_de_Parede_para_Cozinha_Sala_Grande_Decorativo_Decoracao_preto_2.webp?v=1746993703,public/pinterest/final/pin-2096.png,"Pinterest Pin vertical 2:3, imagem bonita full-bleed, sem card, sem borda, estilo foto premium realista. Tema: projeto de cozinha. Cenário: cozinha pequena organizada, clean, clara, armários planejados, bancada livre, potes organizadores, bandeja decorativa, tapete de cozinha discreto. Usar paleta Chique Home: off-white, bege, madeira clara, taupe suave, preto fosco, luz quente, visual premium brasileiro. Criar um cenário inspiracional de ambiente, sem texto grande. A imagem precisa parecer resultado real de busca no Pinterest, bonita e clicável. Produto relacionado: Relógio de Parede Grande Decorativo, aplicar apenas se fizer sentido natural."
2098,Sala sofisticada,decoração sala,environment_title_overlay,Relógio de Parede para Cozinha/Sala Grande Decorativo - Decoração,https://cdn.shopify.com/s/files/1/0864/2432/2353/files/Relogio_de_Parede_para_Cozinha_Sala_Grande_Decorativo_Decoracao_preto_2.webp?v=1746993703,public/pinterest/final/pin-2098.png,"Pinterest Pin vertical 2:3, imagem bonita full-bleed, sem card, sem borda, estilo foto premium realista. Tema: decoração sala. Cenário: sala de estar sofisticada, sofá neutro, almofadas decorativas, relógio de parede e decoração elegante. Usar paleta Chique Home: off-white, bege, madeira clara, taupe suave, preto fosco, luz quente, visual premium brasileiro. Criar cenário bonito com título centralizado, curto e clicável em português: ""Decoração sala"". Texto elegante, alto contraste, estilo Pinterest Brasil, sem poluir. Cupom PINTEREST10 pequeno no canto inferior."
2099,Cozinha elegante,decoração cozinha,product_in_environment,Relógio de Parede para Cozinha/Sala Grande Decorativo - Decoração,https://cdn.shopify.com/s/files/1/0864/2432/2353/files/Relogio_de_Parede_para_Cozinha_Sala_Grande_Decorativo_Decoracao_preto_2.webp?v=1746993703,public/pinterest/final/pin-2099.png,"Pinterest Pin vertical 2:3, imagem bonita full-bleed, sem card, sem borda, estilo foto premium realista. Tema: decoração cozinha. Cenário: cozinha pequena organizada, clean, clara, armários planejados, bancada livre, potes organizadores, bandeja decorativa, tapete de cozinha discreto. Usar paleta Chique Home: off-white, bege, madeira clara, taupe suave, preto fosco, luz quente, visual premium brasileiro. Aplicar visualmente o produto da Shopify em outro ambiente realista de forma natural. Produto: Relógio de Parede Grande Decorativo. Sem texto grande, foco em inspirar clique para compra."
2100,Cozinha elegante,cozinha organizada,listicle_idea_overlay,Relógio de Parede para Cozinha/Sala Grande Decorativo - Decoração,https://cdn.shopify.com/s/files/1/0864/2432/2353/files/Relogio_de_Parede_para_Cozinha_Sala_Grande_Decorativo_Decoracao_preto_2.webp?v=1746993703,public/pinterest/final/pin-2100.png,"Pinterest Pin vertical 2:3, imagem bonita full-bleed, sem card, sem borda, estilo foto premium realista. Tema: cozinha organizada. Cenário: cozinha pequena organizada, clean, clara, armários planejados, bancada livre, potes organizadores, bandeja decorativa, tapete de cozinha discreto. Usar paleta Chique Home: off-white, bege, madeira clara, taupe suave, preto fosco, luz quente, visual premium brasileiro. Criar imagem com produto ou ambiente em destaque, visual premium realista e clicável. Produto relacionado: Relógio de Parede Grande Decorativo."
2101,Cozinha elegante,cozinha pequena organizada,environment_full_bleed,Relógio de Parede para Cozinha/Sala Grande Decorativo - Decoração,https://cdn.shopify.com/s/files/1/0864/2432/2353/files/Relogio_de_Parede_para_Cozinha_Sala_Grande_Decorativo_Decoracao_preto_2.webp?v=1746993703,public/pinterest/final/pin-2101.png,"Pinterest Pin vertical 2:3, imagem bonita full-bleed, sem card, sem borda, estilo foto premium realista. Tema: cozinha pequena organizada. Cenário: cozinha pequena organizada, clean, clara, armários planejados, bancada livre, potes organizadores, bandeja decorativa, tapete de cozinha discreto. Usar paleta Chique Home: off-white, bege, madeira clara, taupe suave, preto fosco, luz quente, visual premium brasileiro. Criar um cenário inspiracional de ambiente, sem texto grande. A imagem precisa parecer resultado real de busca no Pinterest, bonita e clicável. Produto relacionado: Relógio de Parede Grande Decorativo, aplicar apenas se fizer sentido natural."
2103,Relogios de parede,relogio de parede grande,environment_title_overlay,Relógio de Parede para Cozinha/Sala Grande Decorativo - Decoração,https://cdn.shopify.com/s/files/1/0864/2432/2353/files/Relogio_de_Parede_para_Cozinha_Sala_Grande_Decorativo_Decoracao_preto_2.webp?v=1746993703,public/pinterest/final/pin-2103.png,"Pinterest Pin vertical 2:3, imagem bonita full-bleed, sem card, sem borda, estilo foto premium realista. Tema: relógio de parede grande. Cenário: parede de sala ou cozinha com relógio decorativo grande, composição limpa e elegante. Usar paleta Chique Home: off-white, bege, madeira clara, taupe suave, preto fosco, luz quente, visual premium brasileiro. Criar cenário bonito com título centralizado, curto e clicável em português: ""Relógio de parede grande"". Texto elegante, alto contraste, estilo Pinterest Brasil, sem poluir. Cupom PINTEREST10 pequeno no canto inferior."
2104,Relogios de parede,relogio de parede cozinha,product_in_environment,Relógio de Parede para Cozinha/Sala Grande Decorativo - Decoração,https://cdn.shopify.com/s/files/1/0864/2432/2353/files/Relogio_de_Parede_para_Cozinha_Sala_Grande_Decorativo_Decoracao_preto_2.webp?v=1746993703,public/pinterest/final/pin-2104.png,"Pinterest Pin vertical 2:3, imagem bonita full-bleed, sem card, sem borda, estilo foto premium realista. Tema: relógio de parede cozinha. Cenário: parede de sala ou cozinha com relógio decorativo grande, composição limpa e elegante. Usar paleta Chique Home: off-white, bege, madeira clara, taupe suave, preto fosco, luz quente, visual premium brasileiro. Aplicar visualmente o produto da Shopify em outro ambiente realista de forma natural. Produto: Relógio de Parede Grande Decorativo. Sem texto grande, foco em inspirar clique para compra."
2105,Relogios de parede,relogio de parede sala,listicle_idea_overlay,Relógio de Parede para Cozinha/Sala Grande Decorativo - Decoração,https://cdn.shopify.com/s/files/1/0864/2432/2353/files/Relogio_de_Parede_para_Cozinha_Sala_Grande_Decorativo_Decoracao_preto_2.webp?v=1746993703,public/pinterest/final/pin-2105.png,"Pinterest Pin vertical 2:3, imagem bonita full-bleed, sem card, sem borda, estilo foto premium realista. Tema: relógio de parede sala. Cenário: parede de sala ou cozinha com relógio decorativo grande, composição limpa e elegante. Usar paleta Chique Home: off-white, bege, madeira clara, taupe suave, preto fosco, luz quente, visual premium brasileiro. Criar imagem com produto ou ambiente em destaque, visual premium realista e clicável. Produto relacionado: Relógio de Parede Grande Decorativo."
2106,Cozinha elegante,projeto de cozinha,environment_full_bleed,Relógio de Parede Lorenzzo Wood,https://chiquehome.com.br/cdn/shop/files/Relogio_de_Parede_para_cozinha_sala_decorativo_moderno_marrom_Lorenzzo_Wood.webp?v=1782693565,public/pinterest/final/pin-2106.png,"Pinterest Pin vertical 2:3, imagem bonita full-bleed, sem card, sem borda, estilo foto premium realista. Tema: projeto de cozinha. Cenário: cozinha pequena organizada, clean, clara, armários planejados, bancada livre, potes organizadores, bandeja decorativa, tapete de cozinha discreto. Usar paleta Chique Home: off-white, bege, madeira clara, taupe suave, preto fosco, luz quente, visual premium brasileiro. Criar um cenário inspiracional de ambiente, sem texto grande. A imagem precisa parecer resultado real de busca no Pinterest, bonita e clicável. Produto relacionado: Relógio de Parede Lorenzzo Wood, aplicar apenas se fizer sentido natural."
2108,Sala sofisticada,decoração sala,environment_title_overlay,Relógio de Parede Lorenzzo Wood,https://chiquehome.com.br/cdn/shop/files/Relogio_de_Parede_para_cozinha_sala_decorativo_moderno_marrom_Lorenzzo_Wood.webp?v=1782693565,public/pinterest/final/pin-2108.png,"Pinterest Pin vertical 2:3, imagem bonita full-bleed, sem card, sem borda, estilo foto premium realista. Tema: decoração sala. Cenário: sala de estar sofisticada, sofá neutro, almofadas decorativas, relógio de parede e decoração elegante. Usar paleta Chique Home: off-white, bege, madeira clara, taupe suave, preto fosco, luz quente, visual premium brasileiro. Criar cenário bonito com título centralizado, curto e clicável em português: ""Decoração sala"". Texto elegante, alto contraste, estilo Pinterest Brasil, sem poluir. Cupom PINTEREST10 pequeno no canto inferior."
2109,Cozinha elegante,decoração cozinha,product_in_environment,Relógio de Parede Lorenzzo Wood,https://chiquehome.com.br/cdn/shop/files/Relogio_de_Parede_para_cozinha_sala_decorativo_moderno_marrom_Lorenzzo_Wood.webp?v=1782693565,public/pinterest/final/pin-2109.png,"Pinterest Pin vertical 2:3, imagem bonita full-bleed, sem card, sem borda, estilo foto premium realista. Tema: decoração cozinha. Cenário: cozinha pequena organizada, clean, clara, armários planejados, bancada livre, potes organizadores, bandeja decorativa, tapete de cozinha discreto. Usar paleta Chique Home: off-white, bege, madeira clara, taupe suave, preto fosco, luz quente, visual premium brasileiro. Aplicar visualmente o produto da Shopify em outro ambiente realista de forma natural. Produto: Relógio de Parede Lorenzzo Wood. Sem texto grande, foco em inspirar clique para compra."
2110,Cozinha elegante,cozinha organizada,listicle_idea_overlay,Relógio de Parede Lorenzzo Wood,https://chiquehome.com.br/cdn/shop/files/Relogio_de_Parede_para_cozinha_sala_decorativo_moderno_marrom_Lorenzzo_Wood.webp?v=1782693565,public/pinterest/final/pin-2110.png,"Pinterest Pin vertical 2:3, imagem bonita full-bleed, sem card, sem borda, estilo foto premium realista. Tema: cozinha organizada. Cenário: cozinha pequena organizada, clean, clara, armários planejados, bancada livre, potes organizadores, bandeja decorativa, tapete de cozinha discreto. Usar paleta Chique Home: off-white, bege, madeira clara, taupe suave, preto fosco, luz quente, visual premium brasileiro. Criar imagem com produto ou ambiente em destaque, visual premium realista e clicável. Produto relacionado: Relógio de Parede Lorenzzo Wood."
2111,Cozinha elegante,cozinha pequena organizada,environment_full_bleed,Relógio de Parede Lorenzzo Wood,https://chiquehome.com.br/cdn/shop/files/Relogio_de_Parede_para_cozinha_sala_decorativo_moderno_marrom_Lorenzzo_Wood.webp?v=1782693565,public/pinterest/final/pin-2111.png,"Pinterest Pin vertical 2:3, imagem bonita full-bleed, sem card, sem borda, estilo foto premium realista. Tema: cozinha pequena organizada. Cenário: cozinha pequena organizada, clean, clara, armários planejados, bancada livre, potes organizadores, bandeja decorativa, tapete de cozinha discreto. Usar paleta Chique Home: off-white, bege, madeira clara, taupe suave, preto fosco, luz quente, visual premium brasileiro. Criar um cenário inspiracional de ambiente, sem texto grande. A imagem precisa parecer resultado real de busca no Pinterest, bonita e clicável. Produto relacionado: Relógio de Parede Lorenzzo Wood, aplicar apenas se fizer sentido natural."
2113,Relogios de parede,relogio de parede grande,environment_title_overlay,Relógio de Parede Lorenzzo Wood,https://chiquehome.com.br/cdn/shop/files/Relogio_de_Parede_para_cozinha_sala_decorativo_moderno_marrom_Lorenzzo_Wood.webp?v=1782693565,public/pinterest/final/pin-2113.png,"Pinterest Pin vertical 2:3, imagem bonita full-bleed, sem card, sem borda, estilo foto premium realista. Tema: relógio de parede grande. Cenário: parede de sala ou cozinha com relógio decorativo grande, composição limpa e elegante. Usar paleta Chique Home: off-white, bege, madeira clara, taupe suave, preto fosco, luz quente, visual premium brasileiro. Criar cenário bonito com título centralizado, curto e clicável em português: ""Relógio de parede grande"". Texto elegante, alto contraste, estilo Pinterest Brasil, sem poluir. Cupom PINTEREST10 pequeno no canto inferior."
2114,Relogios de parede,relogio de parede cozinha,product_in_environment,Relógio de Parede Lorenzzo Wood,https://chiquehome.com.br/cdn/shop/files/Relogio_de_Parede_para_cozinha_sala_decorativo_moderno_marrom_Lorenzzo_Wood.webp?v=1782693565,public/pinterest/final/pin-2114.png,"Pinterest Pin vertical 2:3, imagem bonita full-bleed, sem card, sem borda, estilo foto premium realista. Tema: relógio de parede cozinha. Cenário: parede de sala ou cozinha com relógio decorativo grande, composição limpa e elegante. Usar paleta Chique Home: off-white, bege, madeira clara, taupe suave, preto fosco, luz quente, visual premium brasileiro. Aplicar visualmente o produto da Shopify em outro ambiente realista de forma natural. Produto: Relógio de Parede Lorenzzo Wood. Sem texto grande, foco em inspirar clique para compra."
2115,Relogios de parede,relogio de parede sala,listicle_idea_overlay,Relógio de Parede Lorenzzo Wood,https://chiquehome.com.br/cdn/shop/files/Relogio_de_Parede_para_cozinha_sala_decorativo_moderno_marrom_Lorenzzo_Wood.webp?v=1782693565,public/pinterest/final/pin-2115.png,"Pinterest Pin vertical 2:3, imagem bonita full-bleed, sem card, sem borda, estilo foto premium realista. Tema: relógio de parede sala. Cenário: parede de sala ou cozinha com relógio decorativo grande, composição limpa e elegante. Usar paleta Chique Home: off-white, bege, madeira clara, taupe suave, preto fosco, luz quente, visual premium brasileiro. Criar imagem com produto ou ambiente em destaque, visual premium realista e clicável. Produto relacionado: Relógio de Parede Lorenzzo Wood."
2116,Banheiro organizado,banheiro pequeno organizado,environment_full_bleed,Organizador de Maquiagem Porta Pincel em Acrílico Giratório,https://cdn.shopify.com/s/files/1/0864/2432/2353/files/Organizador_de_Maquiagem_Porta_Pincel_em_Acrilico_Giratorio_preto.webp?v=1751413621,public/pinterest/final/pin-2116.png,"Pinterest Pin vertical 2:3, imagem bonita full-bleed, sem card, sem borda, estilo foto premium realista. Tema: banheiro pequeno organizado. Cenário: banheiro organizado com suporte de parede, nichos, porta-shampoo no box e poucos objetos aparentes. Usar paleta Chique Home: off-white, bege, madeira clara, taupe suave, preto fosco, luz quente, visual premium brasileiro. Criar um cenário inspiracional de ambiente, sem texto grande. A imagem precisa parecer resultado real de busca no Pinterest, bonita e clicável. Produto relacionado: Organizador de Maquiagem Porta Pincel em Acrílico Giratório, aplicar apenas se fizer sentido natural."
2118,Banheiro organizado,organizador box banheiro,environment_title_overlay,Organizador de Maquiagem Porta Pincel em Acrílico Giratório,https://cdn.shopify.com/s/files/1/0864/2432/2353/files/Organizador_de_Maquiagem_Porta_Pincel_em_Acrilico_Giratorio_preto.webp?v=1751413621,public/pinterest/final/pin-2118.png,"Pinterest Pin vertical 2:3, imagem bonita full-bleed, sem card, sem borda, estilo foto premium realista. Tema: organizador box banheiro. Cenário: banheiro organizado com suporte de parede, nichos, porta-shampoo no box e poucos objetos aparentes. Usar paleta Chique Home: off-white, bege, madeira clara, taupe suave, preto fosco, luz quente, visual premium brasileiro. Criar cenário bonito com título centralizado, curto e clicável em português: ""Organizador box banheiro"". Texto elegante, alto contraste, estilo Pinterest Brasil, sem poluir. Cupom PINTEREST10 pequeno no canto inferior."
2119,Banheiro com cara de hotel,banheiro decorado,product_in_environment,Organizador de Maquiagem Porta Pincel em Acrílico Giratório,https://cdn.shopify.com/s/files/1/0864/2432/2353/files/Organizador_de_Maquiagem_Porta_Pincel_em_Acrilico_Giratorio_preto.webp?v=1751413621,public/pinterest/final/pin-2119.png,"Pinterest Pin vertical 2:3, imagem bonita full-bleed, sem card, sem borda, estilo foto premium realista. Tema: banheiro decorado. Cenário: banheiro pequeno sofisticado com metais modernos, parede clara, bancada limpa e detalhe elegante de organização. Usar paleta Chique Home: off-white, bege, madeira clara, taupe suave, preto fosco, luz quente, visual premium brasileiro. Aplicar visualmente o produto da Shopify em outro ambiente realista de forma natural. Produto: Organizador de Maquiagem Porta Pincel em Acrílico Giratório. Sem texto grande, foco em inspirar clique para compra."
2120,Banheiro com cara de hotel,banheiro pequeno decorado,listicle_idea_overlay,Organizador de Maquiagem Porta Pincel em Acrílico Giratório,https://cdn.shopify.com/s/files/1/0864/2432/2353/files/Organizador_de_Maquiagem_Porta_Pincel_em_Acrilico_Giratorio_preto.webp?v=1751413621,public/pinterest/final/pin-2120.png,"Pinterest Pin vertical 2:3, imagem bonita full-bleed, sem card, sem borda, estilo foto premium realista. Tema: banheiro pequeno decorado. Cenário: banheiro pequeno sofisticado com metais modernos, parede clara, bancada limpa e detalhe elegante de organização. Usar paleta Chique Home: off-white, bege, madeira clara, taupe suave, preto fosco, luz quente, visual premium brasileiro. Criar imagem com produto ou ambiente em destaque, visual premium realista e clicável. Produto relacionado: Organizador de Maquiagem Porta Pincel em Acrílico Giratório."
2121,Banheiro com cara de hotel,banheiro moderno,environment_full_bleed,Organizador de Maquiagem Porta Pincel em Acrílico Giratório,https://cdn.shopify.com/s/files/1/0864/2432/2353/files/Organizador_de_Maquiagem_Porta_Pincel_em_Acrilico_Giratorio_preto.webp?v=1751413621,public/pinterest/final/pin-2121.png,"Pinterest Pin vertical 2:3, imagem bonita full-bleed, sem card, sem borda, estilo foto premium realista. Tema: banheiro moderno. Cenário: banheiro pequeno sofisticado com metais modernos, parede clara, bancada limpa e detalhe elegante de organização. Usar paleta Chique Home: off-white, bege, madeira clara, taupe suave, preto fosco, luz quente, visual premium brasileiro. Criar um cenário inspiracional de ambiente, sem texto grande. A imagem precisa parecer resultado real de busca no Pinterest, bonita e clicável. Produto relacionado: Organizador de Maquiagem Porta Pincel em Acrílico Giratório, aplicar apenas se fizer sentido natural."
2123,Banheiro com cara de hotel,lavabo decorado,environment_title_overlay,Organizador de Maquiagem Porta Pincel em Acrílico Giratório,https://cdn.shopify.com/s/files/1/0864/2432/2353/files/Organizador_de_Maquiagem_Porta_Pincel_em_Acrilico_Giratorio_preto.webp?v=1751413621,public/pinterest/final/pin-2123.png,"Pinterest Pin vertical 2:3, imagem bonita full-bleed, sem card, sem borda, estilo foto premium realista. Tema: lavabo decorado. Cenário: banheiro pequeno sofisticado com metais modernos, parede clara, bancada limpa e detalhe elegante de organização. Usar paleta Chique Home: off-white, bege, madeira clara, taupe suave, preto fosco, luz quente, visual premium brasileiro. Criar cenário bonito com título centralizado, curto e clicável em português: ""Lavabo decorado"". Texto elegante, alto contraste, estilo Pinterest Brasil, sem poluir. Cupom PINTEREST10 pequeno no canto inferior."
2124,Banheiro organizado,penteadeira,product_in_environment,Organizador de Maquiagem Porta Pincel em Acrílico Giratório,https://cdn.shopify.com/s/files/1/0864/2432/2353/files/Organizador_de_Maquiagem_Porta_Pincel_em_Acrilico_Giratorio_preto.webp?v=1751413621,public/pinterest/final/pin-2124.png,"Pinterest Pin vertical 2:3, imagem bonita full-bleed, sem card, sem borda, estilo foto premium realista. Tema: penteadeira. Cenário: banheiro organizado com suporte de parede, nichos, porta-shampoo no box e poucos objetos aparentes. Usar paleta Chique Home: off-white, bege, madeira clara, taupe suave, preto fosco, luz quente, visual premium brasileiro. Aplicar visualmente o produto da Shopify em outro ambiente realista de forma natural. Produto: Organizador de Maquiagem Porta Pincel em Acrílico Giratório. Sem texto grande, foco em inspirar clique para compra."
2125,Banheiro organizado,organizacao de banheiro,listicle_idea_overlay,Organizador de Maquiagem Porta Pincel em Acrílico Giratório,https://cdn.shopify.com/s/files/1/0864/2432/2353/files/Organizador_de_Maquiagem_Porta_Pincel_em_Acrilico_Giratorio_preto.webp?v=1751413621,public/pinterest/final/pin-2125.png,"Pinterest Pin vertical 2:3, imagem bonita full-bleed, sem card, sem borda, estilo foto premium realista. Tema: organização de banheiro. Cenário: banheiro organizado com suporte de parede, nichos, porta-shampoo no box e poucos objetos aparentes. Usar paleta Chique Home: off-white, bege, madeira clara, taupe suave, preto fosco, luz quente, visual premium brasileiro. Criar imagem com produto ou ambiente em destaque, visual premium realista e clicável. Produto relacionado: Organizador de Maquiagem Porta Pincel em Acrílico Giratório."
2126,Banheiro organizado,banheiro pequeno organizado,environment_full_bleed,Bandeja para Banheiro/Lavabo Decorativa Redonda - Decoração,https://cdn.shopify.com/s/files/1/0864/2432/2353/files/Bandeja_para_Banheiro_Lavabo_Decorativa_Redonda_Decoracao_verde.webp?v=1751410419,public/pinterest/final/pin-2126.png,"Pinterest Pin vertical 2:3, imagem bonita full-bleed, sem card, sem borda, estilo foto premium realista. Tema: banheiro pequeno organizado. Cenário: banheiro organizado com suporte de parede, nichos, porta-shampoo no box e poucos objetos aparentes. Usar paleta Chique Home: off-white, bege, madeira clara, taupe suave, preto fosco, luz quente, visual premium brasileiro. Criar um cenário inspiracional de ambiente, sem texto grande. A imagem precisa parecer resultado real de busca no Pinterest, bonita e clicável. Produto relacionado: Bandeja para Banheiro/Lavabo Decorativa Redonda, aplicar apenas se fizer sentido natural."
2128,Banheiro com cara de hotel,banheiro decorado,environment_title_overlay,Bandeja para Banheiro/Lavabo Decorativa Redonda - Decoração,https://cdn.shopify.com/s/files/1/0864/2432/2353/files/Bandeja_para_Banheiro_Lavabo_Decorativa_Redonda_Decoracao_verde.webp?v=1751410419,public/pinterest/final/pin-2128.png,"Pinterest Pin vertical 2:3, imagem bonita full-bleed, sem card, sem borda, estilo foto premium realista. Tema: banheiro decorado. Cenário: banheiro pequeno sofisticado com metais modernos, parede clara, bancada limpa e detalhe elegante de organização. Usar paleta Chique Home: off-white, bege, madeira clara, taupe suave, preto fosco, luz quente, visual premium brasileiro. Criar cenário bonito com título centralizado, curto e clicável em português: ""Banheiro decorado"". Texto elegante, alto contraste, estilo Pinterest Brasil, sem poluir. Cupom PINTEREST10 pequeno no canto inferior."
2129,Banheiro com cara de hotel,banheiro pequeno decorado,product_in_environment,Bandeja para Banheiro/Lavabo Decorativa Redonda - Decoração,https://cdn.shopify.com/s/files/1/0864/2432/2353/files/Bandeja_para_Banheiro_Lavabo_Decorativa_Redonda_Decoracao_verde.webp?v=1751410419,public/pinterest/final/pin-2129.png,"Pinterest Pin vertical 2:3, imagem bonita full-bleed, sem card, sem borda, estilo foto premium realista. Tema: banheiro pequeno decorado. Cenário: banheiro pequeno sofisticado com metais modernos, parede clara, bancada limpa e detalhe elegante de organização. Usar paleta Chique Home: off-white, bege, madeira clara, taupe suave, preto fosco, luz quente, visual premium brasileiro. Aplicar visualmente o produto da Shopify em outro ambiente realista de forma natural. Produto: Bandeja para Banheiro/Lavabo Decorativa Redonda. Sem texto grande, foco em inspirar clique para compra."
2130,Banheiro com cara de hotel,banheiro moderno,listicle_idea_overlay,Bandeja para Banheiro/Lavabo Decorativa Redonda - Decoração,https://cdn.shopify.com/s/files/1/0864/2432/2353/files/Bandeja_para_Banheiro_Lavabo_Decorativa_Redonda_Decoracao_verde.webp?v=1751410419,public/pinterest/final/pin-2130.png,"Pinterest Pin vertical 2:3, imagem bonita full-bleed, sem card, sem borda, estilo foto premium realista. Tema: banheiro moderno. Cenário: banheiro pequeno sofisticado com metais modernos, parede clara, bancada limpa e detalhe elegante de organização. Usar paleta Chique Home: off-white, bege, madeira clara, taupe suave, preto fosco, luz quente, visual premium brasileiro. Criar imagem com produto ou ambiente em destaque, visual premium realista e clicável. Produto relacionado: Bandeja para Banheiro/Lavabo Decorativa Redonda."
2131,Banheiro com cara de hotel,banheiro com cara de hotel,environment_full_bleed,Bandeja para Banheiro/Lavabo Decorativa Redonda - Decoração,https://cdn.shopify.com/s/files/1/0864/2432/2353/files/Bandeja_para_Banheiro_Lavabo_Decorativa_Redonda_Decoracao_verde.webp?v=1751410419,public/pinterest/final/pin-2131.png,"Pinterest Pin vertical 2:3, imagem bonita full-bleed, sem card, sem borda, estilo foto premium realista. Tema: banheiro com cara de hotel. Cenário: banheiro pequeno sofisticado com metais modernos, parede clara, bancada limpa e detalhe elegante de organização. Usar paleta Chique Home: off-white, bege, madeira clara, taupe suave, preto fosco, luz quente, visual premium brasileiro. Criar um cenário inspiracional de ambiente, sem texto grande. A imagem precisa parecer resultado real de busca no Pinterest, bonita e clicável. Produto relacionado: Bandeja para Banheiro/Lavabo Decorativa Redonda, aplicar apenas se fizer sentido natural."
2133,Banheiro organizado,penteadeira,environment_title_overlay,Bandeja para Banheiro/Lavabo Decorativa Redonda - Decoração,https://cdn.shopify.com/s/files/1/0864/2432/2353/files/Bandeja_para_Banheiro_Lavabo_Decorativa_Redonda_Decoracao_verde.webp?v=1751410419,public/pinterest/final/pin-2133.png,"Pinterest Pin vertical 2:3, imagem bonita full-bleed, sem card, sem borda, estilo foto premium realista. Tema: penteadeira. Cenário: banheiro organizado com suporte de parede, nichos, porta-shampoo no box e poucos objetos aparentes. Usar paleta Chique Home: off-white, bege, madeira clara, taupe suave, preto fosco, luz quente, visual premium brasileiro. Criar cenário bonito com título centralizado, curto e clicável em português: ""Penteadeira"". Texto elegante, alto contraste, estilo Pinterest Brasil, sem poluir. Cupom PINTEREST10 pequeno no canto inferior."
2134,Banheiro organizado,organizacao de banheiro,product_in_environment,Bandeja para Banheiro/Lavabo Decorativa Redonda - Decoração,https://cdn.shopify.com/s/files/1/0864/2432/2353/files/Bandeja_para_Banheiro_Lavabo_Decorativa_Redonda_Decoracao_verde.webp?v=1751410419,public/pinterest/final/pin-2134.png,"Pinterest Pin vertical 2:3, imagem bonita full-bleed, sem card, sem borda, estilo foto premium realista. Tema: organização de banheiro. Cenário: banheiro organizado com suporte de parede, nichos, porta-shampoo no box e poucos objetos aparentes. Usar paleta Chique Home: off-white, bege, madeira clara, taupe suave, preto fosco, luz quente, visual premium brasileiro. Aplicar visualmente o produto da Shopify em outro ambiente realista de forma natural. Produto: Bandeja para Banheiro/Lavabo Decorativa Redonda. Sem texto grande, foco em inspirar clique para compra."
2135,Banheiro organizado,organizador de maquiagem,listicle_idea_overlay,Bandeja para Banheiro/Lavabo Decorativa Redonda - Decoração,https://cdn.shopify.com/s/files/1/0864/2432/2353/files/Bandeja_para_Banheiro_Lavabo_Decorativa_Redonda_Decoracao_verde.webp?v=1751410419,public/pinterest/final/pin-2135.png,"Pinterest Pin vertical 2:3, imagem bonita full-bleed, sem card, sem borda, estilo foto premium realista. Tema: organizador de maquiagem. Cenário: banheiro organizado com suporte de parede, nichos, porta-shampoo no box e poucos objetos aparentes. Usar paleta Chique Home: off-white, bege, madeira clara, taupe suave, preto fosco, luz quente, visual premium brasileiro. Criar imagem com produto ou ambiente em destaque, visual premium realista e clicável. Produto relacionado: Bandeja para Banheiro/Lavabo Decorativa Redonda."
2136,Sala sofisticada,sala de estar apartamento,environment_full_bleed,Arandela de Parede Externa/Interna Luminária LED Quadrada - Preta,https://cdn.shopify.com/s/files/1/0864/2432/2353/files/Arandela_de_Parede_Externa_Interna_Luminaria_LED_Quadrada_Preta_6.webp?v=1751328310,public/pinterest/final/pin-2136.png,"Pinterest Pin vertical 2:3, imagem bonita full-bleed, sem card, sem borda, estilo foto premium realista. Tema: sala de estar apartamento. Cenário: sala de estar sofisticada, sofá neutro, almofadas decorativas, relógio de parede e decoração elegante. Usar paleta Chique Home: off-white, bege, madeira clara, taupe suave, preto fosco, luz quente, visual premium brasileiro. Criar um cenário inspiracional de ambiente, sem texto grande. A imagem precisa parecer resultado real de busca no Pinterest, bonita e clicável. Produto relacionado: Arandela de Parede Externa/Interna Luminária LED Quadrada, aplicar apenas se fizer sentido natural."
2138,Mesa posta elegante,sala de jantar decorada,environment_title_overlay,Arandela de Parede Externa/Interna Luminária LED Quadrada - Preta,https://cdn.shopify.com/s/files/1/0864/2432/2353/files/Arandela_de_Parede_Externa_Interna_Luminaria_LED_Quadrada_Preta_6.webp?v=1751328310,public/pinterest/final/pin-2138.png,"Pinterest Pin vertical 2:3, imagem bonita full-bleed, sem card, sem borda, estilo foto premium realista. Tema: sala de jantar decorada. Cenário: sala de jantar elegante com cadeiras arrumadas, mesa posta clean e detalhes de decoração. Usar paleta Chique Home: off-white, bege, madeira clara, taupe suave, preto fosco, luz quente, visual premium brasileiro. Criar cenário bonito com título centralizado, curto e clicável em português: ""Sala de jantar decorada"". Texto elegante, alto contraste, estilo Pinterest Brasil, sem poluir. Cupom PINTEREST10 pequeno no canto inferior."
2139,Sala sofisticada,sala sofisticada,product_in_environment,Arandela de Parede Externa/Interna Luminária LED Quadrada - Preta,https://cdn.shopify.com/s/files/1/0864/2432/2353/files/Arandela_de_Parede_Externa_Interna_Luminaria_LED_Quadrada_Preta_6.webp?v=1751328310,public/pinterest/final/pin-2139.png,"Pinterest Pin vertical 2:3, imagem bonita full-bleed, sem card, sem borda, estilo foto premium realista. Tema: sala sofisticada. Cenário: sala de estar sofisticada, sofá neutro, almofadas decorativas, relógio de parede e decoração elegante. Usar paleta Chique Home: off-white, bege, madeira clara, taupe suave, preto fosco, luz quente, visual premium brasileiro. Aplicar visualmente o produto da Shopify em outro ambiente realista de forma natural. Produto: Arandela de Parede Externa/Interna Luminária LED Quadrada. Sem texto grande, foco em inspirar clique para compra."
2140,Sala sofisticada,decoracao de sala,listicle_idea_overlay,Arandela de Parede Externa/Interna Luminária LED Quadrada - Preta,https://cdn.shopify.com/s/files/1/0864/2432/2353/files/Arandela_de_Parede_Externa_Interna_Luminaria_LED_Quadrada_Preta_6.webp?v=1751328310,public/pinterest/final/pin-2140.png,"Pinterest Pin vertical 2:3, imagem bonita full-bleed, sem card, sem borda, estilo foto premium realista. Tema: decoração de sala. Cenário: sala de estar sofisticada, sofá neutro, almofadas decorativas, relógio de parede e decoração elegante. Usar paleta Chique Home: off-white, bege, madeira clara, taupe suave, preto fosco, luz quente, visual premium brasileiro. Criar imagem com produto ou ambiente em destaque, visual premium realista e clicável. Produto relacionado: Arandela de Parede Externa/Interna Luminária LED Quadrada."
2141,Sala sofisticada,sala pequena decorada,environment_full_bleed,Arandela de Parede Externa/Interna Luminária LED Quadrada - Preta,https://cdn.shopify.com/s/files/1/0864/2432/2353/files/Arandela_de_Parede_Externa_Interna_Luminaria_LED_Quadrada_Preta_6.webp?v=1751328310,public/pinterest/final/pin-2141.png,"Pinterest Pin vertical 2:3, imagem bonita full-bleed, sem card, sem borda, estilo foto premium realista. Tema: sala pequena decorada. Cenário: sala de estar sofisticada, sofá neutro, almofadas decorativas, relógio de parede e decoração elegante. Usar paleta Chique Home: off-white, bege, madeira clara, taupe suave, preto fosco, luz quente, visual premium brasileiro. Criar um cenário inspiracional de ambiente, sem texto grande. A imagem precisa parecer resultado real de busca no Pinterest, bonita e clicável. Produto relacionado: Arandela de Parede Externa/Interna Luminária LED Quadrada, aplicar apenas se fizer sentido natural."
2143,Sala sofisticada,sala sofisticada,environment_title_overlay,Arandela de Parede Externa/Interna Luminária LED Quadrada - Preta,https://cdn.shopify.com/s/files/1/0864/2432/2353/files/Arandela_de_Parede_Externa_Interna_Luminaria_LED_Quadrada_Preta_6.webp?v=1751328310,public/pinterest/final/pin-2143.png,"Pinterest Pin vertical 2:3, imagem bonita full-bleed, sem card, sem borda, estilo foto premium realista. Tema: sala sofisticada. Cenário: sala de estar sofisticada, sofá neutro, almofadas decorativas, relógio de parede e decoração elegante. Usar paleta Chique Home: off-white, bege, madeira clara, taupe suave, preto fosco, luz quente, visual premium brasileiro. Criar cenário bonito com título centralizado, curto e clicável em português: ""Sala sofisticada"". Texto elegante, alto contraste, estilo Pinterest Brasil, sem poluir. Cupom PINTEREST10 pequeno no canto inferior."
2144,Sala sofisticada,sala elegante,product_in_environment,Arandela de Parede Externa/Interna Luminária LED Quadrada - Preta,https://cdn.shopify.com/s/files/1/0864/2432/2353/files/Arandela_de_Parede_Externa_Interna_Luminaria_LED_Quadrada_Preta_6.webp?v=1751328310,public/pinterest/final/pin-2144.png,"Pinterest Pin vertical 2:3, imagem bonita full-bleed, sem card, sem borda, estilo foto premium realista. Tema: sala elegante. Cenário: sala de estar sofisticada, sofá neutro, almofadas decorativas, relógio de parede e decoração elegante. Usar paleta Chique Home: off-white, bege, madeira clara, taupe suave, preto fosco, luz quente, visual premium brasileiro. Aplicar visualmente o produto da Shopify em outro ambiente realista de forma natural. Produto: Arandela de Parede Externa/Interna Luminária LED Quadrada. Sem texto grande, foco em inspirar clique para compra."
2145,Decoracao de parede,decoracao de parede,listicle_idea_overlay,Arandela de Parede Externa/Interna Luminária LED Quadrada - Preta,https://cdn.shopify.com/s/files/1/0864/2432/2353/files/Arandela_de_Parede_Externa_Interna_Luminaria_LED_Quadrada_Preta_6.webp?v=1751328310,public/pinterest/final/pin-2145.png,"Pinterest Pin vertical 2:3, imagem bonita full-bleed, sem card, sem borda, estilo foto premium realista. Tema: decoração de parede. Cenário: parede decorada com composição minimalista, relógio decorativo, prateleira ou textura discreta. Usar paleta Chique Home: off-white, bege, madeira clara, taupe suave, preto fosco, luz quente, visual premium brasileiro. Criar imagem com produto ou ambiente em destaque, visual premium realista e clicável. Produto relacionado: Arandela de Parede Externa/Interna Luminária LED Quadrada."
2146,Cozinha elegante,projeto de cozinha,environment_full_bleed,Lustre Pendente para Sala/Quarto/Cozinha Moderno LED Espiral - Dourado,https://cdn.shopify.com/s/files/1/0864/2432/2353/files/Lustre_Pendente_para_Sala_Quarto_Cozinha_Moderno_LED_Dourado.webp?v=1748190597,public/pinterest/final/pin-2146.png,"Pinterest Pin vertical 2:3, imagem bonita full-bleed, sem card, sem borda, estilo foto premium realista. Tema: projeto de cozinha. Cenário: cozinha pequena organizada, clean, clara, armários planejados, bancada livre, potes organizadores, bandeja decorativa, tapete de cozinha discreto. Usar paleta Chique Home: off-white, bege, madeira clara, taupe suave, preto fosco, luz quente, visual premium brasileiro. Criar um cenário inspiracional de ambiente, sem texto grande. A imagem precisa parecer resultado real de busca no Pinterest, bonita e clicável. Produto relacionado: Lustre Pendente Moderno LED Espiral, aplicar apenas se fizer sentido natural."
2148,Sala sofisticada,decoração sala,environment_title_overlay,Lustre Pendente para Sala/Quarto/Cozinha Moderno LED Espiral - Dourado,https://cdn.shopify.com/s/files/1/0864/2432/2353/files/Lustre_Pendente_para_Sala_Quarto_Cozinha_Moderno_LED_Dourado.webp?v=1748190597,public/pinterest/final/pin-2148.png,"Pinterest Pin vertical 2:3, imagem bonita full-bleed, sem card, sem borda, estilo foto premium realista. Tema: decoração sala. Cenário: sala de estar sofisticada, sofá neutro, almofadas decorativas, relógio de parede e decoração elegante. Usar paleta Chique Home: off-white, bege, madeira clara, taupe suave, preto fosco, luz quente, visual premium brasileiro. Criar cenário bonito com título centralizado, curto e clicável em português: ""Decoração sala"". Texto elegante, alto contraste, estilo Pinterest Brasil, sem poluir. Cupom PINTEREST10 pequeno no canto inferior."
2149,Cozinha elegante,decoração cozinha,product_in_environment,Lustre Pendente para Sala/Quarto/Cozinha Moderno LED Espiral - Dourado,https://cdn.shopify.com/s/files/1/0864/2432/2353/files/Lustre_Pendente_para_Sala_Quarto_Cozinha_Moderno_LED_Dourado.webp?v=1748190597,public/pinterest/final/pin-2149.png,"Pinterest Pin vertical 2:3, imagem bonita full-bleed, sem card, sem borda, estilo foto premium realista. Tema: decoração cozinha. Cenário: cozinha pequena organizada, clean, clara, armários planejados, bancada livre, potes organizadores, bandeja decorativa, tapete de cozinha discreto. Usar paleta Chique Home: off-white, bege, madeira clara, taupe suave, preto fosco, luz quente, visual premium brasileiro. Aplicar visualmente o produto da Shopify em outro ambiente realista de forma natural. Produto: Lustre Pendente Moderno LED Espiral. Sem texto grande, foco em inspirar clique para compra."
2150,Cozinha elegante,cozinha organizada,listicle_idea_overlay,Lustre Pendente para Sala/Quarto/Cozinha Moderno LED Espiral - Dourado,https://cdn.shopify.com/s/files/1/0864/2432/2353/files/Lustre_Pendente_para_Sala_Quarto_Cozinha_Moderno_LED_Dourado.webp?v=1748190597,public/pinterest/final/pin-2150.png,"Pinterest Pin vertical 2:3, imagem bonita full-bleed, sem card, sem borda, estilo foto premium realista. Tema: cozinha organizada. Cenário: cozinha pequena organizada, clean, clara, armários planejados, bancada livre, potes organizadores, bandeja decorativa, tapete de cozinha discreto. Usar paleta Chique Home: off-white, bege, madeira clara, taupe suave, preto fosco, luz quente, visual premium brasileiro. Criar imagem com produto ou ambiente em destaque, visual premium realista e clicável. Produto relacionado: Lustre Pendente Moderno LED Espiral."
2151,Cozinha elegante,cozinha pequena organizada,environment_full_bleed,Lustre Pendente para Sala/Quarto/Cozinha Moderno LED Espiral - Dourado,https://cdn.shopify.com/s/files/1/0864/2432/2353/files/Lustre_Pendente_para_Sala_Quarto_Cozinha_Moderno_LED_Dourado.webp?v=1748190597,public/pinterest/final/pin-2151.png,"Pinterest Pin vertical 2:3, imagem bonita full-bleed, sem card, sem borda, estilo foto premium realista. Tema: cozinha pequena organizada. Cenário: cozinha pequena organizada, clean, clara, armários planejados, bancada livre, potes organizadores, bandeja decorativa, tapete de cozinha discreto. Usar paleta Chique Home: off-white, bege, madeira clara, taupe suave, preto fosco, luz quente, visual premium brasileiro. Criar um cenário inspiracional de ambiente, sem texto grande. A imagem precisa parecer resultado real de busca no Pinterest, bonita e clicável. Produto relacionado: Lustre Pendente Moderno LED Espiral, aplicar apenas se fizer sentido natural."
2153,Mesa posta elegante,sala de jantar decorada,environment_title_overlay,Lustre Pendente para Sala/Quarto/Cozinha Moderno LED Espiral - Dourado,https://cdn.shopify.com/s/files/1/0864/2432/2353/files/Lustre_Pendente_para_Sala_Quarto_Cozinha_Moderno_LED_Dourado.webp?v=1748190597,public/pinterest/final/pin-2153.png,"Pinterest Pin vertical 2:3, imagem bonita full-bleed, sem card, sem borda, estilo foto premium realista. Tema: sala de jantar decorada. Cenário: sala de jantar elegante com cadeiras arrumadas, mesa posta clean e detalhes de decoração. Usar paleta Chique Home: off-white, bege, madeira clara, taupe suave, preto fosco, luz quente, visual premium brasileiro. Criar cenário bonito com título centralizado, curto e clicável em português: ""Sala de jantar decorada"". Texto elegante, alto contraste, estilo Pinterest Brasil, sem poluir. Cupom PINTEREST10 pequeno no canto inferior."
2154,Sala sofisticada,sala sofisticada,product_in_environment,Lustre Pendente para Sala/Quarto/Cozinha Moderno LED Espiral - Dourado,https://cdn.shopify.com/s/files/1/0864/2432/2353/files/Lustre_Pendente_para_Sala_Quarto_Cozinha_Moderno_LED_Dourado.webp?v=1748190597,public/pinterest/final/pin-2154.png,"Pinterest Pin vertical 2:3, imagem bonita full-bleed, sem card, sem borda, estilo foto premium realista. Tema: sala sofisticada. Cenário: sala de estar sofisticada, sofá neutro, almofadas decorativas, relógio de parede e decoração elegante. Usar paleta Chique Home: off-white, bege, madeira clara, taupe suave, preto fosco, luz quente, visual premium brasileiro. Aplicar visualmente o produto da Shopify em outro ambiente realista de forma natural. Produto: Lustre Pendente Moderno LED Espiral. Sem texto grande, foco em inspirar clique para compra."
2155,Sala sofisticada,decoracao de sala,listicle_idea_overlay,Lustre Pendente para Sala/Quarto/Cozinha Moderno LED Espiral - Dourado,https://cdn.shopify.com/s/files/1/0864/2432/2353/files/Lustre_Pendente_para_Sala_Quarto_Cozinha_Moderno_LED_Dourado.webp?v=1748190597,public/pinterest/final/pin-2155.png,"Pinterest Pin vertical 2:3, imagem bonita full-bleed, sem card, sem borda, estilo foto premium realista. Tema: decoração de sala. Cenário: sala de estar sofisticada, sofá neutro, almofadas decorativas, relógio de parede e decoração elegante. Usar paleta Chique Home: off-white, bege, madeira clara, taupe suave, preto fosco, luz quente, visual premium brasileiro. Criar imagem com produto ou ambiente em destaque, visual premium realista e clicável. Produto relacionado: Lustre Pendente Moderno LED Espiral."
2156,Cozinha elegante,projeto de cozinha,environment_full_bleed,Luminária de Teto para Sala/Quarto/Cozinha em LED Espiral - Branca,https://cdn.shopify.com/s/files/1/0864/2432/2353/files/Luminaria_de_Teto_para_Sala_Quarto_Cozinha_em_LED_branco_2.webp?v=1744760801,public/pinterest/final/pin-2156.png,"Pinterest Pin vertical 2:3, imagem bonita full-bleed, sem card, sem borda, estilo foto premium realista. Tema: projeto de cozinha. Cenário: cozinha pequena organizada, clean, clara, armários planejados, bancada livre, potes organizadores, bandeja decorativa, tapete de cozinha discreto. Usar paleta Chique Home: off-white, bege, madeira clara, taupe suave, preto fosco, luz quente, visual premium brasileiro. Criar um cenário inspiracional de ambiente, sem texto grande. A imagem precisa parecer resultado real de busca no Pinterest, bonita e clicável. Produto relacionado: Luminária de Teto em LED Espiral, aplicar apenas se fizer sentido natural."
2158,Sala sofisticada,decoração sala,environment_title_overlay,Luminária de Teto para Sala/Quarto/Cozinha em LED Espiral - Branca,https://cdn.shopify.com/s/files/1/0864/2432/2353/files/Luminaria_de_Teto_para_Sala_Quarto_Cozinha_em_LED_branco_2.webp?v=1744760801,public/pinterest/final/pin-2158.png,"Pinterest Pin vertical 2:3, imagem bonita full-bleed, sem card, sem borda, estilo foto premium realista. Tema: decoração sala. Cenário: sala de estar sofisticada, sofá neutro, almofadas decorativas, relógio de parede e decoração elegante. Usar paleta Chique Home: off-white, bege, madeira clara, taupe suave, preto fosco, luz quente, visual premium brasileiro. Criar cenário bonito com título centralizado, curto e clicável em português: ""Decoração sala"". Texto elegante, alto contraste, estilo Pinterest Brasil, sem poluir. Cupom PINTEREST10 pequeno no canto inferior."
2159,Cozinha elegante,decoração cozinha,product_in_environment,Luminária de Teto para Sala/Quarto/Cozinha em LED Espiral - Branca,https://cdn.shopify.com/s/files/1/0864/2432/2353/files/Luminaria_de_Teto_para_Sala_Quarto_Cozinha_em_LED_branco_2.webp?v=1744760801,public/pinterest/final/pin-2159.png,"Pinterest Pin vertical 2:3, imagem bonita full-bleed, sem card, sem borda, estilo foto premium realista. Tema: decoração cozinha. Cenário: cozinha pequena organizada, clean, clara, armários planejados, bancada livre, potes organizadores, bandeja decorativa, tapete de cozinha discreto. Usar paleta Chique Home: off-white, bege, madeira clara, taupe suave, preto fosco, luz quente, visual premium brasileiro. Aplicar visualmente o produto da Shopify em outro ambiente realista de forma natural. Produto: Luminária de Teto em LED Espiral. Sem texto grande, foco em inspirar clique para compra."
2160,Cozinha elegante,cozinha organizada,listicle_idea_overlay,Luminária de Teto para Sala/Quarto/Cozinha em LED Espiral - Branca,https://cdn.shopify.com/s/files/1/0864/2432/2353/files/Luminaria_de_Teto_para_Sala_Quarto_Cozinha_em_LED_branco_2.webp?v=1744760801,public/pinterest/final/pin-2160.png,"Pinterest Pin vertical 2:3, imagem bonita full-bleed, sem card, sem borda, estilo foto premium realista. Tema: cozinha organizada. Cenário: cozinha pequena organizada, clean, clara, armários planejados, bancada livre, potes organizadores, bandeja decorativa, tapete de cozinha discreto. Usar paleta Chique Home: off-white, bege, madeira clara, taupe suave, preto fosco, luz quente, visual premium brasileiro. Criar imagem com produto ou ambiente em destaque, visual premium realista e clicável. Produto relacionado: Luminária de Teto em LED Espiral."
2161,Cozinha elegante,cozinha pequena organizada,environment_full_bleed,Luminária de Teto para Sala/Quarto/Cozinha em LED Espiral - Branca,https://cdn.shopify.com/s/files/1/0864/2432/2353/files/Luminaria_de_Teto_para_Sala_Quarto_Cozinha_em_LED_branco_2.webp?v=1744760801,public/pinterest/final/pin-2161.png,"Pinterest Pin vertical 2:3, imagem bonita full-bleed, sem card, sem borda, estilo foto premium realista. Tema: cozinha pequena organizada. Cenário: cozinha pequena organizada, clean, clara, armários planejados, bancada livre, potes organizadores, bandeja decorativa, tapete de cozinha discreto. Usar paleta Chique Home: off-white, bege, madeira clara, taupe suave, preto fosco, luz quente, visual premium brasileiro. Criar um cenário inspiracional de ambiente, sem texto grande. A imagem precisa parecer resultado real de busca no Pinterest, bonita e clicável. Produto relacionado: Luminária de Teto em LED Espiral, aplicar apenas se fizer sentido natural."
2163,Mesa posta elegante,sala de jantar decorada,environment_title_overlay,Luminária de Teto para Sala/Quarto/Cozinha em LED Espiral - Branca,https://cdn.shopify.com/s/files/1/0864/2432/2353/files/Luminaria_de_Teto_para_Sala_Quarto_Cozinha_em_LED_branco_2.webp?v=1744760801,public/pinterest/final/pin-2163.png,"Pinterest Pin vertical 2:3, imagem bonita full-bleed, sem card, sem borda, estilo foto premium realista. Tema: sala de jantar decorada. Cenário: sala de jantar elegante com cadeiras arrumadas, mesa posta clean e detalhes de decoração. Usar paleta Chique Home: off-white, bege, madeira clara, taupe suave, preto fosco, luz quente, visual premium brasileiro. Criar cenário bonito com título centralizado, curto e clicável em português: ""Sala de jantar decorada"". Texto elegante, alto contraste, estilo Pinterest Brasil, sem poluir. Cupom PINTEREST10 pequeno no canto inferior."
2164,Sala sofisticada,sala sofisticada,product_in_environment,Luminária de Teto para Sala/Quarto/Cozinha em LED Espiral - Branca,https://cdn.shopify.com/s/files/1/0864/2432/2353/files/Luminaria_de_Teto_para_Sala_Quarto_Cozinha_em_LED_branco_2.webp?v=1744760801,public/pinterest/final/pin-2164.png,"Pinterest Pin vertical 2:3, imagem bonita full-bleed, sem card, sem borda, estilo foto premium realista. Tema: sala sofisticada. Cenário: sala de estar sofisticada, sofá neutro, almofadas decorativas, relógio de parede e decoração elegante. Usar paleta Chique Home: off-white, bege, madeira clara, taupe suave, preto fosco, luz quente, visual premium brasileiro. Aplicar visualmente o produto da Shopify em outro ambiente realista de forma natural. Produto: Luminária de Teto em LED Espiral. Sem texto grande, foco em inspirar clique para compra."
2165,Sala sofisticada,decoracao de sala,listicle_idea_overlay,Luminária de Teto para Sala/Quarto/Cozinha em LED Espiral - Branca,https://cdn.shopify.com/s/files/1/0864/2432/2353/files/Luminaria_de_Teto_para_Sala_Quarto_Cozinha_em_LED_branco_2.webp?v=1744760801,public/pinterest/final/pin-2165.png,"Pinterest Pin vertical 2:3, imagem bonita full-bleed, sem card, sem borda, estilo foto premium realista. Tema: decoração de sala. Cenário: sala de estar sofisticada, sofá neutro, almofadas decorativas, relógio de parede e decoração elegante. Usar paleta Chique Home: off-white, bege, madeira clara, taupe suave, preto fosco, luz quente, visual premium brasileiro. Criar imagem com produto ou ambiente em destaque, visual premium realista e clicável. Produto relacionado: Luminária de Teto em LED Espiral."
2166,Sala sofisticada,sala de estar apartamento,environment_full_bleed,Relógio de Mesa Digital Despertador Triangular Bege,http://chiquehome.com.br/cdn/shop/files/Relogio_Digital_de_Mesa_Despertador_LED_Triangular_bege_5.webp?v=1774525086,public/pinterest/final/pin-2166.png,"Pinterest Pin vertical 2:3, imagem bonita full-bleed, sem card, sem borda, estilo foto premium realista. Tema: sala de estar apartamento. Cenário: sala de estar sofisticada, sofá neutro, almofadas decorativas, relógio de parede e decoração elegante. Usar paleta Chique Home: off-white, bege, madeira clara, taupe suave, preto fosco, luz quente, visual premium brasileiro. Criar um cenário inspiracional de ambiente, sem texto grande. A imagem precisa parecer resultado real de busca no Pinterest, bonita e clicável. Produto relacionado: Relógio de Mesa Digital Despertador Triangular Bege, aplicar apenas se fizer sentido natural."
2168,Relogios de parede,relogio digital de mesa,environment_title_overlay,Relógio de Mesa Digital Despertador Triangular Bege,http://chiquehome.com.br/cdn/shop/files/Relogio_Digital_de_Mesa_Despertador_LED_Triangular_bege_5.webp?v=1774525086,public/pinterest/final/pin-2168.png,"Pinterest Pin vertical 2:3, imagem bonita full-bleed, sem card, sem borda, estilo foto premium realista. Tema: relógio digital de mesa. Cenário: parede de sala ou cozinha com relógio decorativo grande, composição limpa e elegante. Usar paleta Chique Home: off-white, bege, madeira clara, taupe suave, preto fosco, luz quente, visual premium brasileiro. Criar cenário bonito com título centralizado, curto e clicável em português: ""Relógio digital de mesa"". Texto elegante, alto contraste, estilo Pinterest Brasil, sem poluir. Cupom PINTEREST10 pequeno no canto inferior."
2169,Quarto decorado,relogio de mesa led,product_in_environment,Relógio de Mesa Digital Despertador Triangular Bege,http://chiquehome.com.br/cdn/shop/files/Relogio_Digital_de_Mesa_Despertador_LED_Triangular_bege_5.webp?v=1774525086,public/pinterest/final/pin-2169.png,"Pinterest Pin vertical 2:3, imagem bonita full-bleed, sem card, sem borda, estilo foto premium realista. Tema: relógio de mesa led. Cenário: quarto de casal pequeno decorado, mesa de cabeceira organizada, relógio digital e tons neutros. Usar paleta Chique Home: off-white, bege, madeira clara, taupe suave, preto fosco, luz quente, visual premium brasileiro. Aplicar visualmente o produto da Shopify em outro ambiente realista de forma natural. Produto: Relógio de Mesa Digital Despertador Triangular Bege. Sem texto grande, foco em inspirar clique para compra."
2170,Quarto decorado,relogio despertador digital,listicle_idea_overlay,Relógio de Mesa Digital Despertador Triangular Bege,http://chiquehome.com.br/cdn/shop/files/Relogio_Digital_de_Mesa_Despertador_LED_Triangular_bege_5.webp?v=1774525086,public/pinterest/final/pin-2170.png,"Pinterest Pin vertical 2:3, imagem bonita full-bleed, sem card, sem borda, estilo foto premium realista. Tema: relógio despertador digital. Cenário: quarto de casal pequeno decorado, mesa de cabeceira organizada, relógio digital e tons neutros. Usar paleta Chique Home: off-white, bege, madeira clara, taupe suave, preto fosco, luz quente, visual premium brasileiro. Criar imagem com produto ou ambiente em destaque, visual premium realista e clicável. Produto relacionado: Relógio de Mesa Digital Despertador Triangular Bege."
2173,Sala sofisticada,sala sofisticada,environment_title_overlay,Relógio de Mesa Digital Despertador Triangular Bege,http://chiquehome.com.br/cdn/shop/files/Relogio_Digital_de_Mesa_Despertador_LED_Triangular_bege_5.webp?v=1774525086,public/pinterest/final/pin-2173.png,"Pinterest Pin vertical 2:3, imagem bonita full-bleed, sem card, sem borda, estilo foto premium realista. Tema: sala sofisticada. Cenário: sala de estar sofisticada, sofá neutro, almofadas decorativas, relógio de parede e decoração elegante. Usar paleta Chique Home: off-white, bege, madeira clara, taupe suave, preto fosco, luz quente, visual premium brasileiro. Criar cenário bonito com título centralizado, curto e clicável em português: ""Sala sofisticada"". Texto elegante, alto contraste, estilo Pinterest Brasil, sem poluir. Cupom PINTEREST10 pequeno no canto inferior."
2174,Sala sofisticada,decoracao de sala,product_in_environment,Relógio de Mesa Digital Despertador Triangular Bege,http://chiquehome.com.br/cdn/shop/files/Relogio_Digital_de_Mesa_Despertador_LED_Triangular_bege_5.webp?v=1774525086,public/pinterest/final/pin-2174.png,"Pinterest Pin vertical 2:3, imagem bonita full-bleed, sem card, sem borda, estilo foto premium realista. Tema: decoração de sala. Cenário: sala de estar sofisticada, sofá neutro, almofadas decorativas, relógio de parede e decoração elegante. Usar paleta Chique Home: off-white, bege, madeira clara, taupe suave, preto fosco, luz quente, visual premium brasileiro. Aplicar visualmente o produto da Shopify em outro ambiente realista de forma natural. Produto: Relógio de Mesa Digital Despertador Triangular Bege. Sem texto grande, foco em inspirar clique para compra."
2175,Sala sofisticada,sala pequena decorada,listicle_idea_overlay,Relógio de Mesa Digital Despertador Triangular Bege,http://chiquehome.com.br/cdn/shop/files/Relogio_Digital_de_Mesa_Despertador_LED_Triangular_bege_5.webp?v=1774525086,public/pinterest/final/pin-2175.png,"Pinterest Pin vertical 2:3, imagem bonita full-bleed, sem card, sem borda, estilo foto premium realista. Tema: sala pequena decorada. Cenário: sala de estar sofisticada, sofá neutro, almofadas decorativas, relógio de parede e decoração elegante. Usar paleta Chique Home: off-white, bege, madeira clara, taupe suave, preto fosco, luz quente, visual premium brasileiro. Criar imagem com produto ou ambiente em destaque, visual premium realista e clicável. Produto relacionado: Relógio de Mesa Digital Despertador Triangular Bege."
2176,Sala sofisticada,sala de estar apartamento,environment_full_bleed,Relógio Digital de Mesa Despertador Redondo Branco,http://chiquehome.com.br/cdn/shop/files/Relogio_Digital_de_Mesa_Despertador_LED_Redondo_branco.webp?v=1761426162,public/pinterest/final/pin-2176.png,"Pinterest Pin vertical 2:3, imagem bonita full-bleed, sem card, sem borda, estilo foto premium realista. Tema: sala de estar apartamento. Cenário: sala de estar sofisticada, sofá neutro, almofadas decorativas, relógio de parede e decoração elegante. Usar paleta Chique Home: off-white, bege, madeira clara, taupe suave, preto fosco, luz quente, visual premium brasileiro. Criar um cenário inspiracional de ambiente, sem texto grande. A imagem precisa parecer resultado real de busca no Pinterest, bonita e clicável. Produto relacionado: Relógio Digital de Mesa Despertador Redondo Branco, aplicar apenas se fizer sentido natural."
2178,Relogios de parede,relogio digital de mesa,environment_title_overlay,Relógio Digital de Mesa Despertador Redondo Branco,http://chiquehome.com.br/cdn/shop/files/Relogio_Digital_de_Mesa_Despertador_LED_Redondo_branco.webp?v=1761426162,public/pinterest/final/pin-2178.png,"Pinterest Pin vertical 2:3, imagem bonita full-bleed, sem card, sem borda, estilo foto premium realista. Tema: relógio digital de mesa. Cenário: parede de sala ou cozinha com relógio decorativo grande, composição limpa e elegante. Usar paleta Chique Home: off-white, bege, madeira clara, taupe suave, preto fosco, luz quente, visual premium brasileiro. Criar cenário bonito com título centralizado, curto e clicável em português: ""Relógio digital de mesa"". Texto elegante, alto contraste, estilo Pinterest Brasil, sem poluir. Cupom PINTEREST10 pequeno no canto inferior."
2179,Quarto decorado,relogio de mesa led,product_in_environment,Relógio Digital de Mesa Despertador Redondo Branco,http://chiquehome.com.br/cdn/shop/files/Relogio_Digital_de_Mesa_Despertador_LED_Redondo_branco.webp?v=1761426162,public/pinterest/final/pin-2179.png,"Pinterest Pin vertical 2:3, imagem bonita full-bleed, sem card, sem borda, estilo foto premium realista. Tema: relógio de mesa led. Cenário: quarto de casal pequeno decorado, mesa de cabeceira organizada, relógio digital e tons neutros. Usar paleta Chique Home: off-white, bege, madeira clara, taupe suave, preto fosco, luz quente, visual premium brasileiro. Aplicar visualmente o produto da Shopify em outro ambiente realista de forma natural. Produto: Relógio Digital de Mesa Despertador Redondo Branco. Sem texto grande, foco em inspirar clique para compra."
2180,Quarto decorado,relogio despertador digital,listicle_idea_overlay,Relógio Digital de Mesa Despertador Redondo Branco,http://chiquehome.com.br/cdn/shop/files/Relogio_Digital_de_Mesa_Despertador_LED_Redondo_branco.webp?v=1761426162,public/pinterest/final/pin-2180.png,"Pinterest Pin vertical 2:3, imagem bonita full-bleed, sem card, sem borda, estilo foto premium realista. Tema: relógio despertador digital. Cenário: quarto de casal pequeno decorado, mesa de cabeceira organizada, relógio digital e tons neutros. Usar paleta Chique Home: off-white, bege, madeira clara, taupe suave, preto fosco, luz quente, visual premium brasileiro. Criar imagem com produto ou ambiente em destaque, visual premium realista e clicável. Produto relacionado: Relógio Digital de Mesa Despertador Redondo Branco."
2181,Mesa posta elegante,sala de jantar decorada,environment_full_bleed,Relógio Digital de Mesa Despertador Redondo Branco,http://chiquehome.com.br/cdn/shop/files/Relogio_Digital_de_Mesa_Despertador_LED_Redondo_branco.webp?v=1761426162,public/pinterest/final/pin-2181.png,"Pinterest Pin vertical 2:3, imagem bonita full-bleed, sem card, sem borda, estilo foto premium realista. Tema: sala de jantar decorada. Cenário: sala de jantar elegante com cadeiras arrumadas, mesa posta clean e detalhes de decoração. Usar paleta Chique Home: off-white, bege, madeira clara, taupe suave, preto fosco, luz quente, visual premium brasileiro. Criar um cenário inspiracional de ambiente, sem texto grande. A imagem precisa parecer resultado real de busca no Pinterest, bonita e clicável. Produto relacionado: Relógio Digital de Mesa Despertador Redondo Branco, aplicar apenas se fizer sentido natural."
2183,Sala sofisticada,decoracao de sala,environment_title_overlay,Relógio Digital de Mesa Despertador Redondo Branco,http://chiquehome.com.br/cdn/shop/files/Relogio_Digital_de_Mesa_Despertador_LED_Redondo_branco.webp?v=1761426162,public/pinterest/final/pin-2183.png,"Pinterest Pin vertical 2:3, imagem bonita full-bleed, sem card, sem borda, estilo foto premium realista. Tema: decoração de sala. Cenário: sala de estar sofisticada, sofá neutro, almofadas decorativas, relógio de parede e decoração elegante. Usar paleta Chique Home: off-white, bege, madeira clara, taupe suave, preto fosco, luz quente, visual premium brasileiro. Criar cenário bonito com título centralizado, curto e clicável em português: ""Decoração de sala"". Texto elegante, alto contraste, estilo Pinterest Brasil, sem poluir. Cupom PINTEREST10 pequeno no canto inferior."
2184,Sala sofisticada,sala pequena decorada,product_in_environment,Relógio Digital de Mesa Despertador Redondo Branco,http://chiquehome.com.br/cdn/shop/files/Relogio_Digital_de_Mesa_Despertador_LED_Redondo_branco.webp?v=1761426162,public/pinterest/final/pin-2184.png,"Pinterest Pin vertical 2:3, imagem bonita full-bleed, sem card, sem borda, estilo foto premium realista. Tema: sala pequena decorada. Cenário: sala de estar sofisticada, sofá neutro, almofadas decorativas, relógio de parede e decoração elegante. Usar paleta Chique Home: off-white, bege, madeira clara, taupe suave, preto fosco, luz quente, visual premium brasileiro. Aplicar visualmente o produto da Shopify em outro ambiente realista de forma natural. Produto: Relógio Digital de Mesa Despertador Redondo Branco. Sem texto grande, foco em inspirar clique para compra."
2185,Sala sofisticada,decoracao de sala pequena,listicle_idea_overlay,Relógio Digital de Mesa Despertador Redondo Branco,http://chiquehome.com.br/cdn/shop/files/Relogio_Digital_de_Mesa_Despertador_LED_Redondo_branco.webp?v=1761426162,public/pinterest/final/pin-2185.png,"Pinterest Pin vertical 2:3, imagem bonita full-bleed, sem card, sem borda, estilo foto premium realista. Tema: decoração de sala pequena. Cenário: sala de estar sofisticada, sofá neutro, almofadas decorativas, relógio de parede e decoração elegante. Usar paleta Chique Home: off-white, bege, madeira clara, taupe suave, preto fosco, luz quente, visual premium brasileiro. Criar imagem com produto ou ambiente em destaque, visual premium realista e clicável. Produto relacionado: Relógio Digital de Mesa Despertador Redondo Branco."
2186,Sala sofisticada,sala de estar apartamento,environment_full_bleed,Relógio de Mesa Digital Carregador Sem Fio e Luminária LED 3 em 1,http://chiquehome.com.br/cdn/shop/files/Relogio_de_Mesa_Digital_Carregador_Sem_Fio_Luminaria_LED_3.webp?v=1739673022,public/pinterest/final/pin-2186.png,"Pinterest Pin vertical 2:3, imagem bonita full-bleed, sem card, sem borda, estilo foto premium realista. Tema: sala de estar apartamento. Cenário: sala de estar sofisticada, sofá neutro, almofadas decorativas, relógio de parede e decoração elegante. Usar paleta Chique Home: off-white, bege, madeira clara, taupe suave, preto fosco, luz quente, visual premium brasileiro. Criar um cenário inspiracional de ambiente, sem texto grande. A imagem precisa parecer resultado real de busca no Pinterest, bonita e clicável. Produto relacionado: Relógio de Mesa Digital Carregador Sem Fio e Luminária LED 3 em 1, aplicar apenas se fizer sentido natural."
2188,Relogios de parede,relogio digital de mesa,environment_title_overlay,Relógio de Mesa Digital Carregador Sem Fio e Luminária LED 3 em 1,http://chiquehome.com.br/cdn/shop/files/Relogio_de_Mesa_Digital_Carregador_Sem_Fio_Luminaria_LED_3.webp?v=1739673022,public/pinterest/final/pin-2188.png,"Pinterest Pin vertical 2:3, imagem bonita full-bleed, sem card, sem borda, estilo foto premium realista. Tema: relógio digital de mesa. Cenário: parede de sala ou cozinha com relógio decorativo grande, composição limpa e elegante. Usar paleta Chique Home: off-white, bege, madeira clara, taupe suave, preto fosco, luz quente, visual premium brasileiro. Criar cenário bonito com título centralizado, curto e clicável em português: ""Relógio digital de mesa"". Texto elegante, alto contraste, estilo Pinterest Brasil, sem poluir. Cupom PINTEREST10 pequeno no canto inferior."
2189,Quarto decorado,relogio de mesa led,product_in_environment,Relógio de Mesa Digital Carregador Sem Fio e Luminária LED 3 em 1,http://chiquehome.com.br/cdn/shop/files/Relogio_de_Mesa_Digital_Carregador_Sem_Fio_Luminaria_LED_3.webp?v=1739673022,public/pinterest/final/pin-2189.png,"Pinterest Pin vertical 2:3, imagem bonita full-bleed, sem card, sem borda, estilo foto premium realista. Tema: relógio de mesa led. Cenário: quarto de casal pequeno decorado, mesa de cabeceira organizada, relógio digital e tons neutros. Usar paleta Chique Home: off-white, bege, madeira clara, taupe suave, preto fosco, luz quente, visual premium brasileiro. Aplicar visualmente o produto da Shopify em outro ambiente realista de forma natural. Produto: Relógio de Mesa Digital Carregador Sem Fio e Luminária LED 3 em 1. Sem texto grande, foco em inspirar clique para compra."
2190,Quarto decorado,relogio despertador digital,listicle_idea_overlay,Relógio de Mesa Digital Carregador Sem Fio e Luminária LED 3 em 1,http://chiquehome.com.br/cdn/shop/files/Relogio_de_Mesa_Digital_Carregador_Sem_Fio_Luminaria_LED_3.webp?v=1739673022,public/pinterest/final/pin-2190.png,"Pinterest Pin vertical 2:3, imagem bonita full-bleed, sem card, sem borda, estilo foto premium realista. Tema: relógio despertador digital. Cenário: quarto de casal pequeno decorado, mesa de cabeceira organizada, relógio digital e tons neutros. Usar paleta Chique Home: off-white, bege, madeira clara, taupe suave, preto fosco, luz quente, visual premium brasileiro. Criar imagem com produto ou ambiente em destaque, visual premium realista e clicável. Produto relacionado: Relógio de Mesa Digital Carregador Sem Fio e Luminária LED 3 em 1."
2191,Mesa posta elegante,sala de jantar decorada,environment_full_bleed,Relógio de Mesa Digital Carregador Sem Fio e Luminária LED 3 em 1,http://chiquehome.com.br/cdn/shop/files/Relogio_de_Mesa_Digital_Carregador_Sem_Fio_Luminaria_LED_3.webp?v=1739673022,public/pinterest/final/pin-2191.png,"Pinterest Pin vertical 2:3, imagem bonita full-bleed, sem card, sem borda, estilo foto premium realista. Tema: sala de jantar decorada. Cenário: sala de jantar elegante com cadeiras arrumadas, mesa posta clean e detalhes de decoração. Usar paleta Chique Home: off-white, bege, madeira clara, taupe suave, preto fosco, luz quente, visual premium brasileiro. Criar um cenário inspiracional de ambiente, sem texto grande. A imagem precisa parecer resultado real de busca no Pinterest, bonita e clicável. Produto relacionado: Relógio de Mesa Digital Carregador Sem Fio e Luminária LED 3 em 1, aplicar apenas se fizer sentido natural."
2193,Sala sofisticada,decoracao de sala,environment_title_overlay,Relógio de Mesa Digital Carregador Sem Fio e Luminária LED 3 em 1,http://chiquehome.com.br/cdn/shop/files/Relogio_de_Mesa_Digital_Carregador_Sem_Fio_Luminaria_LED_3.webp?v=1739673022,public/pinterest/final/pin-2193.png,"Pinterest Pin vertical 2:3, imagem bonita full-bleed, sem card, sem borda, estilo foto premium realista. Tema: decoração de sala. Cenário: sala de estar sofisticada, sofá neutro, almofadas decorativas, relógio de parede e decoração elegante. Usar paleta Chique Home: off-white, bege, madeira clara, taupe suave, preto fosco, luz quente, visual premium brasileiro. Criar cenário bonito com título centralizado, curto e clicável em português: ""Decoração de sala"". Texto elegante, alto contraste, estilo Pinterest Brasil, sem poluir. Cupom PINTEREST10 pequeno no canto inferior."
2194,Sala sofisticada,sala pequena decorada,product_in_environment,Relógio de Mesa Digital Carregador Sem Fio e Luminária LED 3 em 1,http://chiquehome.com.br/cdn/shop/files/Relogio_de_Mesa_Digital_Carregador_Sem_Fio_Luminaria_LED_3.webp?v=1739673022,public/pinterest/final/pin-2194.png,"Pinterest Pin vertical 2:3, imagem bonita full-bleed, sem card, sem borda, estilo foto premium realista. Tema: sala pequena decorada. Cenário: sala de estar sofisticada, sofá neutro, almofadas decorativas, relógio de parede e decoração elegante. Usar paleta Chique Home: off-white, bege, madeira clara, taupe suave, preto fosco, luz quente, visual premium brasileiro. Aplicar visualmente o produto da Shopify em outro ambiente realista de forma natural. Produto: Relógio de Mesa Digital Carregador Sem Fio e Luminária LED 3 em 1. Sem texto grande, foco em inspirar clique para compra."
2195,Sala sofisticada,decoracao de sala pequena,listicle_idea_overlay,Relógio de Mesa Digital Carregador Sem Fio e Luminária LED 3 em 1,http://chiquehome.com.br/cdn/shop/files/Relogio_de_Mesa_Digital_Carregador_Sem_Fio_Luminaria_LED_3.webp?v=1739673022,public/pinterest/final/pin-2195.png,"Pinterest Pin vertical 2:3, imagem bonita full-bleed, sem card, sem borda, estilo foto premium realista. Tema: decoração de sala pequena. Cenário: sala de estar sofisticada, sofá neutro, almofadas decorativas, relógio de parede e decoração elegante. Usar paleta Chique Home: off-white, bege, madeira clara, taupe suave, preto fosco, luz quente, visual premium brasileiro. Criar imagem com produto ou ambiente em destaque, visual premium realista e clicável. Produto relacionado: Relógio de Mesa Digital Carregador Sem Fio e Luminária LED 3 em 1."
2196,Sala sofisticada,sala de estar apartamento,environment_full_bleed,Capa de Almofada de Tricô 45x45 para Sofá Decorativa de Luxo,http://chiquehome.com.br/cdn/shop/files/Capa_de_Almofada_de_Trico_45x45_para_Sofa_Decorativa_de_Luxo.webp?v=1729558953,public/pinterest/final/pin-2196.png,"Pinterest Pin vertical 2:3, imagem bonita full-bleed, sem card, sem borda, estilo foto premium realista. Tema: sala de estar apartamento. Cenário: sala de estar sofisticada, sofá neutro, almofadas decorativas, relógio de parede e decoração elegante. Usar paleta Chique Home: off-white, bege, madeira clara, taupe suave, preto fosco, luz quente, visual premium brasileiro. Criar um cenário inspiracional de ambiente, sem texto grande. A imagem precisa parecer resultado real de busca no Pinterest, bonita e clicável. Produto relacionado: Capa de Almofada de Tricô 45x45 para Sofá Decorativa de Luxo, aplicar apenas se fizer sentido natural."
2198,Mesa posta elegante,sala de jantar decorada,environment_title_overlay,Capa de Almofada de Tricô 45x45 para Sofá Decorativa de Luxo,http://chiquehome.com.br/cdn/shop/files/Capa_de_Almofada_de_Trico_45x45_para_Sofa_Decorativa_de_Luxo.webp?v=1729558953,public/pinterest/final/pin-2198.png,"Pinterest Pin vertical 2:3, imagem bonita full-bleed, sem card, sem borda, estilo foto premium realista. Tema: sala de jantar decorada. Cenário: sala de jantar elegante com cadeiras arrumadas, mesa posta clean e detalhes de decoração. Usar paleta Chique Home: off-white, bege, madeira clara, taupe suave, preto fosco, luz quente, visual premium brasileiro. Criar cenário bonito com título centralizado, curto e clicável em português: ""Sala de jantar decorada"". Texto elegante, alto contraste, estilo Pinterest Brasil, sem poluir. Cupom PINTEREST10 pequeno no canto inferior."
2199,Sala sofisticada,capa almofada sofa luxo,product_in_environment,Capa de Almofada de Tricô 45x45 para Sofá Decorativa de Luxo,http://chiquehome.com.br/cdn/shop/files/Capa_de_Almofada_de_Trico_45x45_para_Sofa_Decorativa_de_Luxo.webp?v=1729558953,public/pinterest/final/pin-2199.png,"Pinterest Pin vertical 2:3, imagem bonita full-bleed, sem card, sem borda, estilo foto premium realista. Tema: capa almofada sofá luxo. Cenário: sala de estar sofisticada, sofá neutro, almofadas decorativas, relógio de parede e decoração elegante. Usar paleta Chique Home: off-white, bege, madeira clara, taupe suave, preto fosco, luz quente, visual premium brasileiro. Aplicar visualmente o produto da Shopify em outro ambiente realista de forma natural. Produto: Capa de Almofada de Tricô 45x45 para Sofá Decorativa de Luxo. Sem texto grande, foco em inspirar clique para compra."
2200,Sala sofisticada,almofada decorativa sofa,listicle_idea_overlay,Capa de Almofada de Tricô 45x45 para Sofá Decorativa de Luxo,http://chiquehome.com.br/cdn/shop/files/Capa_de_Almofada_de_Trico_45x45_para_Sofa_Decorativa_de_Luxo.webp?v=1729558953,public/pinterest/final/pin-2200.png,"Pinterest Pin vertical 2:3, imagem bonita full-bleed, sem card, sem borda, estilo foto premium realista. Tema: almofada decorativa sofá. Cenário: sala de estar sofisticada, sofá neutro, almofadas decorativas, relógio de parede e decoração elegante. Usar paleta Chique Home: off-white, bege, madeira clara, taupe suave, preto fosco, luz quente, visual premium brasileiro. Criar imagem com produto ou ambiente em destaque, visual premium realista e clicável. Produto relacionado: Capa de Almofada de Tricô 45x45 para Sofá Decorativa de Luxo."
2201,Sala sofisticada,sala sofisticada,environment_full_bleed,Capa de Almofada de Tricô 45x45 para Sofá Decorativa de Luxo,http://chiquehome.com.br/cdn/shop/files/Capa_de_Almofada_de_Trico_45x45_para_Sofa_Decorativa_de_Luxo.webp?v=1729558953,public/pinterest/final/pin-2201.png,"Pinterest Pin vertical 2:3, imagem bonita full-bleed, sem card, sem borda, estilo foto premium realista. Tema: sala sofisticada. Cenário: sala de estar sofisticada, sofá neutro, almofadas decorativas, relógio de parede e decoração elegante. Usar paleta Chique Home: off-white, bege, madeira clara, taupe suave, preto fosco, luz quente, visual premium brasileiro. Criar um cenário inspiracional de ambiente, sem texto grande. A imagem precisa parecer resultado real de busca no Pinterest, bonita e clicável. Produto relacionado: Capa de Almofada de Tricô 45x45 para Sofá Decorativa de Luxo, aplicar apenas se fizer sentido natural."
2203,Sala sofisticada,sala pequena decorada,environment_title_overlay,Capa de Almofada de Tricô 45x45 para Sofá Decorativa de Luxo,http://chiquehome.com.br/cdn/shop/files/Capa_de_Almofada_de_Trico_45x45_para_Sofa_Decorativa_de_Luxo.webp?v=1729558953,public/pinterest/final/pin-2203.png,"Pinterest Pin vertical 2:3, imagem bonita full-bleed, sem card, sem borda, estilo foto premium realista. Tema: sala pequena decorada. Cenário: sala de estar sofisticada, sofá neutro, almofadas decorativas, relógio de parede e decoração elegante. Usar paleta Chique Home: off-white, bege, madeira clara, taupe suave, preto fosco, luz quente, visual premium brasileiro. Criar cenário bonito com título centralizado, curto e clicável em português: ""Sala pequena decorada"". Texto elegante, alto contraste, estilo Pinterest Brasil, sem poluir. Cupom PINTEREST10 pequeno no canto inferior."
2204,Sala sofisticada,decoracao de sala pequena,product_in_environment,Capa de Almofada de Tricô 45x45 para Sofá Decorativa de Luxo,http://chiquehome.com.br/cdn/shop/files/Capa_de_Almofada_de_Trico_45x45_para_Sofa_Decorativa_de_Luxo.webp?v=1729558953,public/pinterest/final/pin-2204.png,"Pinterest Pin vertical 2:3, imagem bonita full-bleed, sem card, sem borda, estilo foto premium realista. Tema: decoração de sala pequena. Cenário: sala de estar sofisticada, sofá neutro, almofadas decorativas, relógio de parede e decoração elegante. Usar paleta Chique Home: off-white, bege, madeira clara, taupe suave, preto fosco, luz quente, visual premium brasileiro. Aplicar visualmente o produto da Shopify em outro ambiente realista de forma natural. Produto: Capa de Almofada de Tricô 45x45 para Sofá Decorativa de Luxo. Sem texto grande, foco em inspirar clique para compra."
2205,Sala sofisticada,sala sofisticada,listicle_idea_overlay,Capa de Almofada de Tricô 45x45 para Sofá Decorativa de Luxo,http://chiquehome.com.br/cdn/shop/files/Capa_de_Almofada_de_Trico_45x45_para_Sofa_Decorativa_de_Luxo.webp?v=1729558953,public/pinterest/final/pin-2205.png,"Pinterest Pin vertical 2:3, imagem bonita full-bleed, sem card, sem borda, estilo foto premium realista. Tema: sala sofisticada. Cenário: sala de estar sofisticada, sofá neutro, almofadas decorativas, relógio de parede e decoração elegante. Usar paleta Chique Home: off-white, bege, madeira clara, taupe suave, preto fosco, luz quente, visual premium brasileiro. Criar imagem com produto ou ambiente em destaque, visual premium realista e clicável. Produto relacionado: Capa de Almofada de Tricô 45x45 para Sofá Decorativa de Luxo."
2206,Sala sofisticada,sala de estar apartamento,environment_full_bleed,Livro Caixa Decorativo Falso Moderno - Decoração,http://chiquehome.com.br/cdn/shop/files/Livro_Caixa_Decorativo_Falso_Moderno_Decoracao_sala_escritorio.webp?v=1777253342,public/pinterest/final/pin-2206.png,"Pinterest Pin vertical 2:3, imagem bonita full-bleed, sem card, sem borda, estilo foto premium realista. Tema: sala de estar apartamento. Cenário: sala de estar sofisticada, sofá neutro, almofadas decorativas, relógio de parede e decoração elegante. Usar paleta Chique Home: off-white, bege, madeira clara, taupe suave, preto fosco, luz quente, visual premium brasileiro. Criar um cenário inspiracional de ambiente, sem texto grande. A imagem precisa parecer resultado real de busca no Pinterest, bonita e clicável. Produto relacionado: Livro Caixa Decorativo Falso Moderno, aplicar apenas se fizer sentido natural."
2208,Mesa posta elegante,sala de jantar decorada,environment_title_overlay,Livro Caixa Decorativo Falso Moderno - Decoração,http://chiquehome.com.br/cdn/shop/files/Livro_Caixa_Decorativo_Falso_Moderno_Decoracao_sala_escritorio.webp?v=1777253342,public/pinterest/final/pin-2208.png,"Pinterest Pin vertical 2:3, imagem bonita full-bleed, sem card, sem borda, estilo foto premium realista. Tema: sala de jantar decorada. Cenário: sala de jantar elegante com cadeiras arrumadas, mesa posta clean e detalhes de decoração. Usar paleta Chique Home: off-white, bege, madeira clara, taupe suave, preto fosco, luz quente, visual premium brasileiro. Criar cenário bonito com título centralizado, curto e clicável em português: ""Sala de jantar decorada"". Texto elegante, alto contraste, estilo Pinterest Brasil, sem poluir. Cupom PINTEREST10 pequeno no canto inferior."
2209,Sala sofisticada,sala sofisticada,product_in_environment,Livro Caixa Decorativo Falso Moderno - Decoração,http://chiquehome.com.br/cdn/shop/files/Livro_Caixa_Decorativo_Falso_Moderno_Decoracao_sala_escritorio.webp?v=1777253342,public/pinterest/final/pin-2209.png,"Pinterest Pin vertical 2:3, imagem bonita full-bleed, sem card, sem borda, estilo foto premium realista. Tema: sala sofisticada. Cenário: sala de estar sofisticada, sofá neutro, almofadas decorativas, relógio de parede e decoração elegante. Usar paleta Chique Home: off-white, bege, madeira clara, taupe suave, preto fosco, luz quente, visual premium brasileiro. Aplicar visualmente o produto da Shopify em outro ambiente realista de forma natural. Produto: Livro Caixa Decorativo Falso Moderno. Sem texto grande, foco em inspirar clique para compra."
2210,Sala sofisticada,decoracao de sala,listicle_idea_overlay,Livro Caixa Decorativo Falso Moderno - Decoração,http://chiquehome.com.br/cdn/shop/files/Livro_Caixa_Decorativo_Falso_Moderno_Decoracao_sala_escritorio.webp?v=1777253342,public/pinterest/final/pin-2210.png,"Pinterest Pin vertical 2:3, imagem bonita full-bleed, sem card, sem borda, estilo foto premium realista. Tema: decoração de sala. Cenário: sala de estar sofisticada, sofá neutro, almofadas decorativas, relógio de parede e decoração elegante. Usar paleta Chique Home: off-white, bege, madeira clara, taupe suave, preto fosco, luz quente, visual premium brasileiro. Criar imagem com produto ou ambiente em destaque, visual premium realista e clicável. Produto relacionado: Livro Caixa Decorativo Falso Moderno."
2211,Sala sofisticada,sala pequena decorada,environment_full_bleed,Livro Caixa Decorativo Falso Moderno - Decoração,http://chiquehome.com.br/cdn/shop/files/Livro_Caixa_Decorativo_Falso_Moderno_Decoracao_sala_escritorio.webp?v=1777253342,public/pinterest/final/pin-2211.png,"Pinterest Pin vertical 2:3, imagem bonita full-bleed, sem card, sem borda, estilo foto premium realista. Tema: sala pequena decorada. Cenário: sala de estar sofisticada, sofá neutro, almofadas decorativas, relógio de parede e decoração elegante. Usar paleta Chique Home: off-white, bege, madeira clara, taupe suave, preto fosco, luz quente, visual premium brasileiro. Criar um cenário inspiracional de ambiente, sem texto grande. A imagem precisa parecer resultado real de busca no Pinterest, bonita e clicável. Produto relacionado: Livro Caixa Decorativo Falso Moderno, aplicar apenas se fizer sentido natural."
2213,Sala sofisticada,sala sofisticada,environment_title_overlay,Livro Caixa Decorativo Falso Moderno - Decoração,http://chiquehome.com.br/cdn/shop/files/Livro_Caixa_Decorativo_Falso_Moderno_Decoracao_sala_escritorio.webp?v=1777253342,public/pinterest/final/pin-2213.png,"Pinterest Pin vertical 2:3, imagem bonita full-bleed, sem card, sem borda, estilo foto premium realista. Tema: sala sofisticada. Cenário: sala de estar sofisticada, sofá neutro, almofadas decorativas, relógio de parede e decoração elegante. Usar paleta Chique Home: off-white, bege, madeira clara, taupe suave, preto fosco, luz quente, visual premium brasileiro. Criar cenário bonito com título centralizado, curto e clicável em português: ""Sala sofisticada"". Texto elegante, alto contraste, estilo Pinterest Brasil, sem poluir. Cupom PINTEREST10 pequeno no canto inferior."
2214,Sala sofisticada,sala elegante,product_in_environment,Livro Caixa Decorativo Falso Moderno - Decoração,http://chiquehome.com.br/cdn/shop/files/Livro_Caixa_Decorativo_Falso_Moderno_Decoracao_sala_escritorio.webp?v=1777253342,public/pinterest/final/pin-2214.png,"Pinterest Pin vertical 2:3, imagem bonita full-bleed, sem card, sem borda, estilo foto premium realista. Tema: sala elegante. Cenário: sala de estar sofisticada, sofá neutro, almofadas decorativas, relógio de parede e decoração elegante. Usar paleta Chique Home: off-white, bege, madeira clara, taupe suave, preto fosco, luz quente, visual premium brasileiro. Aplicar visualmente o produto da Shopify em outro ambiente realista de forma natural. Produto: Livro Caixa Decorativo Falso Moderno. Sem texto grande, foco em inspirar clique para compra."
2215,Decoracao de parede,decoracao de parede,listicle_idea_overlay,Livro Caixa Decorativo Falso Moderno - Decoração,http://chiquehome.com.br/cdn/shop/files/Livro_Caixa_Decorativo_Falso_Moderno_Decoracao_sala_escritorio.webp?v=1777253342,public/pinterest/final/pin-2215.png,"Pinterest Pin vertical 2:3, imagem bonita full-bleed, sem card, sem borda, estilo foto premium realista. Tema: decoração de parede. Cenário: parede decorada com composição minimalista, relógio decorativo, prateleira ou textura discreta. Usar paleta Chique Home: off-white, bege, madeira clara, taupe suave, preto fosco, luz quente, visual premium brasileiro. Criar imagem com produto ou ambiente em destaque, visual premium realista e clicável. Produto relacionado: Livro Caixa Decorativo Falso Moderno."
2216,Sala sofisticada,sala de estar apartamento,environment_full_bleed,Capa para Cadeira de Jantar Impermeável Curva Decorativa,http://chiquehome.com.br/cdn/shop/files/capa-para-cadeira-de-jantar-impermeavel-curva-cinza-ciano.webp?v=1779658634,public/pinterest/final/pin-2216.png,"Pinterest Pin vertical 2:3, imagem bonita full-bleed, sem card, sem borda, estilo foto premium realista. Tema: sala de estar apartamento. Cenário: sala de estar sofisticada, sofá neutro, almofadas decorativas, relógio de parede e decoração elegante. Usar paleta Chique Home: off-white, bege, madeira clara, taupe suave, preto fosco, luz quente, visual premium brasileiro. Criar um cenário inspiracional de ambiente, sem texto grande. A imagem precisa parecer resultado real de busca no Pinterest, bonita e clicável. Produto relacionado: Capa para Cadeira de Jantar Impermeável Curva Decorativa, aplicar apenas se fizer sentido natural."
2218,Mesa posta elegante,capa cadeira jantar,environment_title_overlay,Capa para Cadeira de Jantar Impermeável Curva Decorativa,http://chiquehome.com.br/cdn/shop/files/capa-para-cadeira-de-jantar-impermeavel-curva-cinza-ciano.webp?v=1779658634,public/pinterest/final/pin-2218.png,"Pinterest Pin vertical 2:3, imagem bonita full-bleed, sem card, sem borda, estilo foto premium realista. Tema: capa cadeira jantar. Cenário: sala de jantar elegante com cadeiras arrumadas, mesa posta clean e detalhes de decoração. Usar paleta Chique Home: off-white, bege, madeira clara, taupe suave, preto fosco, luz quente, visual premium brasileiro. Criar cenário bonito com título centralizado, curto e clicável em português: ""Capa cadeira jantar"". Texto elegante, alto contraste, estilo Pinterest Brasil, sem poluir. Cupom PINTEREST10 pequeno no canto inferior."
2219,Mesa posta elegante,capa cadeira impermeavel,product_in_environment,Capa para Cadeira de Jantar Impermeável Curva Decorativa,http://chiquehome.com.br/cdn/shop/files/capa-para-cadeira-de-jantar-impermeavel-curva-cinza-ciano.webp?v=1779658634,public/pinterest/final/pin-2219.png,"Pinterest Pin vertical 2:3, imagem bonita full-bleed, sem card, sem borda, estilo foto premium realista. Tema: capa cadeira impermeável. Cenário: sala de jantar elegante com cadeiras arrumadas, mesa posta clean e detalhes de decoração. Usar paleta Chique Home: off-white, bege, madeira clara, taupe suave, preto fosco, luz quente, visual premium brasileiro. Aplicar visualmente o produto da Shopify em outro ambiente realista de forma natural. Produto: Capa para Cadeira de Jantar Impermeável Curva Decorativa. Sem texto grande, foco em inspirar clique para compra."
2220,Mesa posta elegante,sala de jantar decorada,listicle_idea_overlay,Capa para Cadeira de Jantar Impermeável Curva Decorativa,http://chiquehome.com.br/cdn/shop/files/capa-para-cadeira-de-jantar-impermeavel-curva-cinza-ciano.webp?v=1779658634,public/pinterest/final/pin-2220.png,"Pinterest Pin vertical 2:3, imagem bonita full-bleed, sem card, sem borda, estilo foto premium realista. Tema: sala de jantar decorada. Cenário: sala de jantar elegante com cadeiras arrumadas, mesa posta clean e detalhes de decoração. Usar paleta Chique Home: off-white, bege, madeira clara, taupe suave, preto fosco, luz quente, visual premium brasileiro. Criar imagem com produto ou ambiente em destaque, visual premium realista e clicável. Produto relacionado: Capa para Cadeira de Jantar Impermeável Curva Decorativa."
2221,Sala sofisticada,sala sofisticada,environment_full_bleed,Capa para Cadeira de Jantar Impermeável Curva Decorativa,http://chiquehome.com.br/cdn/shop/files/capa-para-cadeira-de-jantar-impermeavel-curva-cinza-ciano.webp?v=1779658634,public/pinterest/final/pin-2221.png,"Pinterest Pin vertical 2:3, imagem bonita full-bleed, sem card, sem borda, estilo foto premium realista. Tema: sala sofisticada. Cenário: sala de estar sofisticada, sofá neutro, almofadas decorativas, relógio de parede e decoração elegante. Usar paleta Chique Home: off-white, bege, madeira clara, taupe suave, preto fosco, luz quente, visual premium brasileiro. Criar um cenário inspiracional de ambiente, sem texto grande. A imagem precisa parecer resultado real de busca no Pinterest, bonita e clicável. Produto relacionado: Capa para Cadeira de Jantar Impermeável Curva Decorativa, aplicar apenas se fizer sentido natural."
2223,Sala sofisticada,sala pequena decorada,environment_title_overlay,Capa para Cadeira de Jantar Impermeável Curva Decorativa,http://chiquehome.com.br/cdn/shop/files/capa-para-cadeira-de-jantar-impermeavel-curva-cinza-ciano.webp?v=1779658634,public/pinterest/final/pin-2223.png,"Pinterest Pin vertical 2:3, imagem bonita full-bleed, sem card, sem borda, estilo foto premium realista. Tema: sala pequena decorada. Cenário: sala de estar sofisticada, sofá neutro, almofadas decorativas, relógio de parede e decoração elegante. Usar paleta Chique Home: off-white, bege, madeira clara, taupe suave, preto fosco, luz quente, visual premium brasileiro. Criar cenário bonito com título centralizado, curto e clicável em português: ""Sala pequena decorada"". Texto elegante, alto contraste, estilo Pinterest Brasil, sem poluir. Cupom PINTEREST10 pequeno no canto inferior."
2224,Sala sofisticada,decoracao de sala pequena,product_in_environment,Capa para Cadeira de Jantar Impermeável Curva Decorativa,http://chiquehome.com.br/cdn/shop/files/capa-para-cadeira-de-jantar-impermeavel-curva-cinza-ciano.webp?v=1779658634,public/pinterest/final/pin-2224.png,"Pinterest Pin vertical 2:3, imagem bonita full-bleed, sem card, sem borda, estilo foto premium realista. Tema: decoração de sala pequena. Cenário: sala de estar sofisticada, sofá neutro, almofadas decorativas, relógio de parede e decoração elegante. Usar paleta Chique Home: off-white, bege, madeira clara, taupe suave, preto fosco, luz quente, visual premium brasileiro. Aplicar visualmente o produto da Shopify em outro ambiente realista de forma natural. Produto: Capa para Cadeira de Jantar Impermeável Curva Decorativa. Sem texto grande, foco em inspirar clique para compra."
2225,Sala sofisticada,sala sofisticada,listicle_idea_overlay,Capa para Cadeira de Jantar Impermeável Curva Decorativa,http://chiquehome.com.br/cdn/shop/files/capa-para-cadeira-de-jantar-impermeavel-curva-cinza-ciano.webp?v=1779658634,public/pinterest/final/pin-2225.png,"Pinterest Pin vertical 2:3, imagem bonita full-bleed, sem card, sem borda, estilo foto premium realista. Tema: sala sofisticada. Cenário: sala de estar sofisticada, sofá neutro, almofadas decorativas, relógio de parede e decoração elegante. Usar paleta Chique Home: off-white, bege, madeira clara, taupe suave, preto fosco, luz quente, visual premium brasileiro. Criar imagem com produto ou ambiente em destaque, visual premium realista e clicável. Produto relacionado: Capa para Cadeira de Jantar Impermeável Curva Decorativa."
2226,Banheiro organizado,banheiro pequeno organizado,environment_full_bleed,Porta-Shampoo para Banheiro Box Suporte Moderno,https://cdn.shopify.com/s/files/1/0864/2432/2353/files/Porta_Shampoo_para_Banheiro_Box_Suporte_Prateleira.png?v=1737833356,public/pinterest/final/pin-2226.png,"Pinterest Pin vertical 2:3, imagem bonita full-bleed, sem card, sem borda, estilo foto premium realista. Tema: banheiro pequeno organizado. Cenário: banheiro organizado com suporte de parede, nichos, porta-shampoo no box e poucos objetos aparentes. Usar paleta Chique Home: off-white, bege, madeira clara, taupe suave, preto fosco, luz quente, visual premium brasileiro. Criar um cenário inspiracional de ambiente, sem texto grande. A imagem precisa parecer resultado real de busca no Pinterest, bonita e clicável. Produto relacionado: Porta-Shampoo para Banheiro Box Suporte Moderno, aplicar apenas se fizer sentido natural."
2228,Banheiro organizado,porta shampoo banheiro box,environment_title_overlay,Porta-Shampoo para Banheiro Box Suporte Moderno,https://cdn.shopify.com/s/files/1/0864/2432/2353/files/Porta_Shampoo_para_Banheiro_Box_Suporte_Prateleira.png?v=1737833356,public/pinterest/final/pin-2228.png,"Pinterest Pin vertical 2:3, imagem bonita full-bleed, sem card, sem borda, estilo foto premium realista. Tema: porta shampoo banheiro box. Cenário: banheiro organizado com suporte de parede, nichos, porta-shampoo no box e poucos objetos aparentes. Usar paleta Chique Home: off-white, bege, madeira clara, taupe suave, preto fosco, luz quente, visual premium brasileiro. Criar cenário bonito com título centralizado, curto e clicável em português: ""Porta shampoo banheiro box"". Texto elegante, alto contraste, estilo Pinterest Brasil, sem poluir. Cupom PINTEREST10 pequeno no canto inferior."
2229,Banheiro com cara de hotel,banheiro decorado,product_in_environment,Porta-Shampoo para Banheiro Box Suporte Moderno,https://cdn.shopify.com/s/files/1/0864/2432/2353/files/Porta_Shampoo_para_Banheiro_Box_Suporte_Prateleira.png?v=1737833356,public/pinterest/final/pin-2229.png,"Pinterest Pin vertical 2:3, imagem bonita full-bleed, sem card, sem borda, estilo foto premium realista. Tema: banheiro decorado. Cenário: banheiro pequeno sofisticado com metais modernos, parede clara, bancada limpa e detalhe elegante de organização. Usar paleta Chique Home: off-white, bege, madeira clara, taupe suave, preto fosco, luz quente, visual premium brasileiro. Aplicar visualmente o produto da Shopify em outro ambiente realista de forma natural. Produto: Porta-Shampoo para Banheiro Box Suporte Moderno. Sem texto grande, foco em inspirar clique para compra."
2230,Banheiro com cara de hotel,banheiro pequeno decorado,listicle_idea_overlay,Porta-Shampoo para Banheiro Box Suporte Moderno,https://cdn.shopify.com/s/files/1/0864/2432/2353/files/Porta_Shampoo_para_Banheiro_Box_Suporte_Prateleira.png?v=1737833356,public/pinterest/final/pin-2230.png,"Pinterest Pin vertical 2:3, imagem bonita full-bleed, sem card, sem borda, estilo foto premium realista. Tema: banheiro pequeno decorado. Cenário: banheiro pequeno sofisticado com metais modernos, parede clara, bancada limpa e detalhe elegante de organização. Usar paleta Chique Home: off-white, bege, madeira clara, taupe suave, preto fosco, luz quente, visual premium brasileiro. Criar imagem com produto ou ambiente em destaque, visual premium realista e clicável. Produto relacionado: Porta-Shampoo para Banheiro Box Suporte Moderno."
2231,Banheiro com cara de hotel,banheiro moderno,environment_full_bleed,Porta-Shampoo para Banheiro Box Suporte Moderno,https://cdn.shopify.com/s/files/1/0864/2432/2353/files/Porta_Shampoo_para_Banheiro_Box_Suporte_Prateleira.png?v=1737833356,public/pinterest/final/pin-2231.png,"Pinterest Pin vertical 2:3, imagem bonita full-bleed, sem card, sem borda, estilo foto premium realista. Tema: banheiro moderno. Cenário: banheiro pequeno sofisticado com metais modernos, parede clara, bancada limpa e detalhe elegante de organização. Usar paleta Chique Home: off-white, bege, madeira clara, taupe suave, preto fosco, luz quente, visual premium brasileiro. Criar um cenário inspiracional de ambiente, sem texto grande. A imagem precisa parecer resultado real de busca no Pinterest, bonita e clicável. Produto relacionado: Porta-Shampoo para Banheiro Box Suporte Moderno, aplicar apenas se fizer sentido natural."
2233,Banheiro com cara de hotel,lavabo decorado,environment_title_overlay,Porta-Shampoo para Banheiro Box Suporte Moderno,https://cdn.shopify.com/s/files/1/0864/2432/2353/files/Porta_Shampoo_para_Banheiro_Box_Suporte_Prateleira.png?v=1737833356,public/pinterest/final/pin-2233.png,"Pinterest Pin vertical 2:3, imagem bonita full-bleed, sem card, sem borda, estilo foto premium realista. Tema: lavabo decorado. Cenário: banheiro pequeno sofisticado com metais modernos, parede clara, bancada limpa e detalhe elegante de organização. Usar paleta Chique Home: off-white, bege, madeira clara, taupe suave, preto fosco, luz quente, visual premium brasileiro. Criar cenário bonito com título centralizado, curto e clicável em português: ""Lavabo decorado"". Texto elegante, alto contraste, estilo Pinterest Brasil, sem poluir. Cupom PINTEREST10 pequeno no canto inferior."
2234,Banheiro organizado,penteadeira,product_in_environment,Porta-Shampoo para Banheiro Box Suporte Moderno,https://cdn.shopify.com/s/files/1/0864/2432/2353/files/Porta_Shampoo_para_Banheiro_Box_Suporte_Prateleira.png?v=1737833356,public/pinterest/final/pin-2234.png,"Pinterest Pin vertical 2:3, imagem bonita full-bleed, sem card, sem borda, estilo foto premium realista. Tema: penteadeira. Cenário: banheiro organizado com suporte de parede, nichos, porta-shampoo no box e poucos objetos aparentes. Usar paleta Chique Home: off-white, bege, madeira clara, taupe suave, preto fosco, luz quente, visual premium brasileiro. Aplicar visualmente o produto da Shopify em outro ambiente realista de forma natural. Produto: Porta-Shampoo para Banheiro Box Suporte Moderno. Sem texto grande, foco em inspirar clique para compra."
2235,Banheiro organizado,organizacao de banheiro,listicle_idea_overlay,Porta-Shampoo para Banheiro Box Suporte Moderno,https://cdn.shopify.com/s/files/1/0864/2432/2353/files/Porta_Shampoo_para_Banheiro_Box_Suporte_Prateleira.png?v=1737833356,public/pinterest/final/pin-2235.png,"Pinterest Pin vertical 2:3, imagem bonita full-bleed, sem card, sem borda, estilo foto premium realista. Tema: organização de banheiro. Cenário: banheiro organizado com suporte de parede, nichos, porta-shampoo no box e poucos objetos aparentes. Usar paleta Chique Home: off-white, bege, madeira clara, taupe suave, preto fosco, luz quente, visual premium brasileiro. Criar imagem com produto ou ambiente em destaque, visual premium realista e clicável. Produto relacionado: Porta-Shampoo para Banheiro Box Suporte Moderno."
2236,Banheiro organizado,banheiro pequeno organizado,environment_full_bleed,Porta-Escova de Dentes para Banheiro Chique,https://cdn.shopify.com/s/files/1/0864/2432/2353/files/Porta_Escova_de_Dentes_para_Banheiro_Chique_preto_e_branco.webp?v=1777216469,public/pinterest/final/pin-2236.png,"Pinterest Pin vertical 2:3, imagem bonita full-bleed, sem card, sem borda, estilo foto premium realista. Tema: banheiro pequeno organizado. Cenário: banheiro organizado com suporte de parede, nichos, porta-shampoo no box e poucos objetos aparentes. Usar paleta Chique Home: off-white, bege, madeira clara, taupe suave, preto fosco, luz quente, visual premium brasileiro. Criar um cenário inspiracional de ambiente, sem texto grande. A imagem precisa parecer resultado real de busca no Pinterest, bonita e clicável. Produto relacionado: Porta-Escova de Dentes para Banheiro Chique, aplicar apenas se fizer sentido natural."
2238,Banheiro com cara de hotel,banheiro decorado,environment_title_overlay,Porta-Escova de Dentes para Banheiro Chique,https://cdn.shopify.com/s/files/1/0864/2432/2353/files/Porta_Escova_de_Dentes_para_Banheiro_Chique_preto_e_branco.webp?v=1777216469,public/pinterest/final/pin-2238.png,"Pinterest Pin vertical 2:3, imagem bonita full-bleed, sem card, sem borda, estilo foto premium realista. Tema: banheiro decorado. Cenário: banheiro pequeno sofisticado com metais modernos, parede clara, bancada limpa e detalhe elegante de organização. Usar paleta Chique Home: off-white, bege, madeira clara, taupe suave, preto fosco, luz quente, visual premium brasileiro. Criar cenário bonito com título centralizado, curto e clicável em português: ""Banheiro decorado"". Texto elegante, alto contraste, estilo Pinterest Brasil, sem poluir. Cupom PINTEREST10 pequeno no canto inferior."
2239,Banheiro com cara de hotel,banheiro pequeno decorado,product_in_environment,Porta-Escova de Dentes para Banheiro Chique,https://cdn.shopify.com/s/files/1/0864/2432/2353/files/Porta_Escova_de_Dentes_para_Banheiro_Chique_preto_e_branco.webp?v=1777216469,public/pinterest/final/pin-2239.png,"Pinterest Pin vertical 2:3, imagem bonita full-bleed, sem card, sem borda, estilo foto premium realista. Tema: banheiro pequeno decorado. Cenário: banheiro pequeno sofisticado com metais modernos, parede clara, bancada limpa e detalhe elegante de organização. Usar paleta Chique Home: off-white, bege, madeira clara, taupe suave, preto fosco, luz quente, visual premium brasileiro. Aplicar visualmente o produto da Shopify em outro ambiente realista de forma natural. Produto: Porta-Escova de Dentes para Banheiro Chique. Sem texto grande, foco em inspirar clique para compra."
2240,Banheiro com cara de hotel,banheiro moderno,listicle_idea_overlay,Porta-Escova de Dentes para Banheiro Chique,https://cdn.shopify.com/s/files/1/0864/2432/2353/files/Porta_Escova_de_Dentes_para_Banheiro_Chique_preto_e_branco.webp?v=1777216469,public/pinterest/final/pin-2240.png,"Pinterest Pin vertical 2:3, imagem bonita full-bleed, sem card, sem borda, estilo foto premium realista. Tema: banheiro moderno. Cenário: banheiro pequeno sofisticado com metais modernos, parede clara, bancada limpa e detalhe elegante de organização. Usar paleta Chique Home: off-white, bege, madeira clara, taupe suave, preto fosco, luz quente, visual premium brasileiro. Criar imagem com produto ou ambiente em destaque, visual premium realista e clicável. Produto relacionado: Porta-Escova de Dentes para Banheiro Chique."
2241,Banheiro com cara de hotel,banheiro com cara de hotel,environment_full_bleed,Porta-Escova de Dentes para Banheiro Chique,https://cdn.shopify.com/s/files/1/0864/2432/2353/files/Porta_Escova_de_Dentes_para_Banheiro_Chique_preto_e_branco.webp?v=1777216469,public/pinterest/final/pin-2241.png,"Pinterest Pin vertical 2:3, imagem bonita full-bleed, sem card, sem borda, estilo foto premium realista. Tema: banheiro com cara de hotel. Cenário: banheiro pequeno sofisticado com metais modernos, parede clara, bancada limpa e detalhe elegante de organização. Usar paleta Chique Home: off-white, bege, madeira clara, taupe suave, preto fosco, luz quente, visual premium brasileiro. Criar um cenário inspiracional de ambiente, sem texto grande. A imagem precisa parecer resultado real de busca no Pinterest, bonita e clicável. Produto relacionado: Porta-Escova de Dentes para Banheiro Chique, aplicar apenas se fizer sentido natural."
2243,Banheiro organizado,penteadeira,environment_title_overlay,Porta-Escova de Dentes para Banheiro Chique,https://cdn.shopify.com/s/files/1/0864/2432/2353/files/Porta_Escova_de_Dentes_para_Banheiro_Chique_preto_e_branco.webp?v=1777216469,public/pinterest/final/pin-2243.png,"Pinterest Pin vertical 2:3, imagem bonita full-bleed, sem card, sem borda, estilo foto premium realista. Tema: penteadeira. Cenário: banheiro organizado com suporte de parede, nichos, porta-shampoo no box e poucos objetos aparentes. Usar paleta Chique Home: off-white, bege, madeira clara, taupe suave, preto fosco, luz quente, visual premium brasileiro. Criar cenário bonito com título centralizado, curto e clicável em português: ""Penteadeira"". Texto elegante, alto contraste, estilo Pinterest Brasil, sem poluir. Cupom PINTEREST10 pequeno no canto inferior."
2244,Banheiro organizado,organizacao de banheiro,product_in_environment,Porta-Escova de Dentes para Banheiro Chique,https://cdn.shopify.com/s/files/1/0864/2432/2353/files/Porta_Escova_de_Dentes_para_Banheiro_Chique_preto_e_branco.webp?v=1777216469,public/pinterest/final/pin-2244.png,"Pinterest Pin vertical 2:3, imagem bonita full-bleed, sem card, sem borda, estilo foto premium realista. Tema: organização de banheiro. Cenário: banheiro organizado com suporte de parede, nichos, porta-shampoo no box e poucos objetos aparentes. Usar paleta Chique Home: off-white, bege, madeira clara, taupe suave, preto fosco, luz quente, visual premium brasileiro. Aplicar visualmente o produto da Shopify em outro ambiente realista de forma natural. Produto: Porta-Escova de Dentes para Banheiro Chique. Sem texto grande, foco em inspirar clique para compra."
2245,Banheiro organizado,organizador de maquiagem,listicle_idea_overlay,Porta-Escova de Dentes para Banheiro Chique,https://cdn.shopify.com/s/files/1/0864/2432/2353/files/Porta_Escova_de_Dentes_para_Banheiro_Chique_preto_e_branco.webp?v=1777216469,public/pinterest/final/pin-2245.png,"Pinterest Pin vertical 2:3, imagem bonita full-bleed, sem card, sem borda, estilo foto premium realista. Tema: organizador de maquiagem. Cenário: banheiro organizado com suporte de parede, nichos, porta-shampoo no box e poucos objetos aparentes. Usar paleta Chique Home: off-white, bege, madeira clara, taupe suave, preto fosco, luz quente, visual premium brasileiro. Criar imagem com produto ou ambiente em destaque, visual premium realista e clicável. Produto relacionado: Porta-Escova de Dentes para Banheiro Chique."
2246,Banheiro organizado,banheiro pequeno organizado,environment_full_bleed,Saboneteira para Banheiro Pia de Cerâmica Decoração,https://cdn.shopify.com/s/files/1/0864/2432/2353/files/Saboneteira_para_Banheiro_Pia_de_Ceramica_Decoracao_branco_verde.webp?v=1767733938,public/pinterest/final/pin-2246.png,"Pinterest Pin vertical 2:3, imagem bonita full-bleed, sem card, sem borda, estilo foto premium realista. Tema: banheiro pequeno organizado. Cenário: banheiro organizado com suporte de parede, nichos, porta-shampoo no box e poucos objetos aparentes. Usar paleta Chique Home: off-white, bege, madeira clara, taupe suave, preto fosco, luz quente, visual premium brasileiro. Criar um cenário inspiracional de ambiente, sem texto grande. A imagem precisa parecer resultado real de busca no Pinterest, bonita e clicável. Produto relacionado: Saboneteira para Banheiro Pia de Cerâmica Decoração, aplicar apenas se fizer sentido natural."
2248,Banheiro com cara de hotel,banheiro decorado,environment_title_overlay,Saboneteira para Banheiro Pia de Cerâmica Decoração,https://cdn.shopify.com/s/files/1/0864/2432/2353/files/Saboneteira_para_Banheiro_Pia_de_Ceramica_Decoracao_branco_verde.webp?v=1767733938,public/pinterest/final/pin-2248.png,"Pinterest Pin vertical 2:3, imagem bonita full-bleed, sem card, sem borda, estilo foto premium realista. Tema: banheiro decorado. Cenário: banheiro pequeno sofisticado com metais modernos, parede clara, bancada limpa e detalhe elegante de organização. Usar paleta Chique Home: off-white, bege, madeira clara, taupe suave, preto fosco, luz quente, visual premium brasileiro. Criar cenário bonito com título centralizado, curto e clicável em português: ""Banheiro decorado"". Texto elegante, alto contraste, estilo Pinterest Brasil, sem poluir. Cupom PINTEREST10 pequeno no canto inferior."
2249,Banheiro com cara de hotel,banheiro pequeno decorado,product_in_environment,Saboneteira para Banheiro Pia de Cerâmica Decoração,https://cdn.shopify.com/s/files/1/0864/2432/2353/files/Saboneteira_para_Banheiro_Pia_de_Ceramica_Decoracao_branco_verde.webp?v=1767733938,public/pinterest/final/pin-2249.png,"Pinterest Pin vertical 2:3, imagem bonita full-bleed, sem card, sem borda, estilo foto premium realista. Tema: banheiro pequeno decorado. Cenário: banheiro pequeno sofisticado com metais modernos, parede clara, bancada limpa e detalhe elegante de organização. Usar paleta Chique Home: off-white, bege, madeira clara, taupe suave, preto fosco, luz quente, visual premium brasileiro. Aplicar visualmente o produto da Shopify em outro ambiente realista de forma natural. Produto: Saboneteira para Banheiro Pia de Cerâmica Decoração. Sem texto grande, foco em inspirar clique para compra."
2250,Banheiro com cara de hotel,banheiro moderno,listicle_idea_overlay,Saboneteira para Banheiro Pia de Cerâmica Decoração,https://cdn.shopify.com/s/files/1/0864/2432/2353/files/Saboneteira_para_Banheiro_Pia_de_Ceramica_Decoracao_branco_verde.webp?v=1767733938,public/pinterest/final/pin-2250.png,"Pinterest Pin vertical 2:3, imagem bonita full-bleed, sem card, sem borda, estilo foto premium realista. Tema: banheiro moderno. Cenário: banheiro pequeno sofisticado com metais modernos, parede clara, bancada limpa e detalhe elegante de organização. Usar paleta Chique Home: off-white, bege, madeira clara, taupe suave, preto fosco, luz quente, visual premium brasileiro. Criar imagem com produto ou ambiente em destaque, visual premium realista e clicável. Produto relacionado: Saboneteira para Banheiro Pia de Cerâmica Decoração."
2251,Banheiro com cara de hotel,banheiro com cara de hotel,environment_full_bleed,Saboneteira para Banheiro Pia de Cerâmica Decoração,https://cdn.shopify.com/s/files/1/0864/2432/2353/files/Saboneteira_para_Banheiro_Pia_de_Ceramica_Decoracao_branco_verde.webp?v=1767733938,public/pinterest/final/pin-2251.png,"Pinterest Pin vertical 2:3, imagem bonita full-bleed, sem card, sem borda, estilo foto premium realista. Tema: banheiro com cara de hotel. Cenário: banheiro pequeno sofisticado com metais modernos, parede clara, bancada limpa e detalhe elegante de organização. Usar paleta Chique Home: off-white, bege, madeira clara, taupe suave, preto fosco, luz quente, visual premium brasileiro. Criar um cenário inspiracional de ambiente, sem texto grande. A imagem precisa parecer resultado real de busca no Pinterest, bonita e clicável. Produto relacionado: Saboneteira para Banheiro Pia de Cerâmica Decoração, aplicar apenas se fizer sentido natural."
2253,Banheiro organizado,penteadeira,environment_title_overlay,Saboneteira para Banheiro Pia de Cerâmica Decoração,https://cdn.shopify.com/s/files/1/0864/2432/2353/files/Saboneteira_para_Banheiro_Pia_de_Ceramica_Decoracao_branco_verde.webp?v=1767733938,public/pinterest/final/pin-2253.png,"Pinterest Pin vertical 2:3, imagem bonita full-bleed, sem card, sem borda, estilo foto premium realista. Tema: penteadeira. Cenário: banheiro organizado com suporte de parede, nichos, porta-shampoo no box e poucos objetos aparentes. Usar paleta Chique Home: off-white, bege, madeira clara, taupe suave, preto fosco, luz quente, visual premium brasileiro. Criar cenário bonito com título centralizado, curto e clicável em português: ""Penteadeira"". Texto elegante, alto contraste, estilo Pinterest Brasil, sem poluir. Cupom PINTEREST10 pequeno no canto inferior."
2254,Banheiro organizado,organizacao de banheiro,product_in_environment,Saboneteira para Banheiro Pia de Cerâmica Decoração,https://cdn.shopify.com/s/files/1/0864/2432/2353/files/Saboneteira_para_Banheiro_Pia_de_Ceramica_Decoracao_branco_verde.webp?v=1767733938,public/pinterest/final/pin-2254.png,"Pinterest Pin vertical 2:3, imagem bonita full-bleed, sem card, sem borda, estilo foto premium realista. Tema: organização de banheiro. Cenário: banheiro organizado com suporte de parede, nichos, porta-shampoo no box e poucos objetos aparentes. Usar paleta Chique Home: off-white, bege, madeira clara, taupe suave, preto fosco, luz quente, visual premium brasileiro. Aplicar visualmente o produto da Shopify em outro ambiente realista de forma natural. Produto: Saboneteira para Banheiro Pia de Cerâmica Decoração. Sem texto grande, foco em inspirar clique para compra."
2255,Banheiro organizado,organizador de maquiagem,listicle_idea_overlay,Saboneteira para Banheiro Pia de Cerâmica Decoração,https://cdn.shopify.com/s/files/1/0864/2432/2353/files/Saboneteira_para_Banheiro_Pia_de_Ceramica_Decoracao_branco_verde.webp?v=1767733938,public/pinterest/final/pin-2255.png,"Pinterest Pin vertical 2:3, imagem bonita full-bleed, sem card, sem borda, estilo foto premium realista. Tema: organizador de maquiagem. Cenário: banheiro organizado com suporte de parede, nichos, porta-shampoo no box e poucos objetos aparentes. Usar paleta Chique Home: off-white, bege, madeira clara, taupe suave, preto fosco, luz quente, visual premium brasileiro. Criar imagem com produto ou ambiente em destaque, visual premium realista e clicável. Produto relacionado: Saboneteira para Banheiro Pia de Cerâmica Decoração."
2256,Banheiro organizado,banheiro pequeno organizado,environment_full_bleed,Bandeja para Banheiro Decorativa Espelhada Organizadora,https://cdn.shopify.com/s/files/1/0864/2432/2353/files/Bandeja_para_Banheiro_Decorativa_Espelhada_Organizadora_decoracao.webp?v=1748273230,public/pinterest/final/pin-2256.png,"Pinterest Pin vertical 2:3, imagem bonita full-bleed, sem card, sem borda, estilo foto premium realista. Tema: banheiro pequeno organizado. Cenário: banheiro organizado com suporte de parede, nichos, porta-shampoo no box e poucos objetos aparentes. Usar paleta Chique Home: off-white, bege, madeira clara, taupe suave, preto fosco, luz quente, visual premium brasileiro. Criar um cenário inspiracional de ambiente, sem texto grande. A imagem precisa parecer resultado real de busca no Pinterest, bonita e clicável. Produto relacionado: Bandeja para Banheiro Decorativa Espelhada Organizadora, aplicar apenas se fizer sentido natural."
2258,Banheiro organizado,organizador box banheiro,environment_title_overlay,Bandeja para Banheiro Decorativa Espelhada Organizadora,https://cdn.shopify.com/s/files/1/0864/2432/2353/files/Bandeja_para_Banheiro_Decorativa_Espelhada_Organizadora_decoracao.webp?v=1748273230,public/pinterest/final/pin-2258.png,"Pinterest Pin vertical 2:3, imagem bonita full-bleed, sem card, sem borda, estilo foto premium realista. Tema: organizador box banheiro. Cenário: banheiro organizado com suporte de parede, nichos, porta-shampoo no box e poucos objetos aparentes. Usar paleta Chique Home: off-white, bege, madeira clara, taupe suave, preto fosco, luz quente, visual premium brasileiro. Criar cenário bonito com título centralizado, curto e clicável em português: ""Organizador box banheiro"". Texto elegante, alto contraste, estilo Pinterest Brasil, sem poluir. Cupom PINTEREST10 pequeno no canto inferior."
2259,Banheiro com cara de hotel,banheiro decorado,product_in_environment,Bandeja para Banheiro Decorativa Espelhada Organizadora,https://cdn.shopify.com/s/files/1/0864/2432/2353/files/Bandeja_para_Banheiro_Decorativa_Espelhada_Organizadora_decoracao.webp?v=1748273230,public/pinterest/final/pin-2259.png,"Pinterest Pin vertical 2:3, imagem bonita full-bleed, sem card, sem borda, estilo foto premium realista. Tema: banheiro decorado. Cenário: banheiro pequeno sofisticado com metais modernos, parede clara, bancada limpa e detalhe elegante de organização. Usar paleta Chique Home: off-white, bege, madeira clara, taupe suave, preto fosco, luz quente, visual premium brasileiro. Aplicar visualmente o produto da Shopify em outro ambiente realista de forma natural. Produto: Bandeja para Banheiro Decorativa Espelhada Organizadora. Sem texto grande, foco em inspirar clique para compra."
2260,Banheiro com cara de hotel,banheiro pequeno decorado,listicle_idea_overlay,Bandeja para Banheiro Decorativa Espelhada Organizadora,https://cdn.shopify.com/s/files/1/0864/2432/2353/files/Bandeja_para_Banheiro_Decorativa_Espelhada_Organizadora_decoracao.webp?v=1748273230,public/pinterest/final/pin-2260.png,"Pinterest Pin vertical 2:3, imagem bonita full-bleed, sem card, sem borda, estilo foto premium realista. Tema: banheiro pequeno decorado. Cenário: banheiro pequeno sofisticado com metais modernos, parede clara, bancada limpa e detalhe elegante de organização. Usar paleta Chique Home: off-white, bege, madeira clara, taupe suave, preto fosco, luz quente, visual premium brasileiro. Criar imagem com produto ou ambiente em destaque, visual premium realista e clicável. Produto relacionado: Bandeja para Banheiro Decorativa Espelhada Organizadora."
2261,Banheiro com cara de hotel,banheiro moderno,environment_full_bleed,Bandeja para Banheiro Decorativa Espelhada Organizadora,https://cdn.shopify.com/s/files/1/0864/2432/2353/files/Bandeja_para_Banheiro_Decorativa_Espelhada_Organizadora_decoracao.webp?v=1748273230,public/pinterest/final/pin-2261.png,"Pinterest Pin vertical 2:3, imagem bonita full-bleed, sem card, sem borda, estilo foto premium realista. Tema: banheiro moderno. Cenário: banheiro pequeno sofisticado com metais modernos, parede clara, bancada limpa e detalhe elegante de organização. Usar paleta Chique Home: off-white, bege, madeira clara, taupe suave, preto fosco, luz quente, visual premium brasileiro. Criar um cenário inspiracional de ambiente, sem texto grande. A imagem precisa parecer resultado real de busca no Pinterest, bonita e clicável. Produto relacionado: Bandeja para Banheiro Decorativa Espelhada Organizadora, aplicar apenas se fizer sentido natural."
2263,Banheiro com cara de hotel,lavabo decorado,environment_title_overlay,Bandeja para Banheiro Decorativa Espelhada Organizadora,https://cdn.shopify.com/s/files/1/0864/2432/2353/files/Bandeja_para_Banheiro_Decorativa_Espelhada_Organizadora_decoracao.webp?v=1748273230,public/pinterest/final/pin-2263.png,"Pinterest Pin vertical 2:3, imagem bonita full-bleed, sem card, sem borda, estilo foto premium realista. Tema: lavabo decorado. Cenário: banheiro pequeno sofisticado com metais modernos, parede clara, bancada limpa e detalhe elegante de organização. Usar paleta Chique Home: off-white, bege, madeira clara, taupe suave, preto fosco, luz quente, visual premium brasileiro. Criar cenário bonito com título centralizado, curto e clicável em português: ""Lavabo decorado"". Texto elegante, alto contraste, estilo Pinterest Brasil, sem poluir. Cupom PINTEREST10 pequeno no canto inferior."
2264,Banheiro organizado,penteadeira,product_in_environment,Bandeja para Banheiro Decorativa Espelhada Organizadora,https://cdn.shopify.com/s/files/1/0864/2432/2353/files/Bandeja_para_Banheiro_Decorativa_Espelhada_Organizadora_decoracao.webp?v=1748273230,public/pinterest/final/pin-2264.png,"Pinterest Pin vertical 2:3, imagem bonita full-bleed, sem card, sem borda, estilo foto premium realista. Tema: penteadeira. Cenário: banheiro organizado com suporte de parede, nichos, porta-shampoo no box e poucos objetos aparentes. Usar paleta Chique Home: off-white, bege, madeira clara, taupe suave, preto fosco, luz quente, visual premium brasileiro. Aplicar visualmente o produto da Shopify em outro ambiente realista de forma natural. Produto: Bandeja para Banheiro Decorativa Espelhada Organizadora. Sem texto grande, foco em inspirar clique para compra."
2265,Banheiro organizado,organizacao de banheiro,listicle_idea_overlay,Bandeja para Banheiro Decorativa Espelhada Organizadora,https://cdn.shopify.com/s/files/1/0864/2432/2353/files/Bandeja_para_Banheiro_Decorativa_Espelhada_Organizadora_decoracao.webp?v=1748273230,public/pinterest/final/pin-2265.png,"Pinterest Pin vertical 2:3, imagem bonita full-bleed, sem card, sem borda, estilo foto premium realista. Tema: organização de banheiro. Cenário: banheiro organizado com suporte de parede, nichos, porta-shampoo no box e poucos objetos aparentes. Usar paleta Chique Home: off-white, bege, madeira clara, taupe suave, preto fosco, luz quente, visual premium brasileiro. Criar imagem com produto ou ambiente em destaque, visual premium realista e clicável. Produto relacionado: Bandeja para Banheiro Decorativa Espelhada Organizadora."
2268,Banheiro organizado,banheiro pequeno organizado,environment_title_overlay,Porta-Papel Higiênico de Parede Papeleira para Banheiro Prateado,https://cdn.shopify.com/s/files/1/0864/2432/2353/files/porta-papel-higienico-de-parede-para-banheiro-moderno-papeleira-prateado-produto-principal_c431191f-3867-4a23-9c18-58baa3ff7b10.jpg?v=1783619402,public/pinterest/final/pin-2268.png,"Pinterest Pin vertical 2:3, imagem bonita full-bleed, sem card, sem borda, estilo foto premium realista. Tema: banheiro pequeno organizado. Cenário: banheiro organizado com suporte de parede, nichos, porta-shampoo no box e poucos objetos aparentes. Usar paleta Chique Home: off-white, bege, madeira clara, taupe suave, preto fosco, luz quente, visual premium brasileiro. Criar cenário bonito com título centralizado, curto e clicável em português: ""Banheiro pequeno organizado"". Texto elegante, alto contraste, estilo Pinterest Brasil, sem poluir. Cupom PINTEREST10 pequeno no canto inferior."
2269,Banheiro com cara de hotel,banheiro com cara de hotel,product_in_environment,Porta-Papel Higiênico de Parede Papeleira para Banheiro Prateado,https://cdn.shopify.com/s/files/1/0864/2432/2353/files/porta-papel-higienico-de-parede-para-banheiro-moderno-papeleira-prateado-produto-principal_c431191f-3867-4a23-9c18-58baa3ff7b10.jpg?v=1783619402,public/pinterest/final/pin-2269.png,"Pinterest Pin vertical 2:3, imagem bonita full-bleed, sem card, sem borda, estilo foto premium realista. Tema: banheiro com cara de hotel. Cenário: banheiro pequeno sofisticado com metais modernos, parede clara, bancada limpa e detalhe elegante de organização. Usar paleta Chique Home: off-white, bege, madeira clara, taupe suave, preto fosco, luz quente, visual premium brasileiro. Aplicar visualmente o produto da Shopify em outro ambiente realista de forma natural. Produto: Porta-Papel Higiênico de Parede Papeleira para Banheiro Prateado. Sem texto grande, foco em inspirar clique para compra."
2270,Banheiro com cara de hotel,banheiro decorado,listicle_idea_overlay,Porta-Papel Higiênico de Parede Papeleira para Banheiro Prateado,https://cdn.shopify.com/s/files/1/0864/2432/2353/files/porta-papel-higienico-de-parede-para-banheiro-moderno-papeleira-prateado-produto-principal_c431191f-3867-4a23-9c18-58baa3ff7b10.jpg?v=1783619402,public/pinterest/final/pin-2270.png,"Pinterest Pin vertical 2:3, imagem bonita full-bleed, sem card, sem borda, estilo foto premium realista. Tema: banheiro decorado. Cenário: banheiro pequeno sofisticado com metais modernos, parede clara, bancada limpa e detalhe elegante de organização. Usar paleta Chique Home: off-white, bege, madeira clara, taupe suave, preto fosco, luz quente, visual premium brasileiro. Criar imagem com produto ou ambiente em destaque, visual premium realista e clicável. Produto relacionado: Porta-Papel Higiênico de Parede Papeleira para Banheiro Prateado."
2271,Banheiro com cara de hotel,banheiro pequeno decorado,environment_full_bleed,Porta-Papel Higiênico de Parede Papeleira para Banheiro Prateado,https://cdn.shopify.com/s/files/1/0864/2432/2353/files/porta-papel-higienico-de-parede-para-banheiro-moderno-papeleira-prateado-produto-principal_c431191f-3867-4a23-9c18-58baa3ff7b10.jpg?v=1783619402,public/pinterest/final/pin-2271.png,"Pinterest Pin vertical 2:3, imagem bonita full-bleed, sem card, sem borda, estilo foto premium realista. Tema: banheiro pequeno decorado. Cenário: banheiro pequeno sofisticado com metais modernos, parede clara, bancada limpa e detalhe elegante de organização. Usar paleta Chique Home: off-white, bege, madeira clara, taupe suave, preto fosco, luz quente, visual premium brasileiro. Criar um cenário inspiracional de ambiente, sem texto grande. A imagem precisa parecer resultado real de busca no Pinterest, bonita e clicável. Produto relacionado: Porta-Papel Higiênico de Parede Papeleira para Banheiro Prateado, aplicar apenas se fizer sentido natural."
2273,Banheiro com cara de hotel,banheiro com cara de hotel,environment_title_overlay,Porta-Papel Higiênico de Parede Papeleira para Banheiro Prateado,https://cdn.shopify.com/s/files/1/0864/2432/2353/files/porta-papel-higienico-de-parede-para-banheiro-moderno-papeleira-prateado-produto-principal_c431191f-3867-4a23-9c18-58baa3ff7b10.jpg?v=1783619402,public/pinterest/final/pin-2273.png,"Pinterest Pin vertical 2:3, imagem bonita full-bleed, sem card, sem borda, estilo foto premium realista. Tema: banheiro com cara de hotel. Cenário: banheiro pequeno sofisticado com metais modernos, parede clara, bancada limpa e detalhe elegante de organização. Usar paleta Chique Home: off-white, bege, madeira clara, taupe suave, preto fosco, luz quente, visual premium brasileiro. Criar cenário bonito com título centralizado, curto e clicável em português: ""Banheiro com cara de hotel"". Texto elegante, alto contraste, estilo Pinterest Brasil, sem poluir. Cupom PINTEREST10 pequeno no canto inferior."
2274,Banheiro com cara de hotel,lavabo decorado,product_in_environment,Porta-Papel Higiênico de Parede Papeleira para Banheiro Prateado,https://cdn.shopify.com/s/files/1/0864/2432/2353/files/porta-papel-higienico-de-parede-para-banheiro-moderno-papeleira-prateado-produto-principal_c431191f-3867-4a23-9c18-58baa3ff7b10.jpg?v=1783619402,public/pinterest/final/pin-2274.png,"Pinterest Pin vertical 2:3, imagem bonita full-bleed, sem card, sem borda, estilo foto premium realista. Tema: lavabo decorado. Cenário: banheiro pequeno sofisticado com metais modernos, parede clara, bancada limpa e detalhe elegante de organização. Usar paleta Chique Home: off-white, bege, madeira clara, taupe suave, preto fosco, luz quente, visual premium brasileiro. Aplicar visualmente o produto da Shopify em outro ambiente realista de forma natural. Produto: Porta-Papel Higiênico de Parede Papeleira para Banheiro Prateado. Sem texto grande, foco em inspirar clique para compra."
2275,Banheiro organizado,penteadeira,listicle_idea_overlay,Porta-Papel Higiênico de Parede Papeleira para Banheiro Prateado,https://cdn.shopify.com/s/files/1/0864/2432/2353/files/porta-papel-higienico-de-parede-para-banheiro-moderno-papeleira-prateado-produto-principal_c431191f-3867-4a23-9c18-58baa3ff7b10.jpg?v=1783619402,public/pinterest/final/pin-2275.png,"Pinterest Pin vertical 2:3, imagem bonita full-bleed, sem card, sem borda, estilo foto premium realista. Tema: penteadeira. Cenário: banheiro organizado com suporte de parede, nichos, porta-shampoo no box e poucos objetos aparentes. Usar paleta Chique Home: off-white, bege, madeira clara, taupe suave, preto fosco, luz quente, visual premium brasileiro. Criar imagem com produto ou ambiente em destaque, visual premium realista e clicável. Produto relacionado: Porta-Papel Higiênico de Parede Papeleira para Banheiro Prateado."
2276,Cozinha elegante,projeto de cozinha,environment_full_bleed,Organizador de Utensílios de Cozinha,https://cdn.shopify.com/s/files/1/0864/2432/2353/files/Organizador_de_Utensilios_de_Cozinha_Chique_Home.webp?v=1728756994,public/pinterest/final/pin-2276.png,"Pinterest Pin vertical 2:3, imagem bonita full-bleed, sem card, sem borda, estilo foto premium realista. Tema: projeto de cozinha. Cenário: cozinha pequena organizada, clean, clara, armários planejados, bancada livre, potes organizadores, bandeja decorativa, tapete de cozinha discreto. Usar paleta Chique Home: off-white, bege, madeira clara, taupe suave, preto fosco, luz quente, visual premium brasileiro. Criar um cenário inspiracional de ambiente, sem texto grande. A imagem precisa parecer resultado real de busca no Pinterest, bonita e clicável. Produto relacionado: Organizador de Utensílios de Cozinha, aplicar apenas se fizer sentido natural."
2278,Cozinha elegante,cozinha organizada,environment_title_overlay,Organizador de Utensílios de Cozinha,https://cdn.shopify.com/s/files/1/0864/2432/2353/files/Organizador_de_Utensilios_de_Cozinha_Chique_Home.webp?v=1728756994,public/pinterest/final/pin-2278.png,"Pinterest Pin vertical 2:3, imagem bonita full-bleed, sem card, sem borda, estilo foto premium realista. Tema: cozinha organizada. Cenário: cozinha pequena organizada, clean, clara, armários planejados, bancada livre, potes organizadores, bandeja decorativa, tapete de cozinha discreto. Usar paleta Chique Home: off-white, bege, madeira clara, taupe suave, preto fosco, luz quente, visual premium brasileiro. Criar cenário bonito com título centralizado, curto e clicável em português: ""Cozinha organizada"". Texto elegante, alto contraste, estilo Pinterest Brasil, sem poluir. Cupom PINTEREST10 pequeno no canto inferior."
2279,Cozinha elegante,cozinha pequena organizada,product_in_environment,Organizador de Utensílios de Cozinha,https://cdn.shopify.com/s/files/1/0864/2432/2353/files/Organizador_de_Utensilios_de_Cozinha_Chique_Home.webp?v=1728756994,public/pinterest/final/pin-2279.png,"Pinterest Pin vertical 2:3, imagem bonita full-bleed, sem card, sem borda, estilo foto premium realista. Tema: cozinha pequena organizada. Cenário: cozinha pequena organizada, clean, clara, armários planejados, bancada livre, potes organizadores, bandeja decorativa, tapete de cozinha discreto. Usar paleta Chique Home: off-white, bege, madeira clara, taupe suave, preto fosco, luz quente, visual premium brasileiro. Aplicar visualmente o produto da Shopify em outro ambiente realista de forma natural. Produto: Organizador de Utensílios de Cozinha. Sem texto grande, foco em inspirar clique para compra."
2280,Cozinha elegante,cozinha decorada simples,listicle_idea_overlay,Organizador de Utensílios de Cozinha,https://cdn.shopify.com/s/files/1/0864/2432/2353/files/Organizador_de_Utensilios_de_Cozinha_Chique_Home.webp?v=1728756994,public/pinterest/final/pin-2280.png,"Pinterest Pin vertical 2:3, imagem bonita full-bleed, sem card, sem borda, estilo foto premium realista. Tema: cozinha decorada simples. Cenário: cozinha pequena organizada, clean, clara, armários planejados, bancada livre, potes organizadores, bandeja decorativa, tapete de cozinha discreto. Usar paleta Chique Home: off-white, bege, madeira clara, taupe suave, preto fosco, luz quente, visual premium brasileiro. Criar imagem com produto ou ambiente em destaque, visual premium realista e clicável. Produto relacionado: Organizador de Utensílios de Cozinha."
2283,Cozinha elegante,cozinha decorada,environment_title_overlay,Organizador de Utensílios de Cozinha,https://cdn.shopify.com/s/files/1/0864/2432/2353/files/Organizador_de_Utensilios_de_Cozinha_Chique_Home.webp?v=1728756994,public/pinterest/final/pin-2283.png,"Pinterest Pin vertical 2:3, imagem bonita full-bleed, sem card, sem borda, estilo foto premium realista. Tema: cozinha decorada. Cenário: cozinha pequena organizada, clean, clara, armários planejados, bancada livre, potes organizadores, bandeja decorativa, tapete de cozinha discreto. Usar paleta Chique Home: off-white, bege, madeira clara, taupe suave, preto fosco, luz quente, visual premium brasileiro. Criar cenário bonito com título centralizado, curto e clicável em português: ""Cozinha decorada"". Texto elegante, alto contraste, estilo Pinterest Brasil, sem poluir. Cupom PINTEREST10 pequeno no canto inferior."
2284,Cozinha elegante,cozinha pequena decorada,product_in_environment,Organizador de Utensílios de Cozinha,https://cdn.shopify.com/s/files/1/0864/2432/2353/files/Organizador_de_Utensilios_de_Cozinha_Chique_Home.webp?v=1728756994,public/pinterest/final/pin-2284.png,"Pinterest Pin vertical 2:3, imagem bonita full-bleed, sem card, sem borda, estilo foto premium realista. Tema: cozinha pequena decorada. Cenário: cozinha pequena organizada, clean, clara, armários planejados, bancada livre, potes organizadores, bandeja decorativa, tapete de cozinha discreto. Usar paleta Chique Home: off-white, bege, madeira clara, taupe suave, preto fosco, luz quente, visual premium brasileiro. Aplicar visualmente o produto da Shopify em outro ambiente realista de forma natural. Produto: Organizador de Utensílios de Cozinha. Sem texto grande, foco em inspirar clique para compra."
2285,Cozinha elegante,decoracao de cozinha,listicle_idea_overlay,Organizador de Utensílios de Cozinha,https://cdn.shopify.com/s/files/1/0864/2432/2353/files/Organizador_de_Utensilios_de_Cozinha_Chique_Home.webp?v=1728756994,public/pinterest/final/pin-2285.png,"Pinterest Pin vertical 2:3, imagem bonita full-bleed, sem card, sem borda, estilo foto premium realista. Tema: decoração de cozinha. Cenário: cozinha pequena organizada, clean, clara, armários planejados, bancada livre, potes organizadores, bandeja decorativa, tapete de cozinha discreto. Usar paleta Chique Home: off-white, bege, madeira clara, taupe suave, preto fosco, luz quente, visual premium brasileiro. Criar imagem com produto ou ambiente em destaque, visual premium realista e clicável. Produto relacionado: Organizador de Utensílios de Cozinha."
2286,Cozinha elegante,projeto de cozinha,environment_full_bleed,Porta Detergente Esponja e Bucha para Pia de Cozinha,https://cdn.shopify.com/s/files/1/0864/2432/2353/files/Porta_Detergente_e_Esponja_para_Pia_de_Cozinha.webp?v=1728844567,public/pinterest/final/pin-2286.png,"Pinterest Pin vertical 2:3, imagem bonita full-bleed, sem card, sem borda, estilo foto premium realista. Tema: projeto de cozinha. Cenário: cozinha pequena organizada, clean, clara, armários planejados, bancada livre, potes organizadores, bandeja decorativa, tapete de cozinha discreto. Usar paleta Chique Home: off-white, bege, madeira clara, taupe suave, preto fosco, luz quente, visual premium brasileiro. Criar um cenário inspiracional de ambiente, sem texto grande. A imagem precisa parecer resultado real de busca no Pinterest, bonita e clicável. Produto relacionado: Porta Detergente Esponja e Bucha para Pia de Cozinha, aplicar apenas se fizer sentido natural."
2288,Cozinha elegante,cozinha organizada,environment_title_overlay,Porta Detergente Esponja e Bucha para Pia de Cozinha,https://cdn.shopify.com/s/files/1/0864/2432/2353/files/Porta_Detergente_e_Esponja_para_Pia_de_Cozinha.webp?v=1728844567,public/pinterest/final/pin-2288.png,"Pinterest Pin vertical 2:3, imagem bonita full-bleed, sem card, sem borda, estilo foto premium realista. Tema: cozinha organizada. Cenário: cozinha pequena organizada, clean, clara, armários planejados, bancada livre, potes organizadores, bandeja decorativa, tapete de cozinha discreto. Usar paleta Chique Home: off-white, bege, madeira clara, taupe suave, preto fosco, luz quente, visual premium brasileiro. Criar cenário bonito com título centralizado, curto e clicável em português: ""Cozinha organizada"". Texto elegante, alto contraste, estilo Pinterest Brasil, sem poluir. Cupom PINTEREST10 pequeno no canto inferior."
2289,Cozinha elegante,cozinha pequena organizada,product_in_environment,Porta Detergente Esponja e Bucha para Pia de Cozinha,https://cdn.shopify.com/s/files/1/0864/2432/2353/files/Porta_Detergente_e_Esponja_para_Pia_de_Cozinha.webp?v=1728844567,public/pinterest/final/pin-2289.png,"Pinterest Pin vertical 2:3, imagem bonita full-bleed, sem card, sem borda, estilo foto premium realista. Tema: cozinha pequena organizada. Cenário: cozinha pequena organizada, clean, clara, armários planejados, bancada livre, potes organizadores, bandeja decorativa, tapete de cozinha discreto. Usar paleta Chique Home: off-white, bege, madeira clara, taupe suave, preto fosco, luz quente, visual premium brasileiro. Aplicar visualmente o produto da Shopify em outro ambiente realista de forma natural. Produto: Porta Detergente Esponja e Bucha para Pia de Cozinha. Sem texto grande, foco em inspirar clique para compra."
2290,Cozinha elegante,cozinha decorada simples,listicle_idea_overlay,Porta Detergente Esponja e Bucha para Pia de Cozinha,https://cdn.shopify.com/s/files/1/0864/2432/2353/files/Porta_Detergente_e_Esponja_para_Pia_de_Cozinha.webp?v=1728844567,public/pinterest/final/pin-2290.png,"Pinterest Pin vertical 2:3, imagem bonita full-bleed, sem card, sem borda, estilo foto premium realista. Tema: cozinha decorada simples. Cenário: cozinha pequena organizada, clean, clara, armários planejados, bancada livre, potes organizadores, bandeja decorativa, tapete de cozinha discreto. Usar paleta Chique Home: off-white, bege, madeira clara, taupe suave, preto fosco, luz quente, visual premium brasileiro. Criar imagem com produto ou ambiente em destaque, visual premium realista e clicável. Produto relacionado: Porta Detergente Esponja e Bucha para Pia de Cozinha."
2293,Cozinha elegante,cozinha pequena decorada,environment_title_overlay,Porta Detergente Esponja e Bucha para Pia de Cozinha,https://cdn.shopify.com/s/files/1/0864/2432/2353/files/Porta_Detergente_e_Esponja_para_Pia_de_Cozinha.webp?v=1728844567,public/pinterest/final/pin-2293.png,"Pinterest Pin vertical 2:3, imagem bonita full-bleed, sem card, sem borda, estilo foto premium realista. Tema: cozinha pequena decorada. Cenário: cozinha pequena organizada, clean, clara, armários planejados, bancada livre, potes organizadores, bandeja decorativa, tapete de cozinha discreto. Usar paleta Chique Home: off-white, bege, madeira clara, taupe suave, preto fosco, luz quente, visual premium brasileiro. Criar cenário bonito com título centralizado, curto e clicável em português: ""Cozinha pequena decorada"". Texto elegante, alto contraste, estilo Pinterest Brasil, sem poluir. Cupom PINTEREST10 pequeno no canto inferior."
2294,Cozinha elegante,decoracao de cozinha,product_in_environment,Porta Detergente Esponja e Bucha para Pia de Cozinha,https://cdn.shopify.com/s/files/1/0864/2432/2353/files/Porta_Detergente_e_Esponja_para_Pia_de_Cozinha.webp?v=1728844567,public/pinterest/final/pin-2294.png,"Pinterest Pin vertical 2:3, imagem bonita full-bleed, sem card, sem borda, estilo foto premium realista. Tema: decoração de cozinha. Cenário: cozinha pequena organizada, clean, clara, armários planejados, bancada livre, potes organizadores, bandeja decorativa, tapete de cozinha discreto. Usar paleta Chique Home: off-white, bege, madeira clara, taupe suave, preto fosco, luz quente, visual premium brasileiro. Aplicar visualmente o produto da Shopify em outro ambiente realista de forma natural. Produto: Porta Detergente Esponja e Bucha para Pia de Cozinha. Sem texto grande, foco em inspirar clique para compra."
2295,Tapetes para cozinha,tapete para cozinha,listicle_idea_overlay,Porta Detergente Esponja e Bucha para Pia de Cozinha,https://cdn.shopify.com/s/files/1/0864/2432/2353/files/Porta_Detergente_e_Esponja_para_Pia_de_Cozinha.webp?v=1728844567,public/pinterest/final/pin-2295.png,"Pinterest Pin vertical 2:3, imagem bonita full-bleed, sem card, sem borda, estilo foto premium realista. Tema: tapete para cozinha. Cenário: cozinha moderna e funcional com passadeira ou tapete antiderrapante em destaque no piso, bancada organizada e luz natural. Usar paleta Chique Home: off-white, bege, madeira clara, taupe suave, preto fosco, luz quente, visual premium brasileiro. Criar imagem com produto ou ambiente em destaque, visual premium realista e clicável. Produto relacionado: Porta Detergente Esponja e Bucha para Pia de Cozinha."
2296,Cozinha elegante,projeto de cozinha,environment_full_bleed,Tapete para Cozinha Antiderrapante Passadeira Moderno,https://cdn.shopify.com/s/files/1/0864/2432/2353/files/Tapete_para_Cozinha_Antiderrapante_Moderno_verde_cinza_branco.webp?v=1746301954,public/pinterest/final/pin-2296.png,"Pinterest Pin vertical 2:3, imagem bonita full-bleed, sem card, sem borda, estilo foto premium realista. Tema: projeto de cozinha. Cenário: cozinha pequena organizada, clean, clara, armários planejados, bancada livre, potes organizadores, bandeja decorativa, tapete de cozinha discreto. Usar paleta Chique Home: off-white, bege, madeira clara, taupe suave, preto fosco, luz quente, visual premium brasileiro. Criar um cenário inspiracional de ambiente, sem texto grande. A imagem precisa parecer resultado real de busca no Pinterest, bonita e clicável. Produto relacionado: Tapete para Cozinha Antiderrapante Passadeira Moderno, aplicar apenas se fizer sentido natural."
2298,Tapetes para cozinha,tapete cozinha antiderrapante,environment_title_overlay,Tapete para Cozinha Antiderrapante Passadeira Moderno,https://cdn.shopify.com/s/files/1/0864/2432/2353/files/Tapete_para_Cozinha_Antiderrapante_Moderno_verde_cinza_branco.webp?v=1746301954,public/pinterest/final/pin-2298.png,"Pinterest Pin vertical 2:3, imagem bonita full-bleed, sem card, sem borda, estilo foto premium realista. Tema: tapete cozinha antiderrapante. Cenário: cozinha moderna e funcional com passadeira ou tapete antiderrapante em destaque no piso, bancada organizada e luz natural. Usar paleta Chique Home: off-white, bege, madeira clara, taupe suave, preto fosco, luz quente, visual premium brasileiro. Criar cenário bonito com título centralizado, curto e clicável em português: ""Tapete cozinha antiderrapante"". Texto elegante, alto contraste, estilo Pinterest Brasil, sem poluir. Cupom PINTEREST10 pequeno no canto inferior."
2299,Tapetes para cozinha,passadeira para cozinha,product_in_environment,Tapete para Cozinha Antiderrapante Passadeira Moderno,https://cdn.shopify.com/s/files/1/0864/2432/2353/files/Tapete_para_Cozinha_Antiderrapante_Moderno_verde_cinza_branco.webp?v=1746301954,public/pinterest/final/pin-2299.png,"Pinterest Pin vertical 2:3, imagem bonita full-bleed, sem card, sem borda, estilo foto premium realista. Tema: passadeira para cozinha. Cenário: cozinha moderna e funcional com passadeira ou tapete antiderrapante em destaque no piso, bancada organizada e luz natural. Usar paleta Chique Home: off-white, bege, madeira clara, taupe suave, preto fosco, luz quente, visual premium brasileiro. Aplicar visualmente o produto da Shopify em outro ambiente realista de forma natural. Produto: Tapete para Cozinha Antiderrapante Passadeira Moderno. Sem texto grande, foco em inspirar clique para compra."
2300,Tapetes para cozinha,tapete cozinha bege,listicle_idea_overlay,Tapete para Cozinha Antiderrapante Passadeira Moderno,https://cdn.shopify.com/s/files/1/0864/2432/2353/files/Tapete_para_Cozinha_Antiderrapante_Moderno_verde_cinza_branco.webp?v=1746301954,public/pinterest/final/pin-2300.png,"Pinterest Pin vertical 2:3, imagem bonita full-bleed, sem card, sem borda, estilo foto premium realista. Tema: tapete cozinha bege. Cenário: cozinha moderna e funcional com passadeira ou tapete antiderrapante em destaque no piso, bancada organizada e luz natural. Usar paleta Chique Home: off-white, bege, madeira clara, taupe suave, preto fosco, luz quente, visual premium brasileiro. Criar imagem com produto ou ambiente em destaque, visual premium realista e clicável. Produto relacionado: Tapete para Cozinha Antiderrapante Passadeira Moderno."
2303,Cozinha elegante,cozinha pequena organizada,environment_title_overlay,Tapete para Cozinha Antiderrapante Passadeira Moderno,https://cdn.shopify.com/s/files/1/0864/2432/2353/files/Tapete_para_Cozinha_Antiderrapante_Moderno_verde_cinza_branco.webp?v=1746301954,public/pinterest/final/pin-2303.png,"Pinterest Pin vertical 2:3, imagem bonita full-bleed, sem card, sem borda, estilo foto premium realista. Tema: cozinha pequena organizada. Cenário: cozinha pequena organizada, clean, clara, armários planejados, bancada livre, potes organizadores, bandeja decorativa, tapete de cozinha discreto. Usar paleta Chique Home: off-white, bege, madeira clara, taupe suave, preto fosco, luz quente, visual premium brasileiro. Criar cenário bonito com título centralizado, curto e clicável em português: ""Cozinha pequena organizada"". Texto elegante, alto contraste, estilo Pinterest Brasil, sem poluir. Cupom PINTEREST10 pequeno no canto inferior."
2304,Cozinha elegante,cozinha decorada simples,product_in_environment,Tapete para Cozinha Antiderrapante Passadeira Moderno,https://cdn.shopify.com/s/files/1/0864/2432/2353/files/Tapete_para_Cozinha_Antiderrapante_Moderno_verde_cinza_branco.webp?v=1746301954,public/pinterest/final/pin-2304.png,"Pinterest Pin vertical 2:3, imagem bonita full-bleed, sem card, sem borda, estilo foto premium realista. Tema: cozinha decorada simples. Cenário: cozinha pequena organizada, clean, clara, armários planejados, bancada livre, potes organizadores, bandeja decorativa, tapete de cozinha discreto. Usar paleta Chique Home: off-white, bege, madeira clara, taupe suave, preto fosco, luz quente, visual premium brasileiro. Aplicar visualmente o produto da Shopify em outro ambiente realista de forma natural. Produto: Tapete para Cozinha Antiderrapante Passadeira Moderno. Sem texto grande, foco em inspirar clique para compra."
2305,Cozinha elegante,cozinha decorada,listicle_idea_overlay,Tapete para Cozinha Antiderrapante Passadeira Moderno,https://cdn.shopify.com/s/files/1/0864/2432/2353/files/Tapete_para_Cozinha_Antiderrapante_Moderno_verde_cinza_branco.webp?v=1746301954,public/pinterest/final/pin-2305.png,"Pinterest Pin vertical 2:3, imagem bonita full-bleed, sem card, sem borda, estilo foto premium realista. Tema: cozinha decorada. Cenário: cozinha pequena organizada, clean, clara, armários planejados, bancada livre, potes organizadores, bandeja decorativa, tapete de cozinha discreto. Usar paleta Chique Home: off-white, bege, madeira clara, taupe suave, preto fosco, luz quente, visual premium brasileiro. Criar imagem com produto ou ambiente em destaque, visual premium realista e clicável. Produto relacionado: Tapete para Cozinha Antiderrapante Passadeira Moderno."
2306,Cozinha elegante,projeto de cozinha,environment_full_bleed,Tapete para Cozinha Antiderrapante Absorvente Minimalista Cinza,https://cdn.shopify.com/s/files/1/0864/2432/2353/files/Tapete_para_Cozinha_Antiderrapante_Absorvente_Cinza_4.webp?v=1746387736,public/pinterest/final/pin-2306.png,"Pinterest Pin vertical 2:3, imagem bonita full-bleed, sem card, sem borda, estilo foto premium realista. Tema: projeto de cozinha. Cenário: cozinha pequena organizada, clean, clara, armários planejados, bancada livre, potes organizadores, bandeja decorativa, tapete de cozinha discreto. Usar paleta Chique Home: off-white, bege, madeira clara, taupe suave, preto fosco, luz quente, visual premium brasileiro. Criar um cenário inspiracional de ambiente, sem texto grande. A imagem precisa parecer resultado real de busca no Pinterest, bonita e clicável. Produto relacionado: Tapete para Cozinha Antiderrapante Absorvente Minimalista Cinza, aplicar apenas se fizer sentido natural."
2308,Tapetes para cozinha,tapete cozinha antiderrapante,environment_title_overlay,Tapete para Cozinha Antiderrapante Absorvente Minimalista Cinza,https://cdn.shopify.com/s/files/1/0864/2432/2353/files/Tapete_para_Cozinha_Antiderrapante_Absorvente_Cinza_4.webp?v=1746387736,public/pinterest/final/pin-2308.png,"Pinterest Pin vertical 2:3, imagem bonita full-bleed, sem card, sem borda, estilo foto premium realista. Tema: tapete cozinha antiderrapante. Cenário: cozinha moderna e funcional com passadeira ou tapete antiderrapante em destaque no piso, bancada organizada e luz natural. Usar paleta Chique Home: off-white, bege, madeira clara, taupe suave, preto fosco, luz quente, visual premium brasileiro. Criar cenário bonito com título centralizado, curto e clicável em português: ""Tapete cozinha antiderrapante"". Texto elegante, alto contraste, estilo Pinterest Brasil, sem poluir. Cupom PINTEREST10 pequeno no canto inferior."
2309,Tapetes para cozinha,tapete de cozinha absorvente,product_in_environment,Tapete para Cozinha Antiderrapante Absorvente Minimalista Cinza,https://cdn.shopify.com/s/files/1/0864/2432/2353/files/Tapete_para_Cozinha_Antiderrapante_Absorvente_Cinza_4.webp?v=1746387736,public/pinterest/final/pin-2309.png,"Pinterest Pin vertical 2:3, imagem bonita full-bleed, sem card, sem borda, estilo foto premium realista. Tema: tapete de cozinha absorvente. Cenário: cozinha moderna e funcional com passadeira ou tapete antiderrapante em destaque no piso, bancada organizada e luz natural. Usar paleta Chique Home: off-white, bege, madeira clara, taupe suave, preto fosco, luz quente, visual premium brasileiro. Aplicar visualmente o produto da Shopify em outro ambiente realista de forma natural. Produto: Tapete para Cozinha Antiderrapante Absorvente Minimalista Cinza. Sem texto grande, foco em inspirar clique para compra."
2310,Tapetes para cozinha,tapete cozinha bege,listicle_idea_overlay,Tapete para Cozinha Antiderrapante Absorvente Minimalista Cinza,https://cdn.shopify.com/s/files/1/0864/2432/2353/files/Tapete_para_Cozinha_Antiderrapante_Absorvente_Cinza_4.webp?v=1746387736,public/pinterest/final/pin-2310.png,"Pinterest Pin vertical 2:3, imagem bonita full-bleed, sem card, sem borda, estilo foto premium realista. Tema: tapete cozinha bege. Cenário: cozinha moderna e funcional com passadeira ou tapete antiderrapante em destaque no piso, bancada organizada e luz natural. Usar paleta Chique Home: off-white, bege, madeira clara, taupe suave, preto fosco, luz quente, visual premium brasileiro. Criar imagem com produto ou ambiente em destaque, visual premium realista e clicável. Produto relacionado: Tapete para Cozinha Antiderrapante Absorvente Minimalista Cinza."
2313,Cozinha elegante,cozinha pequena organizada,environment_title_overlay,Tapete para Cozinha Antiderrapante Absorvente Minimalista Cinza,https://cdn.shopify.com/s/files/1/0864/2432/2353/files/Tapete_para_Cozinha_Antiderrapante_Absorvente_Cinza_4.webp?v=1746387736,public/pinterest/final/pin-2313.png,"Pinterest Pin vertical 2:3, imagem bonita full-bleed, sem card, sem borda, estilo foto premium realista. Tema: cozinha pequena organizada. Cenário: cozinha pequena organizada, clean, clara, armários planejados, bancada livre, potes organizadores, bandeja decorativa, tapete de cozinha discreto. Usar paleta Chique Home: off-white, bege, madeira clara, taupe suave, preto fosco, luz quente, visual premium brasileiro. Criar cenário bonito com título centralizado, curto e clicável em português: ""Cozinha pequena organizada"". Texto elegante, alto contraste, estilo Pinterest Brasil, sem poluir. Cupom PINTEREST10 pequeno no canto inferior."
2314,Cozinha elegante,cozinha decorada simples,product_in_environment,Tapete para Cozinha Antiderrapante Absorvente Minimalista Cinza,https://cdn.shopify.com/s/files/1/0864/2432/2353/files/Tapete_para_Cozinha_Antiderrapante_Absorvente_Cinza_4.webp?v=1746387736,public/pinterest/final/pin-2314.png,"Pinterest Pin vertical 2:3, imagem bonita full-bleed, sem card, sem borda, estilo foto premium realista. Tema: cozinha decorada simples. Cenário: cozinha pequena organizada, clean, clara, armários planejados, bancada livre, potes organizadores, bandeja decorativa, tapete de cozinha discreto. Usar paleta Chique Home: off-white, bege, madeira clara, taupe suave, preto fosco, luz quente, visual premium brasileiro. Aplicar visualmente o produto da Shopify em outro ambiente realista de forma natural. Produto: Tapete para Cozinha Antiderrapante Absorvente Minimalista Cinza. Sem texto grande, foco em inspirar clique para compra."
2315,Cozinha elegante,cozinha decorada,listicle_idea_overlay,Tapete para Cozinha Antiderrapante Absorvente Minimalista Cinza,https://cdn.shopify.com/s/files/1/0864/2432/2353/files/Tapete_para_Cozinha_Antiderrapante_Absorvente_Cinza_4.webp?v=1746387736,public/pinterest/final/pin-2315.png,"Pinterest Pin vertical 2:3, imagem bonita full-bleed, sem card, sem borda, estilo foto premium realista. Tema: cozinha decorada. Cenário: cozinha pequena organizada, clean, clara, armários planejados, bancada livre, potes organizadores, bandeja decorativa, tapete de cozinha discreto. Usar paleta Chique Home: off-white, bege, madeira clara, taupe suave, preto fosco, luz quente, visual premium brasileiro. Criar imagem com produto ou ambiente em destaque, visual premium realista e clicável. Produto relacionado: Tapete para Cozinha Antiderrapante Absorvente Minimalista Cinza."
2316,Cozinha elegante,projeto de cozinha,environment_full_bleed,Tapete para Cozinha Antiderrapante Absorvente Minimalista Preto,https://cdn.shopify.com/s/files/1/0864/2432/2353/files/Tapete_para_Cozinha_Antiderrapante_Absorvente_preto_Minimalista.webp?v=1745928734,public/pinterest/final/pin-2316.png,"Pinterest Pin vertical 2:3, imagem bonita full-bleed, sem card, sem borda, estilo foto premium realista. Tema: projeto de cozinha. Cenário: cozinha pequena organizada, clean, clara, armários planejados, bancada livre, potes organizadores, bandeja decorativa, tapete de cozinha discreto. Usar paleta Chique Home: off-white, bege, madeira clara, taupe suave, preto fosco, luz quente, visual premium brasileiro. Criar um cenário inspiracional de ambiente, sem texto grande. A imagem precisa parecer resultado real de busca no Pinterest, bonita e clicável. Produto relacionado: Tapete para Cozinha Antiderrapante Absorvente Minimalista Preto, aplicar apenas se fizer sentido natural."
2318,Tapetes para cozinha,tapete cozinha antiderrapante,environment_title_overlay,Tapete para Cozinha Antiderrapante Absorvente Minimalista Preto,https://cdn.shopify.com/s/files/1/0864/2432/2353/files/Tapete_para_Cozinha_Antiderrapante_Absorvente_preto_Minimalista.webp?v=1745928734,public/pinterest/final/pin-2318.png,"Pinterest Pin vertical 2:3, imagem bonita full-bleed, sem card, sem borda, estilo foto premium realista. Tema: tapete cozinha antiderrapante. Cenário: cozinha moderna e funcional com passadeira ou tapete antiderrapante em destaque no piso, bancada organizada e luz natural. Usar paleta Chique Home: off-white, bege, madeira clara, taupe suave, preto fosco, luz quente, visual premium brasileiro. Criar cenário bonito com título centralizado, curto e clicável em português: ""Tapete cozinha antiderrapante"". Texto elegante, alto contraste, estilo Pinterest Brasil, sem poluir. Cupom PINTEREST10 pequeno no canto inferior."
2319,Tapetes para cozinha,tapete de cozinha absorvente,product_in_environment,Tapete para Cozinha Antiderrapante Absorvente Minimalista Preto,https://cdn.shopify.com/s/files/1/0864/2432/2353/files/Tapete_para_Cozinha_Antiderrapante_Absorvente_preto_Minimalista.webp?v=1745928734,public/pinterest/final/pin-2319.png,"Pinterest Pin vertical 2:3, imagem bonita full-bleed, sem card, sem borda, estilo foto premium realista. Tema: tapete de cozinha absorvente. Cenário: cozinha moderna e funcional com passadeira ou tapete antiderrapante em destaque no piso, bancada organizada e luz natural. Usar paleta Chique Home: off-white, bege, madeira clara, taupe suave, preto fosco, luz quente, visual premium brasileiro. Aplicar visualmente o produto da Shopify em outro ambiente realista de forma natural. Produto: Tapete para Cozinha Antiderrapante Absorvente Minimalista Preto. Sem texto grande, foco em inspirar clique para compra."
2320,Tapetes para cozinha,tapete cozinha bege,listicle_idea_overlay,Tapete para Cozinha Antiderrapante Absorvente Minimalista Preto,https://cdn.shopify.com/s/files/1/0864/2432/2353/files/Tapete_para_Cozinha_Antiderrapante_Absorvente_preto_Minimalista.webp?v=1745928734,public/pinterest/final/pin-2320.png,"Pinterest Pin vertical 2:3, imagem bonita full-bleed, sem card, sem borda, estilo foto premium realista. Tema: tapete cozinha bege. Cenário: cozinha moderna e funcional com passadeira ou tapete antiderrapante em destaque no piso, bancada organizada e luz natural. Usar paleta Chique Home: off-white, bege, madeira clara, taupe suave, preto fosco, luz quente, visual premium brasileiro. Criar imagem com produto ou ambiente em destaque, visual premium realista e clicável. Produto relacionado: Tapete para Cozinha Antiderrapante Absorvente Minimalista Preto."
2323,Cozinha elegante,cozinha pequena organizada,environment_title_overlay,Tapete para Cozinha Antiderrapante Absorvente Minimalista Preto,https://cdn.shopify.com/s/files/1/0864/2432/2353/files/Tapete_para_Cozinha_Antiderrapante_Absorvente_preto_Minimalista.webp?v=1745928734,public/pinterest/final/pin-2323.png,"Pinterest Pin vertical 2:3, imagem bonita full-bleed, sem card, sem borda, estilo foto premium realista. Tema: cozinha pequena organizada. Cenário: cozinha pequena organizada, clean, clara, armários planejados, bancada livre, potes organizadores, bandeja decorativa, tapete de cozinha discreto. Usar paleta Chique Home: off-white, bege, madeira clara, taupe suave, preto fosco, luz quente, visual premium brasileiro. Criar cenário bonito com título centralizado, curto e clicável em português: ""Cozinha pequena organizada"". Texto elegante, alto contraste, estilo Pinterest Brasil, sem poluir. Cupom PINTEREST10 pequeno no canto inferior."
2324,Cozinha elegante,cozinha decorada simples,product_in_environment,Tapete para Cozinha Antiderrapante Absorvente Minimalista Preto,https://cdn.shopify.com/s/files/1/0864/2432/2353/files/Tapete_para_Cozinha_Antiderrapante_Absorvente_preto_Minimalista.webp?v=1745928734,public/pinterest/final/pin-2324.png,"Pinterest Pin vertical 2:3, imagem bonita full-bleed, sem card, sem borda, estilo foto premium realista. Tema: cozinha decorada simples. Cenário: cozinha pequena organizada, clean, clara, armários planejados, bancada livre, potes organizadores, bandeja decorativa, tapete de cozinha discreto. Usar paleta Chique Home: off-white, bege, madeira clara, taupe suave, preto fosco, luz quente, visual premium brasileiro. Aplicar visualmente o produto da Shopify em outro ambiente realista de forma natural. Produto: Tapete para Cozinha Antiderrapante Absorvente Minimalista Preto. Sem texto grande, foco em inspirar clique para compra."
2325,Cozinha elegante,cozinha decorada,listicle_idea_overlay,Tapete para Cozinha Antiderrapante Absorvente Minimalista Preto,https://cdn.shopify.com/s/files/1/0864/2432/2353/files/Tapete_para_Cozinha_Antiderrapante_Absorvente_preto_Minimalista.webp?v=1745928734,public/pinterest/final/pin-2325.png,"Pinterest Pin vertical 2:3, imagem bonita full-bleed, sem card, sem borda, estilo foto premium realista. Tema: cozinha decorada. Cenário: cozinha pequena organizada, clean, clara, armários planejados, bancada livre, potes organizadores, bandeja decorativa, tapete de cozinha discreto. Usar paleta Chique Home: off-white, bege, madeira clara, taupe suave, preto fosco, luz quente, visual premium brasileiro. Criar imagem com produto ou ambiente em destaque, visual premium realista e clicável. Produto relacionado: Tapete para Cozinha Antiderrapante Absorvente Minimalista Preto."
2326,Sala sofisticada,sala de estar apartamento,environment_full_bleed,Relógio de Parede Aurelio Rose Black,https://cdn.shopify.com/s/files/1/0864/2432/2353/files/Relogio_de_Parede_para_Cozinha_Sala_Grande_Decorativo_moderno_rosa_preto.webp?v=1783080885,public/pinterest/final/pin-2326.png,"Pinterest Pin vertical 2:3, imagem bonita full-bleed, sem card, sem borda, estilo foto premium realista. Tema: sala de estar apartamento. Cenário: sala de estar sofisticada, sofá neutro, almofadas decorativas, relógio de parede e decoração elegante. Usar paleta Chique Home: off-white, bege, madeira clara, taupe suave, preto fosco, luz quente, visual premium brasileiro. Criar um cenário inspiracional de ambiente, sem texto grande. A imagem precisa parecer resultado real de busca no Pinterest, bonita e clicável. Produto relacionado: Relógio de Parede Aurelio Rose Black, aplicar apenas se fizer sentido natural."
2328,Relogios de parede,relogio de parede grande,environment_title_overlay,Relógio de Parede Aurelio Rose Black,https://cdn.shopify.com/s/files/1/0864/2432/2353/files/Relogio_de_Parede_para_Cozinha_Sala_Grande_Decorativo_moderno_rosa_preto.webp?v=1783080885,public/pinterest/final/pin-2328.png,"Pinterest Pin vertical 2:3, imagem bonita full-bleed, sem card, sem borda, estilo foto premium realista. Tema: relógio de parede grande. Cenário: parede de sala ou cozinha com relógio decorativo grande, composição limpa e elegante. Usar paleta Chique Home: off-white, bege, madeira clara, taupe suave, preto fosco, luz quente, visual premium brasileiro. Criar cenário bonito com título centralizado, curto e clicável em português: ""Relógio de parede grande"". Texto elegante, alto contraste, estilo Pinterest Brasil, sem poluir. Cupom PINTEREST10 pequeno no canto inferior."
2329,Relogios de parede,relogio de parede cozinha,product_in_environment,Relógio de Parede Aurelio Rose Black,https://cdn.shopify.com/s/files/1/0864/2432/2353/files/Relogio_de_Parede_para_Cozinha_Sala_Grande_Decorativo_moderno_rosa_preto.webp?v=1783080885,public/pinterest/final/pin-2329.png,"Pinterest Pin vertical 2:3, imagem bonita full-bleed, sem card, sem borda, estilo foto premium realista. Tema: relógio de parede cozinha. Cenário: parede de sala ou cozinha com relógio decorativo grande, composição limpa e elegante. Usar paleta Chique Home: off-white, bege, madeira clara, taupe suave, preto fosco, luz quente, visual premium brasileiro. Aplicar visualmente o produto da Shopify em outro ambiente realista de forma natural. Produto: Relógio de Parede Aurelio Rose Black. Sem texto grande, foco em inspirar clique para compra."
2330,Relogios de parede,relogio de parede sala,listicle_idea_overlay,Relógio de Parede Aurelio Rose Black,https://cdn.shopify.com/s/files/1/0864/2432/2353/files/Relogio_de_Parede_para_Cozinha_Sala_Grande_Decorativo_moderno_rosa_preto.webp?v=1783080885,public/pinterest/final/pin-2330.png,"Pinterest Pin vertical 2:3, imagem bonita full-bleed, sem card, sem borda, estilo foto premium realista. Tema: relógio de parede sala. Cenário: parede de sala ou cozinha com relógio decorativo grande, composição limpa e elegante. Usar paleta Chique Home: off-white, bege, madeira clara, taupe suave, preto fosco, luz quente, visual premium brasileiro. Criar imagem com produto ou ambiente em destaque, visual premium realista e clicável. Produto relacionado: Relógio de Parede Aurelio Rose Black."
2333,Sala sofisticada,sala sofisticada,environment_title_overlay,Relógio de Parede Aurelio Rose Black,https://cdn.shopify.com/s/files/1/0864/2432/2353/files/Relogio_de_Parede_para_Cozinha_Sala_Grande_Decorativo_moderno_rosa_preto.webp?v=1783080885,public/pinterest/final/pin-2333.png,"Pinterest Pin vertical 2:3, imagem bonita full-bleed, sem card, sem borda, estilo foto premium realista. Tema: sala sofisticada. Cenário: sala de estar sofisticada, sofá neutro, almofadas decorativas, relógio de parede e decoração elegante. Usar paleta Chique Home: off-white, bege, madeira clara, taupe suave, preto fosco, luz quente, visual premium brasileiro. Criar cenário bonito com título centralizado, curto e clicável em português: ""Sala sofisticada"". Texto elegante, alto contraste, estilo Pinterest Brasil, sem poluir. Cupom PINTEREST10 pequeno no canto inferior."
2334,Sala sofisticada,decoracao de sala,product_in_environment,Relógio de Parede Aurelio Rose Black,https://cdn.shopify.com/s/files/1/0864/2432/2353/files/Relogio_de_Parede_para_Cozinha_Sala_Grande_Decorativo_moderno_rosa_preto.webp?v=1783080885,public/pinterest/final/pin-2334.png,"Pinterest Pin vertical 2:3, imagem bonita full-bleed, sem card, sem borda, estilo foto premium realista. Tema: decoração de sala. Cenário: sala de estar sofisticada, sofá neutro, almofadas decorativas, relógio de parede e decoração elegante. Usar paleta Chique Home: off-white, bege, madeira clara, taupe suave, preto fosco, luz quente, visual premium brasileiro. Aplicar visualmente o produto da Shopify em outro ambiente realista de forma natural. Produto: Relógio de Parede Aurelio Rose Black. Sem texto grande, foco em inspirar clique para compra."
2335,Sala sofisticada,sala pequena decorada,listicle_idea_overlay,Relógio de Parede Aurelio Rose Black,https://cdn.shopify.com/s/files/1/0864/2432/2353/files/Relogio_de_Parede_para_Cozinha_Sala_Grande_Decorativo_moderno_rosa_preto.webp?v=1783080885,public/pinterest/final/pin-2335.png,"Pinterest Pin vertical 2:3, imagem bonita full-bleed, sem card, sem borda, estilo foto premium realista. Tema: sala pequena decorada. Cenário: sala de estar sofisticada, sofá neutro, almofadas decorativas, relógio de parede e decoração elegante. Usar paleta Chique Home: off-white, bege, madeira clara, taupe suave, preto fosco, luz quente, visual premium brasileiro. Criar imagem com produto ou ambiente em destaque, visual premium realista e clicável. Produto relacionado: Relógio de Parede Aurelio Rose Black."
2336,Sala sofisticada,sala de estar apartamento,environment_full_bleed,Relógio de Parede Toscana Beige,https://cdn.shopify.com/s/files/1/0864/2432/2353/files/Relogio_de_Parede_para_Cozinha_Sala_Decorativo_Grande_Madeira_6.webp?v=1755914654,public/pinterest/final/pin-2336.png,"Pinterest Pin vertical 2:3, imagem bonita full-bleed, sem card, sem borda, estilo foto premium realista. Tema: sala de estar apartamento. Cenário: sala de estar sofisticada, sofá neutro, almofadas decorativas, relógio de parede e decoração elegante. Usar paleta Chique Home: off-white, bege, madeira clara, taupe suave, preto fosco, luz quente, visual premium brasileiro. Criar um cenário inspiracional de ambiente, sem texto grande. A imagem precisa parecer resultado real de busca no Pinterest, bonita e clicável. Produto relacionado: Relógio de Parede Toscana Beige, aplicar apenas se fizer sentido natural."
2338,Relogios de parede,relogio de parede grande,environment_title_overlay,Relógio de Parede Toscana Beige,https://cdn.shopify.com/s/files/1/0864/2432/2353/files/Relogio_de_Parede_para_Cozinha_Sala_Decorativo_Grande_Madeira_6.webp?v=1755914654,public/pinterest/final/pin-2338.png,"Pinterest Pin vertical 2:3, imagem bonita full-bleed, sem card, sem borda, estilo foto premium realista. Tema: relógio de parede grande. Cenário: parede de sala ou cozinha com relógio decorativo grande, composição limpa e elegante. Usar paleta Chique Home: off-white, bege, madeira clara, taupe suave, preto fosco, luz quente, visual premium brasileiro. Criar cenário bonito com título centralizado, curto e clicável em português: ""Relógio de parede grande"". Texto elegante, alto contraste, estilo Pinterest Brasil, sem poluir. Cupom PINTEREST10 pequeno no canto inferior."
2339,Relogios de parede,relogio de parede cozinha,product_in_environment,Relógio de Parede Toscana Beige,https://cdn.shopify.com/s/files/1/0864/2432/2353/files/Relogio_de_Parede_para_Cozinha_Sala_Decorativo_Grande_Madeira_6.webp?v=1755914654,public/pinterest/final/pin-2339.png,"Pinterest Pin vertical 2:3, imagem bonita full-bleed, sem card, sem borda, estilo foto premium realista. Tema: relógio de parede cozinha. Cenário: parede de sala ou cozinha com relógio decorativo grande, composição limpa e elegante. Usar paleta Chique Home: off-white, bege, madeira clara, taupe suave, preto fosco, luz quente, visual premium brasileiro. Aplicar visualmente o produto da Shopify em outro ambiente realista de forma natural. Produto: Relógio de Parede Toscana Beige. Sem texto grande, foco em inspirar clique para compra."
2340,Relogios de parede,relogio de parede sala,listicle_idea_overlay,Relógio de Parede Toscana Beige,https://cdn.shopify.com/s/files/1/0864/2432/2353/files/Relogio_de_Parede_para_Cozinha_Sala_Decorativo_Grande_Madeira_6.webp?v=1755914654,public/pinterest/final/pin-2340.png,"Pinterest Pin vertical 2:3, imagem bonita full-bleed, sem card, sem borda, estilo foto premium realista. Tema: relógio de parede sala. Cenário: parede de sala ou cozinha com relógio decorativo grande, composição limpa e elegante. Usar paleta Chique Home: off-white, bege, madeira clara, taupe suave, preto fosco, luz quente, visual premium brasileiro. Criar imagem com produto ou ambiente em destaque, visual premium realista e clicável. Produto relacionado: Relógio de Parede Toscana Beige."
2343,Sala sofisticada,sala sofisticada,environment_title_overlay,Relógio de Parede Toscana Beige,https://cdn.shopify.com/s/files/1/0864/2432/2353/files/Relogio_de_Parede_para_Cozinha_Sala_Decorativo_Grande_Madeira_6.webp?v=1755914654,public/pinterest/final/pin-2343.png,"Pinterest Pin vertical 2:3, imagem bonita full-bleed, sem card, sem borda, estilo foto premium realista. Tema: sala sofisticada. Cenário: sala de estar sofisticada, sofá neutro, almofadas decorativas, relógio de parede e decoração elegante. Usar paleta Chique Home: off-white, bege, madeira clara, taupe suave, preto fosco, luz quente, visual premium brasileiro. Criar cenário bonito com título centralizado, curto e clicável em português: ""Sala sofisticada"". Texto elegante, alto contraste, estilo Pinterest Brasil, sem poluir. Cupom PINTEREST10 pequeno no canto inferior."
2344,Sala sofisticada,decoracao de sala,product_in_environment,Relógio de Parede Toscana Beige,https://cdn.shopify.com/s/files/1/0864/2432/2353/files/Relogio_de_Parede_para_Cozinha_Sala_Decorativo_Grande_Madeira_6.webp?v=1755914654,public/pinterest/final/pin-2344.png,"Pinterest Pin vertical 2:3, imagem bonita full-bleed, sem card, sem borda, estilo foto premium realista. Tema: decoração de sala. Cenário: sala de estar sofisticada, sofá neutro, almofadas decorativas, relógio de parede e decoração elegante. Usar paleta Chique Home: off-white, bege, madeira clara, taupe suave, preto fosco, luz quente, visual premium brasileiro. Aplicar visualmente o produto da Shopify em outro ambiente realista de forma natural. Produto: Relógio de Parede Toscana Beige. Sem texto grande, foco em inspirar clique para compra."
2345,Sala sofisticada,sala pequena decorada,listicle_idea_overlay,Relógio de Parede Toscana Beige,https://cdn.shopify.com/s/files/1/0864/2432/2353/files/Relogio_de_Parede_para_Cozinha_Sala_Decorativo_Grande_Madeira_6.webp?v=1755914654,public/pinterest/final/pin-2345.png,"Pinterest Pin vertical 2:3, imagem bonita full-bleed, sem card, sem borda, estilo foto premium realista. Tema: sala pequena decorada. Cenário: sala de estar sofisticada, sofá neutro, almofadas decorativas, relógio de parede e decoração elegante. Usar paleta Chique Home: off-white, bege, madeira clara, taupe suave, preto fosco, luz quente, visual premium brasileiro. Criar imagem com produto ou ambiente em destaque, visual premium realista e clicável. Produto relacionado: Relógio de Parede Toscana Beige."
2346,Sala sofisticada,sala de estar apartamento,environment_full_bleed,Relógio de Parede Milano Gray,https://cdn.shopify.com/s/files/1/0864/2432/2353/files/Relogio_de_Parede_para_Cozinha_Sala_Grande_Decorativo_Elegante_cinza_2.webp?v=1755049525,public/pinterest/final/pin-2346.png,"Pinterest Pin vertical 2:3, imagem bonita full-bleed, sem card, sem borda, estilo foto premium realista. Tema: sala de estar apartamento. Cenário: sala de estar sofisticada, sofá neutro, almofadas decorativas, relógio de parede e decoração elegante. Usar paleta Chique Home: off-white, bege, madeira clara, taupe suave, preto fosco, luz quente, visual premium brasileiro. Criar um cenário inspiracional de ambiente, sem texto grande. A imagem precisa parecer resultado real de busca no Pinterest, bonita e clicável. Produto relacionado: Relógio de Parede Milano Gray, aplicar apenas se fizer sentido natural."
2348,Relogios de parede,relogio de parede grande,environment_title_overlay,Relógio de Parede Milano Gray,https://cdn.shopify.com/s/files/1/0864/2432/2353/files/Relogio_de_Parede_para_Cozinha_Sala_Grande_Decorativo_Elegante_cinza_2.webp?v=1755049525,public/pinterest/final/pin-2348.png,"Pinterest Pin vertical 2:3, imagem bonita full-bleed, sem card, sem borda, estilo foto premium realista. Tema: relógio de parede grande. Cenário: parede de sala ou cozinha com relógio decorativo grande, composição limpa e elegante. Usar paleta Chique Home: off-white, bege, madeira clara, taupe suave, preto fosco, luz quente, visual premium brasileiro. Criar cenário bonito com título centralizado, curto e clicável em português: ""Relógio de parede grande"". Texto elegante, alto contraste, estilo Pinterest Brasil, sem poluir. Cupom PINTEREST10 pequeno no canto inferior."
2349,Relogios de parede,relogio de parede cozinha,product_in_environment,Relógio de Parede Milano Gray,https://cdn.shopify.com/s/files/1/0864/2432/2353/files/Relogio_de_Parede_para_Cozinha_Sala_Grande_Decorativo_Elegante_cinza_2.webp?v=1755049525,public/pinterest/final/pin-2349.png,"Pinterest Pin vertical 2:3, imagem bonita full-bleed, sem card, sem borda, estilo foto premium realista. Tema: relógio de parede cozinha. Cenário: parede de sala ou cozinha com relógio decorativo grande, composição limpa e elegante. Usar paleta Chique Home: off-white, bege, madeira clara, taupe suave, preto fosco, luz quente, visual premium brasileiro. Aplicar visualmente o produto da Shopify em outro ambiente realista de forma natural. Produto: Relógio de Parede Milano Gray. Sem texto grande, foco em inspirar clique para compra."
2350,Relogios de parede,relogio de parede sala,listicle_idea_overlay,Relógio de Parede Milano Gray,https://cdn.shopify.com/s/files/1/0864/2432/2353/files/Relogio_de_Parede_para_Cozinha_Sala_Grande_Decorativo_Elegante_cinza_2.webp?v=1755049525,public/pinterest/final/pin-2350.png,"Pinterest Pin vertical 2:3, imagem bonita full-bleed, sem card, sem borda, estilo foto premium realista. Tema: relógio de parede sala. Cenário: parede de sala ou cozinha com relógio decorativo grande, composição limpa e elegante. Usar paleta Chique Home: off-white, bege, madeira clara, taupe suave, preto fosco, luz quente, visual premium brasileiro. Criar imagem com produto ou ambiente em destaque, visual premium realista e clicável. Produto relacionado: Relógio de Parede Milano Gray."
2353,Sala sofisticada,sala sofisticada,environment_title_overlay,Relógio de Parede Milano Gray,https://cdn.shopify.com/s/files/1/0864/2432/2353/files/Relogio_de_Parede_para_Cozinha_Sala_Grande_Decorativo_Elegante_cinza_2.webp?v=1755049525,public/pinterest/final/pin-2353.png,"Pinterest Pin vertical 2:3, imagem bonita full-bleed, sem card, sem borda, estilo foto premium realista. Tema: sala sofisticada. Cenário: sala de estar sofisticada, sofá neutro, almofadas decorativas, relógio de parede e decoração elegante. Usar paleta Chique Home: off-white, bege, madeira clara, taupe suave, preto fosco, luz quente, visual premium brasileiro. Criar cenário bonito com título centralizado, curto e clicável em português: ""Sala sofisticada"". Texto elegante, alto contraste, estilo Pinterest Brasil, sem poluir. Cupom PINTEREST10 pequeno no canto inferior."
2354,Sala sofisticada,decoracao de sala,product_in_environment,Relógio de Parede Milano Gray,https://cdn.shopify.com/s/files/1/0864/2432/2353/files/Relogio_de_Parede_para_Cozinha_Sala_Grande_Decorativo_Elegante_cinza_2.webp?v=1755049525,public/pinterest/final/pin-2354.png,"Pinterest Pin vertical 2:3, imagem bonita full-bleed, sem card, sem borda, estilo foto premium realista. Tema: decoração de sala. Cenário: sala de estar sofisticada, sofá neutro, almofadas decorativas, relógio de parede e decoração elegante. Usar paleta Chique Home: off-white, bege, madeira clara, taupe suave, preto fosco, luz quente, visual premium brasileiro. Aplicar visualmente o produto da Shopify em outro ambiente realista de forma natural. Produto: Relógio de Parede Milano Gray. Sem texto grande, foco em inspirar clique para compra."
2355,Sala sofisticada,sala pequena decorada,listicle_idea_overlay,Relógio de Parede Milano Gray,https://cdn.shopify.com/s/files/1/0864/2432/2353/files/Relogio_de_Parede_para_Cozinha_Sala_Grande_Decorativo_Elegante_cinza_2.webp?v=1755049525,public/pinterest/final/pin-2355.png,"Pinterest Pin vertical 2:3, imagem bonita full-bleed, sem card, sem borda, estilo foto premium realista. Tema: sala pequena decorada. Cenário: sala de estar sofisticada, sofá neutro, almofadas decorativas, relógio de parede e decoração elegante. Usar paleta Chique Home: off-white, bege, madeira clara, taupe suave, preto fosco, luz quente, visual premium brasileiro. Criar imagem com produto ou ambiente em destaque, visual premium realista e clicável. Produto relacionado: Relógio de Parede Milano Gray."
2356,Cozinha elegante,projeto de cozinha,environment_full_bleed,Relógio de Parede Verona White,https://cdn.shopify.com/s/files/1/0864/2432/2353/files/Relogio_de_Parede_para_Cozinha_Sala_Grande_Decorativo_branco.webp?v=1759850408,public/pinterest/final/pin-2356.png,"Pinterest Pin vertical 2:3, imagem bonita full-bleed, sem card, sem borda, estilo foto premium realista. Tema: projeto de cozinha. Cenário: cozinha pequena organizada, clean, clara, armários planejados, bancada livre, potes organizadores, bandeja decorativa, tapete de cozinha discreto. Usar paleta Chique Home: off-white, bege, madeira clara, taupe suave, preto fosco, luz quente, visual premium brasileiro. Criar um cenário inspiracional de ambiente, sem texto grande. A imagem precisa parecer resultado real de busca no Pinterest, bonita e clicável. Produto relacionado: Relógio de Parede Verona White, aplicar apenas se fizer sentido natural."
2358,Sala sofisticada,decoração sala,environment_title_overlay,Relógio de Parede Verona White,https://cdn.shopify.com/s/files/1/0864/2432/2353/files/Relogio_de_Parede_para_Cozinha_Sala_Grande_Decorativo_branco.webp?v=1759850408,public/pinterest/final/pin-2358.png,"Pinterest Pin vertical 2:3, imagem bonita full-bleed, sem card, sem borda, estilo foto premium realista. Tema: decoração sala. Cenário: sala de estar sofisticada, sofá neutro, almofadas decorativas, relógio de parede e decoração elegante. Usar paleta Chique Home: off-white, bege, madeira clara, taupe suave, preto fosco, luz quente, visual premium brasileiro. Criar cenário bonito com título centralizado, curto e clicável em português: ""Decoração sala"". Texto elegante, alto contraste, estilo Pinterest Brasil, sem poluir. Cupom PINTEREST10 pequeno no canto inferior."
2359,Cozinha elegante,decoração cozinha,product_in_environment,Relógio de Parede Verona White,https://cdn.shopify.com/s/files/1/0864/2432/2353/files/Relogio_de_Parede_para_Cozinha_Sala_Grande_Decorativo_branco.webp?v=1759850408,public/pinterest/final/pin-2359.png,"Pinterest Pin vertical 2:3, imagem bonita full-bleed, sem card, sem borda, estilo foto premium realista. Tema: decoração cozinha. Cenário: cozinha pequena organizada, clean, clara, armários planejados, bancada livre, potes organizadores, bandeja decorativa, tapete de cozinha discreto. Usar paleta Chique Home: off-white, bege, madeira clara, taupe suave, preto fosco, luz quente, visual premium brasileiro. Aplicar visualmente o produto da Shopify em outro ambiente realista de forma natural. Produto: Relógio de Parede Verona White. Sem texto grande, foco em inspirar clique para compra."
2360,Cozinha elegante,cozinha organizada,listicle_idea_overlay,Relógio de Parede Verona White,https://cdn.shopify.com/s/files/1/0864/2432/2353/files/Relogio_de_Parede_para_Cozinha_Sala_Grande_Decorativo_branco.webp?v=1759850408,public/pinterest/final/pin-2360.png,"Pinterest Pin vertical 2:3, imagem bonita full-bleed, sem card, sem borda, estilo foto premium realista. Tema: cozinha organizada. Cenário: cozinha pequena organizada, clean, clara, armários planejados, bancada livre, potes organizadores, bandeja decorativa, tapete de cozinha discreto. Usar paleta Chique Home: off-white, bege, madeira clara, taupe suave, preto fosco, luz quente, visual premium brasileiro. Criar imagem com produto ou ambiente em destaque, visual premium realista e clicável. Produto relacionado: Relógio de Parede Verona White."
2361,Cozinha elegante,cozinha pequena organizada,environment_full_bleed,Relógio de Parede Verona White,https://cdn.shopify.com/s/files/1/0864/2432/2353/files/Relogio_de_Parede_para_Cozinha_Sala_Grande_Decorativo_branco.webp?v=1759850408,public/pinterest/final/pin-2361.png,"Pinterest Pin vertical 2:3, imagem bonita full-bleed, sem card, sem borda, estilo foto premium realista. Tema: cozinha pequena organizada. Cenário: cozinha pequena organizada, clean, clara, armários planejados, bancada livre, potes organizadores, bandeja decorativa, tapete de cozinha discreto. Usar paleta Chique Home: off-white, bege, madeira clara, taupe suave, preto fosco, luz quente, visual premium brasileiro. Criar um cenário inspiracional de ambiente, sem texto grande. A imagem precisa parecer resultado real de busca no Pinterest, bonita e clicável. Produto relacionado: Relógio de Parede Verona White, aplicar apenas se fizer sentido natural."
2363,Relogios de parede,relogio de parede grande,environment_title_overlay,Relógio de Parede Verona White,https://cdn.shopify.com/s/files/1/0864/2432/2353/files/Relogio_de_Parede_para_Cozinha_Sala_Grande_Decorativo_branco.webp?v=1759850408,public/pinterest/final/pin-2363.png,"Pinterest Pin vertical 2:3, imagem bonita full-bleed, sem card, sem borda, estilo foto premium realista. Tema: relógio de parede grande. Cenário: parede de sala ou cozinha com relógio decorativo grande, composição limpa e elegante. Usar paleta Chique Home: off-white, bege, madeira clara, taupe suave, preto fosco, luz quente, visual premium brasileiro. Criar cenário bonito com título centralizado, curto e clicável em português: ""Relógio de parede grande"". Texto elegante, alto contraste, estilo Pinterest Brasil, sem poluir. Cupom PINTEREST10 pequeno no canto inferior."
2364,Relogios de parede,relogio de parede cozinha,product_in_environment,Relógio de Parede Verona White,https://cdn.shopify.com/s/files/1/0864/2432/2353/files/Relogio_de_Parede_para_Cozinha_Sala_Grande_Decorativo_branco.webp?v=1759850408,public/pinterest/final/pin-2364.png,"Pinterest Pin vertical 2:3, imagem bonita full-bleed, sem card, sem borda, estilo foto premium realista. Tema: relógio de parede cozinha. Cenário: parede de sala ou cozinha com relógio decorativo grande, composição limpa e elegante. Usar paleta Chique Home: off-white, bege, madeira clara, taupe suave, preto fosco, luz quente, visual premium brasileiro. Aplicar visualmente o produto da Shopify em outro ambiente realista de forma natural. Produto: Relógio de Parede Verona White. Sem texto grande, foco em inspirar clique para compra."
2365,Relogios de parede,relogio de parede sala,listicle_idea_overlay,Relógio de Parede Verona White,https://cdn.shopify.com/s/files/1/0864/2432/2353/files/Relogio_de_Parede_para_Cozinha_Sala_Grande_Decorativo_branco.webp?v=1759850408,public/pinterest/final/pin-2365.png,"Pinterest Pin vertical 2:3, imagem bonita full-bleed, sem card, sem borda, estilo foto premium realista. Tema: relógio de parede sala. Cenário: parede de sala ou cozinha com relógio decorativo grande, composição limpa e elegante. Usar paleta Chique Home: off-white, bege, madeira clara, taupe suave, preto fosco, luz quente, visual premium brasileiro. Criar imagem com produto ou ambiente em destaque, visual premium realista e clicável. Produto relacionado: Relógio de Parede Verona White."
2366,Sala sofisticada,sala de estar apartamento,environment_full_bleed,Relógio de Parede Torino Black,https://cdn.shopify.com/s/files/1/0864/2432/2353/files/Relogio_de_Parede_para_Cozinha_Sala_Grande_Decorativo_preto_Quadrado.webp?v=1760065237,public/pinterest/final/pin-2366.png,"Pinterest Pin vertical 2:3, imagem bonita full-bleed, sem card, sem borda, estilo foto premium realista. Tema: sala de estar apartamento. Cenário: sala de estar sofisticada, sofá neutro, almofadas decorativas, relógio de parede e decoração elegante. Usar paleta Chique Home: off-white, bege, madeira clara, taupe suave, preto fosco, luz quente, visual premium brasileiro. Criar um cenário inspiracional de ambiente, sem texto grande. A imagem precisa parecer resultado real de busca no Pinterest, bonita e clicável. Produto relacionado: Relógio de Parede Torino Black, aplicar apenas se fizer sentido natural."
2368,Relogios de parede,relogio de parede grande,environment_title_overlay,Relógio de Parede Torino Black,https://cdn.shopify.com/s/files/1/0864/2432/2353/files/Relogio_de_Parede_para_Cozinha_Sala_Grande_Decorativo_preto_Quadrado.webp?v=1760065237,public/pinterest/final/pin-2368.png,"Pinterest Pin vertical 2:3, imagem bonita full-bleed, sem card, sem borda, estilo foto premium realista. Tema: relógio de parede grande. Cenário: parede de sala ou cozinha com relógio decorativo grande, composição limpa e elegante. Usar paleta Chique Home: off-white, bege, madeira clara, taupe suave, preto fosco, luz quente, visual premium brasileiro. Criar cenário bonito com título centralizado, curto e clicável em português: ""Relógio de parede grande"". Texto elegante, alto contraste, estilo Pinterest Brasil, sem poluir. Cupom PINTEREST10 pequeno no canto inferior."
2369,Relogios de parede,relogio de parede cozinha,product_in_environment,Relógio de Parede Torino Black,https://cdn.shopify.com/s/files/1/0864/2432/2353/files/Relogio_de_Parede_para_Cozinha_Sala_Grande_Decorativo_preto_Quadrado.webp?v=1760065237,public/pinterest/final/pin-2369.png,"Pinterest Pin vertical 2:3, imagem bonita full-bleed, sem card, sem borda, estilo foto premium realista. Tema: relógio de parede cozinha. Cenário: parede de sala ou cozinha com relógio decorativo grande, composição limpa e elegante. Usar paleta Chique Home: off-white, bege, madeira clara, taupe suave, preto fosco, luz quente, visual premium brasileiro. Aplicar visualmente o produto da Shopify em outro ambiente realista de forma natural. Produto: Relógio de Parede Torino Black. Sem texto grande, foco em inspirar clique para compra."
2370,Relogios de parede,relogio de parede sala,listicle_idea_overlay,Relógio de Parede Torino Black,https://cdn.shopify.com/s/files/1/0864/2432/2353/files/Relogio_de_Parede_para_Cozinha_Sala_Grande_Decorativo_preto_Quadrado.webp?v=1760065237,public/pinterest/final/pin-2370.png,"Pinterest Pin vertical 2:3, imagem bonita full-bleed, sem card, sem borda, estilo foto premium realista. Tema: relógio de parede sala. Cenário: parede de sala ou cozinha com relógio decorativo grande, composição limpa e elegante. Usar paleta Chique Home: off-white, bege, madeira clara, taupe suave, preto fosco, luz quente, visual premium brasileiro. Criar imagem com produto ou ambiente em destaque, visual premium realista e clicável. Produto relacionado: Relógio de Parede Torino Black."
2373,Sala sofisticada,sala sofisticada,environment_title_overlay,Relógio de Parede Torino Black,https://cdn.shopify.com/s/files/1/0864/2432/2353/files/Relogio_de_Parede_para_Cozinha_Sala_Grande_Decorativo_preto_Quadrado.webp?v=1760065237,public/pinterest/final/pin-2373.png,"Pinterest Pin vertical 2:3, imagem bonita full-bleed, sem card, sem borda, estilo foto premium realista. Tema: sala sofisticada. Cenário: sala de estar sofisticada, sofá neutro, almofadas decorativas, relógio de parede e decoração elegante. Usar paleta Chique Home: off-white, bege, madeira clara, taupe suave, preto fosco, luz quente, visual premium brasileiro. Criar cenário bonito com título centralizado, curto e clicável em português: ""Sala sofisticada"". Texto elegante, alto contraste, estilo Pinterest Brasil, sem poluir. Cupom PINTEREST10 pequeno no canto inferior."
2374,Sala sofisticada,decoracao de sala,product_in_environment,Relógio de Parede Torino Black,https://cdn.shopify.com/s/files/1/0864/2432/2353/files/Relogio_de_Parede_para_Cozinha_Sala_Grande_Decorativo_preto_Quadrado.webp?v=1760065237,public/pinterest/final/pin-2374.png,"Pinterest Pin vertical 2:3, imagem bonita full-bleed, sem card, sem borda, estilo foto premium realista. Tema: decoração de sala. Cenário: sala de estar sofisticada, sofá neutro, almofadas decorativas, relógio de parede e decoração elegante. Usar paleta Chique Home: off-white, bege, madeira clara, taupe suave, preto fosco, luz quente, visual premium brasileiro. Aplicar visualmente o produto da Shopify em outro ambiente realista de forma natural. Produto: Relógio de Parede Torino Black. Sem texto grande, foco em inspirar clique para compra."
2375,Sala sofisticada,sala pequena decorada,listicle_idea_overlay,Relógio de Parede Torino Black,https://cdn.shopify.com/s/files/1/0864/2432/2353/files/Relogio_de_Parede_para_Cozinha_Sala_Grande_Decorativo_preto_Quadrado.webp?v=1760065237,public/pinterest/final/pin-2375.png,"Pinterest Pin vertical 2:3, imagem bonita full-bleed, sem card, sem borda, estilo foto premium realista. Tema: sala pequena decorada. Cenário: sala de estar sofisticada, sofá neutro, almofadas decorativas, relógio de parede e decoração elegante. Usar paleta Chique Home: off-white, bege, madeira clara, taupe suave, preto fosco, luz quente, visual premium brasileiro. Criar imagem com produto ou ambiente em destaque, visual premium realista e clicável. Produto relacionado: Relógio de Parede Torino Black."
2376,Sala sofisticada,sala de estar apartamento,environment_full_bleed,Relógio Digital de Mesa Despertador Decorativo Bege,https://cdn.shopify.com/s/files/1/0864/2432/2353/files/Relogio_Digital_de_Mesa_Despertador_Cabeceira_LED_Decorativo_bege.webp?v=1757180661,public/pinterest/final/pin-2376.png,"Pinterest Pin vertical 2:3, imagem bonita full-bleed, sem card, sem borda, estilo foto premium realista. Tema: sala de estar apartamento. Cenário: sala de estar sofisticada, sofá neutro, almofadas decorativas, relógio de parede e decoração elegante. Usar paleta Chique Home: off-white, bege, madeira clara, taupe suave, preto fosco, luz quente, visual premium brasileiro. Criar um cenário inspiracional de ambiente, sem texto grande. A imagem precisa parecer resultado real de busca no Pinterest, bonita e clicável. Produto relacionado: Relógio Digital de Mesa Despertador Decorativo Bege, aplicar apenas se fizer sentido natural."
2378,Relogios de parede,relogio digital de mesa,environment_title_overlay,Relógio Digital de Mesa Despertador Decorativo Bege,https://cdn.shopify.com/s/files/1/0864/2432/2353/files/Relogio_Digital_de_Mesa_Despertador_Cabeceira_LED_Decorativo_bege.webp?v=1757180661,public/pinterest/final/pin-2378.png,"Pinterest Pin vertical 2:3, imagem bonita full-bleed, sem card, sem borda, estilo foto premium realista. Tema: relógio digital de mesa. Cenário: parede de sala ou cozinha com relógio decorativo grande, composição limpa e elegante. Usar paleta Chique Home: off-white, bege, madeira clara, taupe suave, preto fosco, luz quente, visual premium brasileiro. Criar cenário bonito com título centralizado, curto e clicável em português: ""Relógio digital de mesa"". Texto elegante, alto contraste, estilo Pinterest Brasil, sem poluir. Cupom PINTEREST10 pequeno no canto inferior."
2379,Quarto decorado,relogio de mesa led,product_in_environment,Relógio Digital de Mesa Despertador Decorativo Bege,https://cdn.shopify.com/s/files/1/0864/2432/2353/files/Relogio_Digital_de_Mesa_Despertador_Cabeceira_LED_Decorativo_bege.webp?v=1757180661,public/pinterest/final/pin-2379.png,"Pinterest Pin vertical 2:3, imagem bonita full-bleed, sem card, sem borda, estilo foto premium realista. Tema: relógio de mesa led. Cenário: quarto de casal pequeno decorado, mesa de cabeceira organizada, relógio digital e tons neutros. Usar paleta Chique Home: off-white, bege, madeira clara, taupe suave, preto fosco, luz quente, visual premium brasileiro. Aplicar visualmente o produto da Shopify em outro ambiente realista de forma natural. Produto: Relógio Digital de Mesa Despertador Decorativo Bege. Sem texto grande, foco em inspirar clique para compra."
2380,Quarto decorado,relogio despertador digital,listicle_idea_overlay,Relógio Digital de Mesa Despertador Decorativo Bege,https://cdn.shopify.com/s/files/1/0864/2432/2353/files/Relogio_Digital_de_Mesa_Despertador_Cabeceira_LED_Decorativo_bege.webp?v=1757180661,public/pinterest/final/pin-2380.png,"Pinterest Pin vertical 2:3, imagem bonita full-bleed, sem card, sem borda, estilo foto premium realista. Tema: relógio despertador digital. Cenário: quarto de casal pequeno decorado, mesa de cabeceira organizada, relógio digital e tons neutros. Usar paleta Chique Home: off-white, bege, madeira clara, taupe suave, preto fosco, luz quente, visual premium brasileiro. Criar imagem com produto ou ambiente em destaque, visual premium realista e clicável. Produto relacionado: Relógio Digital de Mesa Despertador Decorativo Bege."
2383,Sala sofisticada,sala sofisticada,environment_title_overlay,Relógio Digital de Mesa Despertador Decorativo Bege,https://cdn.shopify.com/s/files/1/0864/2432/2353/files/Relogio_Digital_de_Mesa_Despertador_Cabeceira_LED_Decorativo_bege.webp?v=1757180661,public/pinterest/final/pin-2383.png,"Pinterest Pin vertical 2:3, imagem bonita full-bleed, sem card, sem borda, estilo foto premium realista. Tema: sala sofisticada. Cenário: sala de estar sofisticada, sofá neutro, almofadas decorativas, relógio de parede e decoração elegante. Usar paleta Chique Home: off-white, bege, madeira clara, taupe suave, preto fosco, luz quente, visual premium brasileiro. Criar cenário bonito com título centralizado, curto e clicável em português: ""Sala sofisticada"". Texto elegante, alto contraste, estilo Pinterest Brasil, sem poluir. Cupom PINTEREST10 pequeno no canto inferior."
2384,Sala sofisticada,decoracao de sala,product_in_environment,Relógio Digital de Mesa Despertador Decorativo Bege,https://cdn.shopify.com/s/files/1/0864/2432/2353/files/Relogio_Digital_de_Mesa_Despertador_Cabeceira_LED_Decorativo_bege.webp?v=1757180661,public/pinterest/final/pin-2384.png,"Pinterest Pin vertical 2:3, imagem bonita full-bleed, sem card, sem borda, estilo foto premium realista. Tema: decoração de sala. Cenário: sala de estar sofisticada, sofá neutro, almofadas decorativas, relógio de parede e decoração elegante. Usar paleta Chique Home: off-white, bege, madeira clara, taupe suave, preto fosco, luz quente, visual premium brasileiro. Aplicar visualmente o produto da Shopify em outro ambiente realista de forma natural. Produto: Relógio Digital de Mesa Despertador Decorativo Bege. Sem texto grande, foco em inspirar clique para compra."
2385,Sala sofisticada,sala pequena decorada,listicle_idea_overlay,Relógio Digital de Mesa Despertador Decorativo Bege,https://cdn.shopify.com/s/files/1/0864/2432/2353/files/Relogio_Digital_de_Mesa_Despertador_Cabeceira_LED_Decorativo_bege.webp?v=1757180661,public/pinterest/final/pin-2385.png,"Pinterest Pin vertical 2:3, imagem bonita full-bleed, sem card, sem borda, estilo foto premium realista. Tema: sala pequena decorada. Cenário: sala de estar sofisticada, sofá neutro, almofadas decorativas, relógio de parede e decoração elegante. Usar paleta Chique Home: off-white, bege, madeira clara, taupe suave, preto fosco, luz quente, visual premium brasileiro. Criar imagem com produto ou ambiente em destaque, visual premium realista e clicável. Produto relacionado: Relógio Digital de Mesa Despertador Decorativo Bege."
2386,Sala sofisticada,sala de estar apartamento,environment_full_bleed,Relógio de Mesa Digital Despertador Espelhado Prateado,https://cdn.shopify.com/s/files/1/0864/2432/2353/files/Relogio_de_Mesa_Digital_Decorativo_cabeceira_Despertador_prateado_LED_Espelhado.webp?v=1776438623,public/pinterest/final/pin-2386.png,"Pinterest Pin vertical 2:3, imagem bonita full-bleed, sem card, sem borda, estilo foto premium realista. Tema: sala de estar apartamento. Cenário: sala de estar sofisticada, sofá neutro, almofadas decorativas, relógio de parede e decoração elegante. Usar paleta Chique Home: off-white, bege, madeira clara, taupe suave, preto fosco, luz quente, visual premium brasileiro. Criar um cenário inspiracional de ambiente, sem texto grande. A imagem precisa parecer resultado real de busca no Pinterest, bonita e clicável. Produto relacionado: Relógio de Mesa Digital Despertador Espelhado Prateado, aplicar apenas se fizer sentido natural."
2388,Relogios de parede,relogio digital de mesa,environment_title_overlay,Relógio de Mesa Digital Despertador Espelhado Prateado,https://cdn.shopify.com/s/files/1/0864/2432/2353/files/Relogio_de_Mesa_Digital_Decorativo_cabeceira_Despertador_prateado_LED_Espelhado.webp?v=1776438623,public/pinterest/final/pin-2388.png,"Pinterest Pin vertical 2:3, imagem bonita full-bleed, sem card, sem borda, estilo foto premium realista. Tema: relógio digital de mesa. Cenário: parede de sala ou cozinha com relógio decorativo grande, composição limpa e elegante. Usar paleta Chique Home: off-white, bege, madeira clara, taupe suave, preto fosco, luz quente, visual premium brasileiro. Criar cenário bonito com título centralizado, curto e clicável em português: ""Relógio digital de mesa"". Texto elegante, alto contraste, estilo Pinterest Brasil, sem poluir. Cupom PINTEREST10 pequeno no canto inferior."
2389,Quarto decorado,relogio de mesa led,product_in_environment,Relógio de Mesa Digital Despertador Espelhado Prateado,https://cdn.shopify.com/s/files/1/0864/2432/2353/files/Relogio_de_Mesa_Digital_Decorativo_cabeceira_Despertador_prateado_LED_Espelhado.webp?v=1776438623,public/pinterest/final/pin-2389.png,"Pinterest Pin vertical 2:3, imagem bonita full-bleed, sem card, sem borda, estilo foto premium realista. Tema: relógio de mesa led. Cenário: quarto de casal pequeno decorado, mesa de cabeceira organizada, relógio digital e tons neutros. Usar paleta Chique Home: off-white, bege, madeira clara, taupe suave, preto fosco, luz quente, visual premium brasileiro. Aplicar visualmente o produto da Shopify em outro ambiente realista de forma natural. Produto: Relógio de Mesa Digital Despertador Espelhado Prateado. Sem texto grande, foco em inspirar clique para compra."
2390,Quarto decorado,relogio despertador digital,listicle_idea_overlay,Relógio de Mesa Digital Despertador Espelhado Prateado,https://cdn.shopify.com/s/files/1/0864/2432/2353/files/Relogio_de_Mesa_Digital_Decorativo_cabeceira_Despertador_prateado_LED_Espelhado.webp?v=1776438623,public/pinterest/final/pin-2390.png,"Pinterest Pin vertical 2:3, imagem bonita full-bleed, sem card, sem borda, estilo foto premium realista. Tema: relógio despertador digital. Cenário: quarto de casal pequeno decorado, mesa de cabeceira organizada, relógio digital e tons neutros. Usar paleta Chique Home: off-white, bege, madeira clara, taupe suave, preto fosco, luz quente, visual premium brasileiro. Criar imagem com produto ou ambiente em destaque, visual premium realista e clicável. Produto relacionado: Relógio de Mesa Digital Despertador Espelhado Prateado."
2393,Sala sofisticada,sala sofisticada,environment_title_overlay,Relógio de Mesa Digital Despertador Espelhado Prateado,https://cdn.shopify.com/s/files/1/0864/2432/2353/files/Relogio_de_Mesa_Digital_Decorativo_cabeceira_Despertador_prateado_LED_Espelhado.webp?v=1776438623,public/pinterest/final/pin-2393.png,"Pinterest Pin vertical 2:3, imagem bonita full-bleed, sem card, sem borda, estilo foto premium realista. Tema: sala sofisticada. Cenário: sala de estar sofisticada, sofá neutro, almofadas decorativas, relógio de parede e decoração elegante. Usar paleta Chique Home: off-white, bege, madeira clara, taupe suave, preto fosco, luz quente, visual premium brasileiro. Criar cenário bonito com título centralizado, curto e clicável em português: ""Sala sofisticada"". Texto elegante, alto contraste, estilo Pinterest Brasil, sem poluir. Cupom PINTEREST10 pequeno no canto inferior."
2394,Sala sofisticada,decoracao de sala,product_in_environment,Relógio de Mesa Digital Despertador Espelhado Prateado,https://cdn.shopify.com/s/files/1/0864/2432/2353/files/Relogio_de_Mesa_Digital_Decorativo_cabeceira_Despertador_prateado_LED_Espelhado.webp?v=1776438623,public/pinterest/final/pin-2394.png,"Pinterest Pin vertical 2:3, imagem bonita full-bleed, sem card, sem borda, estilo foto premium realista. Tema: decoração de sala. Cenário: sala de estar sofisticada, sofá neutro, almofadas decorativas, relógio de parede e decoração elegante. Usar paleta Chique Home: off-white, bege, madeira clara, taupe suave, preto fosco, luz quente, visual premium brasileiro. Aplicar visualmente o produto da Shopify em outro ambiente realista de forma natural. Produto: Relógio de Mesa Digital Despertador Espelhado Prateado. Sem texto grande, foco em inspirar clique para compra."
2395,Sala sofisticada,sala pequena decorada,listicle_idea_overlay,Relógio de Mesa Digital Despertador Espelhado Prateado,https://cdn.shopify.com/s/files/1/0864/2432/2353/files/Relogio_de_Mesa_Digital_Decorativo_cabeceira_Despertador_prateado_LED_Espelhado.webp?v=1776438623,public/pinterest/final/pin-2395.png,"Pinterest Pin vertical 2:3, imagem bonita full-bleed, sem card, sem borda, estilo foto premium realista. Tema: sala pequena decorada. Cenário: sala de estar sofisticada, sofá neutro, almofadas decorativas, relógio de parede e decoração elegante. Usar paleta Chique Home: off-white, bege, madeira clara, taupe suave, preto fosco, luz quente, visual premium brasileiro. Criar imagem com produto ou ambiente em destaque, visual premium realista e clicável. Produto relacionado: Relógio de Mesa Digital Despertador Espelhado Prateado."
2396,Sala sofisticada,sala de estar apartamento,environment_full_bleed,Relógio de Mesa Digital Despertador Curvado Preto,https://cdn.shopify.com/s/files/1/0864/2432/2353/files/Relogio_Digital_de_Mesa_Despertador_LED_Curvado_preto.webp?v=1767982383,public/pinterest/final/pin-2396.png,"Pinterest Pin vertical 2:3, imagem bonita full-bleed, sem card, sem borda, estilo foto premium realista. Tema: sala de estar apartamento. Cenário: sala de estar sofisticada, sofá neutro, almofadas decorativas, relógio de parede e decoração elegante. Usar paleta Chique Home: off-white, bege, madeira clara, taupe suave, preto fosco, luz quente, visual premium brasileiro. Criar um cenário inspiracional de ambiente, sem texto grande. A imagem precisa parecer resultado real de busca no Pinterest, bonita e clicável. Produto relacionado: Relógio de Mesa Digital Despertador Curvado Preto, aplicar apenas se fizer sentido natural."
2398,Relogios de parede,relogio digital de mesa,environment_title_overlay,Relógio de Mesa Digital Despertador Curvado Preto,https://cdn.shopify.com/s/files/1/0864/2432/2353/files/Relogio_Digital_de_Mesa_Despertador_LED_Curvado_preto.webp?v=1767982383,public/pinterest/final/pin-2398.png,"Pinterest Pin vertical 2:3, imagem bonita full-bleed, sem card, sem borda, estilo foto premium realista. Tema: relógio digital de mesa. Cenário: parede de sala ou cozinha com relógio decorativo grande, composição limpa e elegante. Usar paleta Chique Home: off-white, bege, madeira clara, taupe suave, preto fosco, luz quente, visual premium brasileiro. Criar cenário bonito com título centralizado, curto e clicável em português: ""Relógio digital de mesa"". Texto elegante, alto contraste, estilo Pinterest Brasil, sem poluir. Cupom PINTEREST10 pequeno no canto inferior."
2399,Quarto decorado,relogio de mesa led,product_in_environment,Relógio de Mesa Digital Despertador Curvado Preto,https://cdn.shopify.com/s/files/1/0864/2432/2353/files/Relogio_Digital_de_Mesa_Despertador_LED_Curvado_preto.webp?v=1767982383,public/pinterest/final/pin-2399.png,"Pinterest Pin vertical 2:3, imagem bonita full-bleed, sem card, sem borda, estilo foto premium realista. Tema: relógio de mesa led. Cenário: quarto de casal pequeno decorado, mesa de cabeceira organizada, relógio digital e tons neutros. Usar paleta Chique Home: off-white, bege, madeira clara, taupe suave, preto fosco, luz quente, visual premium brasileiro. Aplicar visualmente o produto da Shopify em outro ambiente realista de forma natural. Produto: Relógio de Mesa Digital Despertador Curvado Preto. Sem texto grande, foco em inspirar clique para compra."
2400,Quarto decorado,relogio despertador digital,listicle_idea_overlay,Relógio de Mesa Digital Despertador Curvado Preto,https://cdn.shopify.com/s/files/1/0864/2432/2353/files/Relogio_Digital_de_Mesa_Despertador_LED_Curvado_preto.webp?v=1767982383,public/pinterest/final/pin-2400.png,"Pinterest Pin vertical 2:3, imagem bonita full-bleed, sem card, sem borda, estilo foto premium realista. Tema: relógio despertador digital. Cenário: quarto de casal pequeno decorado, mesa de cabeceira organizada, relógio digital e tons neutros. Usar paleta Chique Home: off-white, bege, madeira clara, taupe suave, preto fosco, luz quente, visual premium brasileiro. Criar imagem com produto ou ambiente em destaque, visual premium realista e clicável. Produto relacionado: Relógio de Mesa Digital Despertador Curvado Preto."
2401,Mesa posta elegante,sala de jantar decorada,environment_full_bleed,Relógio de Mesa Digital Despertador Curvado Preto,https://cdn.shopify.com/s/files/1/0864/2432/2353/files/Relogio_Digital_de_Mesa_Despertador_LED_Curvado_preto.webp?v=1767982383,public/pinterest/final/pin-2401.png,"Pinterest Pin vertical 2:3, imagem bonita full-bleed, sem card, sem borda, estilo foto premium realista. Tema: sala de jantar decorada. Cenário: sala de jantar elegante com cadeiras arrumadas, mesa posta clean e detalhes de decoração. Usar paleta Chique Home: off-white, bege, madeira clara, taupe suave, preto fosco, luz quente, visual premium brasileiro. Criar um cenário inspiracional de ambiente, sem texto grande. A imagem precisa parecer resultado real de busca no Pinterest, bonita e clicável. Produto relacionado: Relógio de Mesa Digital Despertador Curvado Preto, aplicar apenas se fizer sentido natural."
2403,Sala sofisticada,decoracao de sala,environment_title_overlay,Relógio de Mesa Digital Despertador Curvado Preto,https://cdn.shopify.com/s/files/1/0864/2432/2353/files/Relogio_Digital_de_Mesa_Despertador_LED_Curvado_preto.webp?v=1767982383,public/pinterest/final/pin-2403.png,"Pinterest Pin vertical 2:3, imagem bonita full-bleed, sem card, sem borda, estilo foto premium realista. Tema: decoração de sala. Cenário: sala de estar sofisticada, sofá neutro, almofadas decorativas, relógio de parede e decoração elegante. Usar paleta Chique Home: off-white, bege, madeira clara, taupe suave, preto fosco, luz quente, visual premium brasileiro. Criar cenário bonito com título centralizado, curto e clicável em português: ""Decoração de sala"". Texto elegante, alto contraste, estilo Pinterest Brasil, sem poluir. Cupom PINTEREST10 pequeno no canto inferior."
2404,Sala sofisticada,sala pequena decorada,product_in_environment,Relógio de Mesa Digital Despertador Curvado Preto,https://cdn.shopify.com/s/files/1/0864/2432/2353/files/Relogio_Digital_de_Mesa_Despertador_LED_Curvado_preto.webp?v=1767982383,public/pinterest/final/pin-2404.png,"Pinterest Pin vertical 2:3, imagem bonita full-bleed, sem card, sem borda, estilo foto premium realista. Tema: sala pequena decorada. Cenário: sala de estar sofisticada, sofá neutro, almofadas decorativas, relógio de parede e decoração elegante. Usar paleta Chique Home: off-white, bege, madeira clara, taupe suave, preto fosco, luz quente, visual premium brasileiro. Aplicar visualmente o produto da Shopify em outro ambiente realista de forma natural. Produto: Relógio de Mesa Digital Despertador Curvado Preto. Sem texto grande, foco em inspirar clique para compra."
2405,Sala sofisticada,decoracao de sala pequena,listicle_idea_overlay,Relógio de Mesa Digital Despertador Curvado Preto,https://cdn.shopify.com/s/files/1/0864/2432/2353/files/Relogio_Digital_de_Mesa_Despertador_LED_Curvado_preto.webp?v=1767982383,public/pinterest/final/pin-2405.png,"Pinterest Pin vertical 2:3, imagem bonita full-bleed, sem card, sem borda, estilo foto premium realista. Tema: decoração de sala pequena. Cenário: sala de estar sofisticada, sofá neutro, almofadas decorativas, relógio de parede e decoração elegante. Usar paleta Chique Home: off-white, bege, madeira clara, taupe suave, preto fosco, luz quente, visual premium brasileiro. Criar imagem com produto ou ambiente em destaque, visual premium realista e clicável. Produto relacionado: Relógio de Mesa Digital Despertador Curvado Preto."
2406,Sala sofisticada,sala de estar apartamento,environment_full_bleed,Relógio de Mesa Digital Despertador Cabeceira Branco,https://cdn.shopify.com/s/files/1/0864/2432/2353/files/Relogio_de_Mesa_Digital_Cabeceira_Despertador_LED_escritorio_branco.webp?v=1779654648,public/pinterest/final/pin-2406.png,"Pinterest Pin vertical 2:3, imagem bonita full-bleed, sem card, sem borda, estilo foto premium realista. Tema: sala de estar apartamento. Cenário: sala de estar sofisticada, sofá neutro, almofadas decorativas, relógio de parede e decoração elegante. Usar paleta Chique Home: off-white, bege, madeira clara, taupe suave, preto fosco, luz quente, visual premium brasileiro. Criar um cenário inspiracional de ambiente, sem texto grande. A imagem precisa parecer resultado real de busca no Pinterest, bonita e clicável. Produto relacionado: Relógio de Mesa Digital Despertador Cabeceira Branco, aplicar apenas se fizer sentido natural."
2408,Relogios de parede,relogio digital de mesa,environment_title_overlay,Relógio de Mesa Digital Despertador Cabeceira Branco,https://cdn.shopify.com/s/files/1/0864/2432/2353/files/Relogio_de_Mesa_Digital_Cabeceira_Despertador_LED_escritorio_branco.webp?v=1779654648,public/pinterest/final/pin-2408.png,"Pinterest Pin vertical 2:3, imagem bonita full-bleed, sem card, sem borda, estilo foto premium realista. Tema: relógio digital de mesa. Cenário: parede de sala ou cozinha com relógio decorativo grande, composição limpa e elegante. Usar paleta Chique Home: off-white, bege, madeira clara, taupe suave, preto fosco, luz quente, visual premium brasileiro. Criar cenário bonito com título centralizado, curto e clicável em português: ""Relógio digital de mesa"". Texto elegante, alto contraste, estilo Pinterest Brasil, sem poluir. Cupom PINTEREST10 pequeno no canto inferior."
2409,Quarto decorado,relogio de mesa led,product_in_environment,Relógio de Mesa Digital Despertador Cabeceira Branco,https://cdn.shopify.com/s/files/1/0864/2432/2353/files/Relogio_de_Mesa_Digital_Cabeceira_Despertador_LED_escritorio_branco.webp?v=1779654648,public/pinterest/final/pin-2409.png,"Pinterest Pin vertical 2:3, imagem bonita full-bleed, sem card, sem borda, estilo foto premium realista. Tema: relógio de mesa led. Cenário: quarto de casal pequeno decorado, mesa de cabeceira organizada, relógio digital e tons neutros. Usar paleta Chique Home: off-white, bege, madeira clara, taupe suave, preto fosco, luz quente, visual premium brasileiro. Aplicar visualmente o produto da Shopify em outro ambiente realista de forma natural. Produto: Relógio de Mesa Digital Despertador Cabeceira Branco. Sem texto grande, foco em inspirar clique para compra."
2410,Quarto decorado,relogio despertador digital,listicle_idea_overlay,Relógio de Mesa Digital Despertador Cabeceira Branco,https://cdn.shopify.com/s/files/1/0864/2432/2353/files/Relogio_de_Mesa_Digital_Cabeceira_Despertador_LED_escritorio_branco.webp?v=1779654648,public/pinterest/final/pin-2410.png,"Pinterest Pin vertical 2:3, imagem bonita full-bleed, sem card, sem borda, estilo foto premium realista. Tema: relógio despertador digital. Cenário: quarto de casal pequeno decorado, mesa de cabeceira organizada, relógio digital e tons neutros. Usar paleta Chique Home: off-white, bege, madeira clara, taupe suave, preto fosco, luz quente, visual premium brasileiro. Criar imagem com produto ou ambiente em destaque, visual premium realista e clicável. Produto relacionado: Relógio de Mesa Digital Despertador Cabeceira Branco."
2413,Sala sofisticada,sala sofisticada,environment_title_overlay,Relógio de Mesa Digital Despertador Cabeceira Branco,https://cdn.shopify.com/s/files/1/0864/2432/2353/files/Relogio_de_Mesa_Digital_Cabeceira_Despertador_LED_escritorio_branco.webp?v=1779654648,public/pinterest/final/pin-2413.png,"Pinterest Pin vertical 2:3, imagem bonita full-bleed, sem card, sem borda, estilo foto premium realista. Tema: sala sofisticada. Cenário: sala de estar sofisticada, sofá neutro, almofadas decorativas, relógio de parede e decoração elegante. Usar paleta Chique Home: off-white, bege, madeira clara, taupe suave, preto fosco, luz quente, visual premium brasileiro. Criar cenário bonito com título centralizado, curto e clicável em português: ""Sala sofisticada"". Texto elegante, alto contraste, estilo Pinterest Brasil, sem poluir. Cupom PINTEREST10 pequeno no canto inferior."
2414,Sala sofisticada,decoracao de sala,product_in_environment,Relógio de Mesa Digital Despertador Cabeceira Branco,https://cdn.shopify.com/s/files/1/0864/2432/2353/files/Relogio_de_Mesa_Digital_Cabeceira_Despertador_LED_escritorio_branco.webp?v=1779654648,public/pinterest/final/pin-2414.png,"Pinterest Pin vertical 2:3, imagem bonita full-bleed, sem card, sem borda, estilo foto premium realista. Tema: decoração de sala. Cenário: sala de estar sofisticada, sofá neutro, almofadas decorativas, relógio de parede e decoração elegante. Usar paleta Chique Home: off-white, bege, madeira clara, taupe suave, preto fosco, luz quente, visual premium brasileiro. Aplicar visualmente o produto da Shopify em outro ambiente realista de forma natural. Produto: Relógio de Mesa Digital Despertador Cabeceira Branco. Sem texto grande, foco em inspirar clique para compra."
2415,Sala sofisticada,sala pequena decorada,listicle_idea_overlay,Relógio de Mesa Digital Despertador Cabeceira Branco,https://cdn.shopify.com/s/files/1/0864/2432/2353/files/Relogio_de_Mesa_Digital_Cabeceira_Despertador_LED_escritorio_branco.webp?v=1779654648,public/pinterest/final/pin-2415.png,"Pinterest Pin vertical 2:3, imagem bonita full-bleed, sem card, sem borda, estilo foto premium realista. Tema: sala pequena decorada. Cenário: sala de estar sofisticada, sofá neutro, almofadas decorativas, relógio de parede e decoração elegante. Usar paleta Chique Home: off-white, bege, madeira clara, taupe suave, preto fosco, luz quente, visual premium brasileiro. Criar imagem com produto ou ambiente em destaque, visual premium realista e clicável. Produto relacionado: Relógio de Mesa Digital Despertador Cabeceira Branco."
2416,Sala sofisticada,sala de estar apartamento,environment_full_bleed,Relógio de Mesa Digital Despertador Mini Bege,https://cdn.shopify.com/s/files/1/0864/2432/2353/files/Relogio_Digital_de_Mesa_Despertador_LED_Decorativo_bege_1.webp?v=1755222674,public/pinterest/final/pin-2416.png,"Pinterest Pin vertical 2:3, imagem bonita full-bleed, sem card, sem borda, estilo foto premium realista. Tema: sala de estar apartamento. Cenário: sala de estar sofisticada, sofá neutro, almofadas decorativas, relógio de parede e decoração elegante. Usar paleta Chique Home: off-white, bege, madeira clara, taupe suave, preto fosco, luz quente, visual premium brasileiro. Criar um cenário inspiracional de ambiente, sem texto grande. A imagem precisa parecer resultado real de busca no Pinterest, bonita e clicável. Produto relacionado: Relógio de Mesa Digital Despertador Mini Bege, aplicar apenas se fizer sentido natural."
2418,Relogios de parede,relogio digital de mesa,environment_title_overlay,Relógio de Mesa Digital Despertador Mini Bege,https://cdn.shopify.com/s/files/1/0864/2432/2353/files/Relogio_Digital_de_Mesa_Despertador_LED_Decorativo_bege_1.webp?v=1755222674,public/pinterest/final/pin-2418.png,"Pinterest Pin vertical 2:3, imagem bonita full-bleed, sem card, sem borda, estilo foto premium realista. Tema: relógio digital de mesa. Cenário: parede de sala ou cozinha com relógio decorativo grande, composição limpa e elegante. Usar paleta Chique Home: off-white, bege, madeira clara, taupe suave, preto fosco, luz quente, visual premium brasileiro. Criar cenário bonito com título centralizado, curto e clicável em português: ""Relógio digital de mesa"". Texto elegante, alto contraste, estilo Pinterest Brasil, sem poluir. Cupom PINTEREST10 pequeno no canto inferior."
2419,Quarto decorado,relogio de mesa led,product_in_environment,Relógio de Mesa Digital Despertador Mini Bege,https://cdn.shopify.com/s/files/1/0864/2432/2353/files/Relogio_Digital_de_Mesa_Despertador_LED_Decorativo_bege_1.webp?v=1755222674,public/pinterest/final/pin-2419.png,"Pinterest Pin vertical 2:3, imagem bonita full-bleed, sem card, sem borda, estilo foto premium realista. Tema: relógio de mesa led. Cenário: quarto de casal pequeno decorado, mesa de cabeceira organizada, relógio digital e tons neutros. Usar paleta Chique Home: off-white, bege, madeira clara, taupe suave, preto fosco, luz quente, visual premium brasileiro. Aplicar visualmente o produto da Shopify em outro ambiente realista de forma natural. Produto: Relógio de Mesa Digital Despertador Mini Bege. Sem texto grande, foco em inspirar clique para compra."
2420,Quarto decorado,relogio despertador digital,listicle_idea_overlay,Relógio de Mesa Digital Despertador Mini Bege,https://cdn.shopify.com/s/files/1/0864/2432/2353/files/Relogio_Digital_de_Mesa_Despertador_LED_Decorativo_bege_1.webp?v=1755222674,public/pinterest/final/pin-2420.png,"Pinterest Pin vertical 2:3, imagem bonita full-bleed, sem card, sem borda, estilo foto premium realista. Tema: relógio despertador digital. Cenário: quarto de casal pequeno decorado, mesa de cabeceira organizada, relógio digital e tons neutros. Usar paleta Chique Home: off-white, bege, madeira clara, taupe suave, preto fosco, luz quente, visual premium brasileiro. Criar imagem com produto ou ambiente em destaque, visual premium realista e clicável. Produto relacionado: Relógio de Mesa Digital Despertador Mini Bege."
2421,Mesa posta elegante,sala de jantar decorada,environment_full_bleed,Relógio de Mesa Digital Despertador Mini Bege,https://cdn.shopify.com/s/files/1/0864/2432/2353/files/Relogio_Digital_de_Mesa_Despertador_LED_Decorativo_bege_1.webp?v=1755222674,public/pinterest/final/pin-2421.png,"Pinterest Pin vertical 2:3, imagem bonita full-bleed, sem card, sem borda, estilo foto premium realista. Tema: sala de jantar decorada. Cenário: sala de jantar elegante com cadeiras arrumadas, mesa posta clean e detalhes de decoração. Usar paleta Chique Home: off-white, bege, madeira clara, taupe suave, preto fosco, luz quente, visual premium brasileiro. Criar um cenário inspiracional de ambiente, sem texto grande. A imagem precisa parecer resultado real de busca no Pinterest, bonita e clicável. Produto relacionado: Relógio de Mesa Digital Despertador Mini Bege, aplicar apenas se fizer sentido natural."
2423,Sala sofisticada,decoracao de sala,environment_title_overlay,Relógio de Mesa Digital Despertador Mini Bege,https://cdn.shopify.com/s/files/1/0864/2432/2353/files/Relogio_Digital_de_Mesa_Despertador_LED_Decorativo_bege_1.webp?v=1755222674,public/pinterest/final/pin-2423.png,"Pinterest Pin vertical 2:3, imagem bonita full-bleed, sem card, sem borda, estilo foto premium realista. Tema: decoração de sala. Cenário: sala de estar sofisticada, sofá neutro, almofadas decorativas, relógio de parede e decoração elegante. Usar paleta Chique Home: off-white, bege, madeira clara, taupe suave, preto fosco, luz quente, visual premium brasileiro. Criar cenário bonito com título centralizado, curto e clicável em português: ""Decoração de sala"". Texto elegante, alto contraste, estilo Pinterest Brasil, sem poluir. Cupom PINTEREST10 pequeno no canto inferior."
2424,Sala sofisticada,sala pequena decorada,product_in_environment,Relógio de Mesa Digital Despertador Mini Bege,https://cdn.shopify.com/s/files/1/0864/2432/2353/files/Relogio_Digital_de_Mesa_Despertador_LED_Decorativo_bege_1.webp?v=1755222674,public/pinterest/final/pin-2424.png,"Pinterest Pin vertical 2:3, imagem bonita full-bleed, sem card, sem borda, estilo foto premium realista. Tema: sala pequena decorada. Cenário: sala de estar sofisticada, sofá neutro, almofadas decorativas, relógio de parede e decoração elegante. Usar paleta Chique Home: off-white, bege, madeira clara, taupe suave, preto fosco, luz quente, visual premium brasileiro. Aplicar visualmente o produto da Shopify em outro ambiente realista de forma natural. Produto: Relógio de Mesa Digital Despertador Mini Bege. Sem texto grande, foco em inspirar clique para compra."
2425,Sala sofisticada,decoracao de sala pequena,listicle_idea_overlay,Relógio de Mesa Digital Despertador Mini Bege,https://cdn.shopify.com/s/files/1/0864/2432/2353/files/Relogio_Digital_de_Mesa_Despertador_LED_Decorativo_bege_1.webp?v=1755222674,public/pinterest/final/pin-2425.png,"Pinterest Pin vertical 2:3, imagem bonita full-bleed, sem card, sem borda, estilo foto premium realista. Tema: decoração de sala pequena. Cenário: sala de estar sofisticada, sofá neutro, almofadas decorativas, relógio de parede e decoração elegante. Usar paleta Chique Home: off-white, bege, madeira clara, taupe suave, preto fosco, luz quente, visual premium brasileiro. Criar imagem com produto ou ambiente em destaque, visual premium realista e clicável. Produto relacionado: Relógio de Mesa Digital Despertador Mini Bege."
2426,Cozinha elegante,projeto de cozinha,environment_full_bleed,Luminária de Teto para Sala Quarto Cozinha em LED Circular Preta,https://cdn.shopify.com/s/files/1/0864/2432/2353/files/Luminaria_de_Teto_para_Sala_Quarto_Cozinha_em_LED_Preta.webp?v=1748108323,public/pinterest/final/pin-2426.png,"Pinterest Pin vertical 2:3, imagem bonita full-bleed, sem card, sem borda, estilo foto premium realista. Tema: projeto de cozinha. Cenário: cozinha pequena organizada, clean, clara, armários planejados, bancada livre, potes organizadores, bandeja decorativa, tapete de cozinha discreto. Usar paleta Chique Home: off-white, bege, madeira clara, taupe suave, preto fosco, luz quente, visual premium brasileiro. Criar um cenário inspiracional de ambiente, sem texto grande. A imagem precisa parecer resultado real de busca no Pinterest, bonita e clicável. Produto relacionado: Luminária de Teto para Sala Quarto Cozinha em LED Circular Preta, aplicar apenas se fizer sentido natural."
2428,Sala sofisticada,decoração sala,environment_title_overlay,Luminária de Teto para Sala Quarto Cozinha em LED Circular Preta,https://cdn.shopify.com/s/files/1/0864/2432/2353/files/Luminaria_de_Teto_para_Sala_Quarto_Cozinha_em_LED_Preta.webp?v=1748108323,public/pinterest/final/pin-2428.png,"Pinterest Pin vertical 2:3, imagem bonita full-bleed, sem card, sem borda, estilo foto premium realista. Tema: decoração sala. Cenário: sala de estar sofisticada, sofá neutro, almofadas decorativas, relógio de parede e decoração elegante. Usar paleta Chique Home: off-white, bege, madeira clara, taupe suave, preto fosco, luz quente, visual premium brasileiro. Criar cenário bonito com título centralizado, curto e clicável em português: ""Decoração sala"". Texto elegante, alto contraste, estilo Pinterest Brasil, sem poluir. Cupom PINTEREST10 pequeno no canto inferior."
2429,Cozinha elegante,decoração cozinha,product_in_environment,Luminária de Teto para Sala Quarto Cozinha em LED Circular Preta,https://cdn.shopify.com/s/files/1/0864/2432/2353/files/Luminaria_de_Teto_para_Sala_Quarto_Cozinha_em_LED_Preta.webp?v=1748108323,public/pinterest/final/pin-2429.png,"Pinterest Pin vertical 2:3, imagem bonita full-bleed, sem card, sem borda, estilo foto premium realista. Tema: decoração cozinha. Cenário: cozinha pequena organizada, clean, clara, armários planejados, bancada livre, potes organizadores, bandeja decorativa, tapete de cozinha discreto. Usar paleta Chique Home: off-white, bege, madeira clara, taupe suave, preto fosco, luz quente, visual premium brasileiro. Aplicar visualmente o produto da Shopify em outro ambiente realista de forma natural. Produto: Luminária de Teto para Sala Quarto Cozinha em LED Circular Preta. Sem texto grande, foco em inspirar clique para compra."
2430,Cozinha elegante,cozinha organizada,listicle_idea_overlay,Luminária de Teto para Sala Quarto Cozinha em LED Circular Preta,https://cdn.shopify.com/s/files/1/0864/2432/2353/files/Luminaria_de_Teto_para_Sala_Quarto_Cozinha_em_LED_Preta.webp?v=1748108323,public/pinterest/final/pin-2430.png,"Pinterest Pin vertical 2:3, imagem bonita full-bleed, sem card, sem borda, estilo foto premium realista. Tema: cozinha organizada. Cenário: cozinha pequena organizada, clean, clara, armários planejados, bancada livre, potes organizadores, bandeja decorativa, tapete de cozinha discreto. Usar paleta Chique Home: off-white, bege, madeira clara, taupe suave, preto fosco, luz quente, visual premium brasileiro. Criar imagem com produto ou ambiente em destaque, visual premium realista e clicável. Produto relacionado: Luminária de Teto para Sala Quarto Cozinha em LED Circular Preta."
2431,Cozinha elegante,cozinha pequena organizada,environment_full_bleed,Luminária de Teto para Sala Quarto Cozinha em LED Circular Preta,https://cdn.shopify.com/s/files/1/0864/2432/2353/files/Luminaria_de_Teto_para_Sala_Quarto_Cozinha_em_LED_Preta.webp?v=1748108323,public/pinterest/final/pin-2431.png,"Pinterest Pin vertical 2:3, imagem bonita full-bleed, sem card, sem borda, estilo foto premium realista. Tema: cozinha pequena organizada. Cenário: cozinha pequena organizada, clean, clara, armários planejados, bancada livre, potes organizadores, bandeja decorativa, tapete de cozinha discreto. Usar paleta Chique Home: off-white, bege, madeira clara, taupe suave, preto fosco, luz quente, visual premium brasileiro. Criar um cenário inspiracional de ambiente, sem texto grande. A imagem precisa parecer resultado real de busca no Pinterest, bonita e clicável. Produto relacionado: Luminária de Teto para Sala Quarto Cozinha em LED Circular Preta, aplicar apenas se fizer sentido natural."
2433,Mesa posta elegante,sala de jantar decorada,environment_title_overlay,Luminária de Teto para Sala Quarto Cozinha em LED Circular Preta,https://cdn.shopify.com/s/files/1/0864/2432/2353/files/Luminaria_de_Teto_para_Sala_Quarto_Cozinha_em_LED_Preta.webp?v=1748108323,public/pinterest/final/pin-2433.png,"Pinterest Pin vertical 2:3, imagem bonita full-bleed, sem card, sem borda, estilo foto premium realista. Tema: sala de jantar decorada. Cenário: sala de jantar elegante com cadeiras arrumadas, mesa posta clean e detalhes de decoração. Usar paleta Chique Home: off-white, bege, madeira clara, taupe suave, preto fosco, luz quente, visual premium brasileiro. Criar cenário bonito com título centralizado, curto e clicável em português: ""Sala de jantar decorada"". Texto elegante, alto contraste, estilo Pinterest Brasil, sem poluir. Cupom PINTEREST10 pequeno no canto inferior."
2434,Sala sofisticada,sala sofisticada,product_in_environment,Luminária de Teto para Sala Quarto Cozinha em LED Circular Preta,https://cdn.shopify.com/s/files/1/0864/2432/2353/files/Luminaria_de_Teto_para_Sala_Quarto_Cozinha_em_LED_Preta.webp?v=1748108323,public/pinterest/final/pin-2434.png,"Pinterest Pin vertical 2:3, imagem bonita full-bleed, sem card, sem borda, estilo foto premium realista. Tema: sala sofisticada. Cenário: sala de estar sofisticada, sofá neutro, almofadas decorativas, relógio de parede e decoração elegante. Usar paleta Chique Home: off-white, bege, madeira clara, taupe suave, preto fosco, luz quente, visual premium brasileiro. Aplicar visualmente o produto da Shopify em outro ambiente realista de forma natural. Produto: Luminária de Teto para Sala Quarto Cozinha em LED Circular Preta. Sem texto grande, foco em inspirar clique para compra."
2435,Sala sofisticada,decoracao de sala,listicle_idea_overlay,Luminária de Teto para Sala Quarto Cozinha em LED Circular Preta,https://cdn.shopify.com/s/files/1/0864/2432/2353/files/Luminaria_de_Teto_para_Sala_Quarto_Cozinha_em_LED_Preta.webp?v=1748108323,public/pinterest/final/pin-2435.png,"Pinterest Pin vertical 2:3, imagem bonita full-bleed, sem card, sem borda, estilo foto premium realista. Tema: decoração de sala. Cenário: sala de estar sofisticada, sofá neutro, almofadas decorativas, relógio de parede e decoração elegante. Usar paleta Chique Home: off-white, bege, madeira clara, taupe suave, preto fosco, luz quente, visual premium brasileiro. Criar imagem com produto ou ambiente em destaque, visual premium realista e clicável. Produto relacionado: Luminária de Teto para Sala Quarto Cozinha em LED Circular Preta."
2436,Cozinha elegante,projeto de cozinha,environment_full_bleed,Luminária de Teto para Sala Quarto Cozinha em LED Espiral Prateada,https://cdn.shopify.com/s/files/1/0864/2432/2353/files/Luminaria_de_Teto_para_Sala_Quarto_Cozinha_em_LED_Prateada.webp?v=1748118416,public/pinterest/final/pin-2436.png,"Pinterest Pin vertical 2:3, imagem bonita full-bleed, sem card, sem borda, estilo foto premium realista. Tema: projeto de cozinha. Cenário: cozinha pequena organizada, clean, clara, armários planejados, bancada livre, potes organizadores, bandeja decorativa, tapete de cozinha discreto. Usar paleta Chique Home: off-white, bege, madeira clara, taupe suave, preto fosco, luz quente, visual premium brasileiro. Criar um cenário inspiracional de ambiente, sem texto grande. A imagem precisa parecer resultado real de busca no Pinterest, bonita e clicável. Produto relacionado: Luminária de Teto para Sala Quarto Cozinha em LED Espiral Prateada, aplicar apenas se fizer sentido natural."
2438,Sala sofisticada,decoração sala,environment_title_overlay,Luminária de Teto para Sala Quarto Cozinha em LED Espiral Prateada,https://cdn.shopify.com/s/files/1/0864/2432/2353/files/Luminaria_de_Teto_para_Sala_Quarto_Cozinha_em_LED_Prateada.webp?v=1748118416,public/pinterest/final/pin-2438.png,"Pinterest Pin vertical 2:3, imagem bonita full-bleed, sem card, sem borda, estilo foto premium realista. Tema: decoração sala. Cenário: sala de estar sofisticada, sofá neutro, almofadas decorativas, relógio de parede e decoração elegante. Usar paleta Chique Home: off-white, bege, madeira clara, taupe suave, preto fosco, luz quente, visual premium brasileiro. Criar cenário bonito com título centralizado, curto e clicável em português: ""Decoração sala"". Texto elegante, alto contraste, estilo Pinterest Brasil, sem poluir. Cupom PINTEREST10 pequeno no canto inferior."
2439,Cozinha elegante,decoração cozinha,product_in_environment,Luminária de Teto para Sala Quarto Cozinha em LED Espiral Prateada,https://cdn.shopify.com/s/files/1/0864/2432/2353/files/Luminaria_de_Teto_para_Sala_Quarto_Cozinha_em_LED_Prateada.webp?v=1748118416,public/pinterest/final/pin-2439.png,"Pinterest Pin vertical 2:3, imagem bonita full-bleed, sem card, sem borda, estilo foto premium realista. Tema: decoração cozinha. Cenário: cozinha pequena organizada, clean, clara, armários planejados, bancada livre, potes organizadores, bandeja decorativa, tapete de cozinha discreto. Usar paleta Chique Home: off-white, bege, madeira clara, taupe suave, preto fosco, luz quente, visual premium brasileiro. Aplicar visualmente o produto da Shopify em outro ambiente realista de forma natural. Produto: Luminária de Teto para Sala Quarto Cozinha em LED Espiral Prateada. Sem texto grande, foco em inspirar clique para compra."
2440,Cozinha elegante,cozinha organizada,listicle_idea_overlay,Luminária de Teto para Sala Quarto Cozinha em LED Espiral Prateada,https://cdn.shopify.com/s/files/1/0864/2432/2353/files/Luminaria_de_Teto_para_Sala_Quarto_Cozinha_em_LED_Prateada.webp?v=1748118416,public/pinterest/final/pin-2440.png,"Pinterest Pin vertical 2:3, imagem bonita full-bleed, sem card, sem borda, estilo foto premium realista. Tema: cozinha organizada. Cenário: cozinha pequena organizada, clean, clara, armários planejados, bancada livre, potes organizadores, bandeja decorativa, tapete de cozinha discreto. Usar paleta Chique Home: off-white, bege, madeira clara, taupe suave, preto fosco, luz quente, visual premium brasileiro. Criar imagem com produto ou ambiente em destaque, visual premium realista e clicável. Produto relacionado: Luminária de Teto para Sala Quarto Cozinha em LED Espiral Prateada."
2441,Cozinha elegante,cozinha pequena organizada,environment_full_bleed,Luminária de Teto para Sala Quarto Cozinha em LED Espiral Prateada,https://cdn.shopify.com/s/files/1/0864/2432/2353/files/Luminaria_de_Teto_para_Sala_Quarto_Cozinha_em_LED_Prateada.webp?v=1748118416,public/pinterest/final/pin-2441.png,"Pinterest Pin vertical 2:3, imagem bonita full-bleed, sem card, sem borda, estilo foto premium realista. Tema: cozinha pequena organizada. Cenário: cozinha pequena organizada, clean, clara, armários planejados, bancada livre, potes organizadores, bandeja decorativa, tapete de cozinha discreto. Usar paleta Chique Home: off-white, bege, madeira clara, taupe suave, preto fosco, luz quente, visual premium brasileiro. Criar um cenário inspiracional de ambiente, sem texto grande. A imagem precisa parecer resultado real de busca no Pinterest, bonita e clicável. Produto relacionado: Luminária de Teto para Sala Quarto Cozinha em LED Espiral Prateada, aplicar apenas se fizer sentido natural."
2443,Mesa posta elegante,sala de jantar decorada,environment_title_overlay,Luminária de Teto para Sala Quarto Cozinha em LED Espiral Prateada,https://cdn.shopify.com/s/files/1/0864/2432/2353/files/Luminaria_de_Teto_para_Sala_Quarto_Cozinha_em_LED_Prateada.webp?v=1748118416,public/pinterest/final/pin-2443.png,"Pinterest Pin vertical 2:3, imagem bonita full-bleed, sem card, sem borda, estilo foto premium realista. Tema: sala de jantar decorada. Cenário: sala de jantar elegante com cadeiras arrumadas, mesa posta clean e detalhes de decoração. Usar paleta Chique Home: off-white, bege, madeira clara, taupe suave, preto fosco, luz quente, visual premium brasileiro. Criar cenário bonito com título centralizado, curto e clicável em português: ""Sala de jantar decorada"". Texto elegante, alto contraste, estilo Pinterest Brasil, sem poluir. Cupom PINTEREST10 pequeno no canto inferior."
2444,Sala sofisticada,sala sofisticada,product_in_environment,Luminária de Teto para Sala Quarto Cozinha em LED Espiral Prateada,https://cdn.shopify.com/s/files/1/0864/2432/2353/files/Luminaria_de_Teto_para_Sala_Quarto_Cozinha_em_LED_Prateada.webp?v=1748118416,public/pinterest/final/pin-2444.png,"Pinterest Pin vertical 2:3, imagem bonita full-bleed, sem card, sem borda, estilo foto premium realista. Tema: sala sofisticada. Cenário: sala de estar sofisticada, sofá neutro, almofadas decorativas, relógio de parede e decoração elegante. Usar paleta Chique Home: off-white, bege, madeira clara, taupe suave, preto fosco, luz quente, visual premium brasileiro. Aplicar visualmente o produto da Shopify em outro ambiente realista de forma natural. Produto: Luminária de Teto para Sala Quarto Cozinha em LED Espiral Prateada. Sem texto grande, foco em inspirar clique para compra."
2445,Sala sofisticada,decoracao de sala,listicle_idea_overlay,Luminária de Teto para Sala Quarto Cozinha em LED Espiral Prateada,https://cdn.shopify.com/s/files/1/0864/2432/2353/files/Luminaria_de_Teto_para_Sala_Quarto_Cozinha_em_LED_Prateada.webp?v=1748118416,public/pinterest/final/pin-2445.png,"Pinterest Pin vertical 2:3, imagem bonita full-bleed, sem card, sem borda, estilo foto premium realista. Tema: decoração de sala. Cenário: sala de estar sofisticada, sofá neutro, almofadas decorativas, relógio de parede e decoração elegante. Usar paleta Chique Home: off-white, bege, madeira clara, taupe suave, preto fosco, luz quente, visual premium brasileiro. Criar imagem com produto ou ambiente em destaque, visual premium realista e clicável. Produto relacionado: Luminária de Teto para Sala Quarto Cozinha em LED Espiral Prateada."
2446,Sala sofisticada,sala de estar apartamento,environment_full_bleed,Arandela de Parede Interna para Quarto Sala Dourada LED Pássaro,https://cdn.shopify.com/s/files/1/0864/2432/2353/files/Arandela_de_Parede_Interna_para_Quarto_Sala_Dourada_LED_Passaro.webp?v=1781180308,public/pinterest/final/pin-2446.png,"Pinterest Pin vertical 2:3, imagem bonita full-bleed, sem card, sem borda, estilo foto premium realista. Tema: sala de estar apartamento. Cenário: sala de estar sofisticada, sofá neutro, almofadas decorativas, relógio de parede e decoração elegante. Usar paleta Chique Home: off-white, bege, madeira clara, taupe suave, preto fosco, luz quente, visual premium brasileiro. Criar um cenário inspiracional de ambiente, sem texto grande. A imagem precisa parecer resultado real de busca no Pinterest, bonita e clicável. Produto relacionado: Arandela de Parede Interna para Quarto Sala Dourada LED Pássaro, aplicar apenas se fizer sentido natural."
2448,Mesa posta elegante,sala de jantar decorada,environment_title_overlay,Arandela de Parede Interna para Quarto Sala Dourada LED Pássaro,https://cdn.shopify.com/s/files/1/0864/2432/2353/files/Arandela_de_Parede_Interna_para_Quarto_Sala_Dourada_LED_Passaro.webp?v=1781180308,public/pinterest/final/pin-2448.png,"Pinterest Pin vertical 2:3, imagem bonita full-bleed, sem card, sem borda, estilo foto premium realista. Tema: sala de jantar decorada. Cenário: sala de jantar elegante com cadeiras arrumadas, mesa posta clean e detalhes de decoração. Usar paleta Chique Home: off-white, bege, madeira clara, taupe suave, preto fosco, luz quente, visual premium brasileiro. Criar cenário bonito com título centralizado, curto e clicável em português: ""Sala de jantar decorada"". Texto elegante, alto contraste, estilo Pinterest Brasil, sem poluir. Cupom PINTEREST10 pequeno no canto inferior."
2449,Sala sofisticada,sala sofisticada,product_in_environment,Arandela de Parede Interna para Quarto Sala Dourada LED Pássaro,https://cdn.shopify.com/s/files/1/0864/2432/2353/files/Arandela_de_Parede_Interna_para_Quarto_Sala_Dourada_LED_Passaro.webp?v=1781180308,public/pinterest/final/pin-2449.png,"Pinterest Pin vertical 2:3, imagem bonita full-bleed, sem card, sem borda, estilo foto premium realista. Tema: sala sofisticada. Cenário: sala de estar sofisticada, sofá neutro, almofadas decorativas, relógio de parede e decoração elegante. Usar paleta Chique Home: off-white, bege, madeira clara, taupe suave, preto fosco, luz quente, visual premium brasileiro. Aplicar visualmente o produto da Shopify em outro ambiente realista de forma natural. Produto: Arandela de Parede Interna para Quarto Sala Dourada LED Pássaro. Sem texto grande, foco em inspirar clique para compra."
2450,Sala sofisticada,decoracao de sala,listicle_idea_overlay,Arandela de Parede Interna para Quarto Sala Dourada LED Pássaro,https://cdn.shopify.com/s/files/1/0864/2432/2353/files/Arandela_de_Parede_Interna_para_Quarto_Sala_Dourada_LED_Passaro.webp?v=1781180308,public/pinterest/final/pin-2450.png,"Pinterest Pin vertical 2:3, imagem bonita full-bleed, sem card, sem borda, estilo foto premium realista. Tema: decoração de sala. Cenário: sala de estar sofisticada, sofá neutro, almofadas decorativas, relógio de parede e decoração elegante. Usar paleta Chique Home: off-white, bege, madeira clara, taupe suave, preto fosco, luz quente, visual premium brasileiro. Criar imagem com produto ou ambiente em destaque, visual premium realista e clicável. Produto relacionado: Arandela de Parede Interna para Quarto Sala Dourada LED Pássaro."
2451,Sala sofisticada,sala pequena decorada,environment_full_bleed,Arandela de Parede Interna para Quarto Sala Dourada LED Pássaro,https://cdn.shopify.com/s/files/1/0864/2432/2353/files/Arandela_de_Parede_Interna_para_Quarto_Sala_Dourada_LED_Passaro.webp?v=1781180308,public/pinterest/final/pin-2451.png,"Pinterest Pin vertical 2:3, imagem bonita full-bleed, sem card, sem borda, estilo foto premium realista. Tema: sala pequena decorada. Cenário: sala de estar sofisticada, sofá neutro, almofadas decorativas, relógio de parede e decoração elegante. Usar paleta Chique Home: off-white, bege, madeira clara, taupe suave, preto fosco, luz quente, visual premium brasileiro. Criar um cenário inspiracional de ambiente, sem texto grande. A imagem precisa parecer resultado real de busca no Pinterest, bonita e clicável. Produto relacionado: Arandela de Parede Interna para Quarto Sala Dourada LED Pássaro, aplicar apenas se fizer sentido natural."
2453,Sala sofisticada,sala sofisticada,environment_title_overlay,Arandela de Parede Interna para Quarto Sala Dourada LED Pássaro,https://cdn.shopify.com/s/files/1/0864/2432/2353/files/Arandela_de_Parede_Interna_para_Quarto_Sala_Dourada_LED_Passaro.webp?v=1781180308,public/pinterest/final/pin-2453.png,"Pinterest Pin vertical 2:3, imagem bonita full-bleed, sem card, sem borda, estilo foto premium realista. Tema: sala sofisticada. Cenário: sala de estar sofisticada, sofá neutro, almofadas decorativas, relógio de parede e decoração elegante. Usar paleta Chique Home: off-white, bege, madeira clara, taupe suave, preto fosco, luz quente, visual premium brasileiro. Criar cenário bonito com título centralizado, curto e clicável em português: ""Sala sofisticada"". Texto elegante, alto contraste, estilo Pinterest Brasil, sem poluir. Cupom PINTEREST10 pequeno no canto inferior."
2454,Sala sofisticada,sala elegante,product_in_environment,Arandela de Parede Interna para Quarto Sala Dourada LED Pássaro,https://cdn.shopify.com/s/files/1/0864/2432/2353/files/Arandela_de_Parede_Interna_para_Quarto_Sala_Dourada_LED_Passaro.webp?v=1781180308,public/pinterest/final/pin-2454.png,"Pinterest Pin vertical 2:3, imagem bonita full-bleed, sem card, sem borda, estilo foto premium realista. Tema: sala elegante. Cenário: sala de estar sofisticada, sofá neutro, almofadas decorativas, relógio de parede e decoração elegante. Usar paleta Chique Home: off-white, bege, madeira clara, taupe suave, preto fosco, luz quente, visual premium brasileiro. Aplicar visualmente o produto da Shopify em outro ambiente realista de forma natural. Produto: Arandela de Parede Interna para Quarto Sala Dourada LED Pássaro. Sem texto grande, foco em inspirar clique para compra."
2455,Decoracao de parede,decoracao de parede,listicle_idea_overlay,Arandela de Parede Interna para Quarto Sala Dourada LED Pássaro,https://cdn.shopify.com/s/files/1/0864/2432/2353/files/Arandela_de_Parede_Interna_para_Quarto_Sala_Dourada_LED_Passaro.webp?v=1781180308,public/pinterest/final/pin-2455.png,"Pinterest Pin vertical 2:3, imagem bonita full-bleed, sem card, sem borda, estilo foto premium realista. Tema: decoração de parede. Cenário: parede decorada com composição minimalista, relógio decorativo, prateleira ou textura discreta. Usar paleta Chique Home: off-white, bege, madeira clara, taupe suave, preto fosco, luz quente, visual premium brasileiro. Criar imagem com produto ou ambiente em destaque, visual premium realista e clicável. Produto relacionado: Arandela de Parede Interna para Quarto Sala Dourada LED Pássaro."
2456,Cozinha elegante,projeto de cozinha,environment_full_bleed,Lustre Pendente para Sala Quarto Cozinha Moderno LED Espiral Branco,https://cdn.shopify.com/s/files/1/0864/2432/2353/files/Lustre_Pendente_para_Sala_de_jantar_Quarto_Cozinha_Moderno_LED_branco.webp?v=1729601822,public/pinterest/final/pin-2456.png,"Pinterest Pin vertical 2:3, imagem bonita full-bleed, sem card, sem borda, estilo foto premium realista. Tema: projeto de cozinha. Cenário: cozinha pequena organizada, clean, clara, armários planejados, bancada livre, potes organizadores, bandeja decorativa, tapete de cozinha discreto. Usar paleta Chique Home: off-white, bege, madeira clara, taupe suave, preto fosco, luz quente, visual premium brasileiro. Criar um cenário inspiracional de ambiente, sem texto grande. A imagem precisa parecer resultado real de busca no Pinterest, bonita e clicável. Produto relacionado: Lustre Pendente para Sala Quarto Cozinha Moderno LED Espiral Branco, aplicar apenas se fizer sentido natural."
2458,Sala sofisticada,decoração sala,environment_title_overlay,Lustre Pendente para Sala Quarto Cozinha Moderno LED Espiral Branco,https://cdn.shopify.com/s/files/1/0864/2432/2353/files/Lustre_Pendente_para_Sala_de_jantar_Quarto_Cozinha_Moderno_LED_branco.webp?v=1729601822,public/pinterest/final/pin-2458.png,"Pinterest Pin vertical 2:3, imagem bonita full-bleed, sem card, sem borda, estilo foto premium realista. Tema: decoração sala. Cenário: sala de estar sofisticada, sofá neutro, almofadas decorativas, relógio de parede e decoração elegante. Usar paleta Chique Home: off-white, bege, madeira clara, taupe suave, preto fosco, luz quente, visual premium brasileiro. Criar cenário bonito com título centralizado, curto e clicável em português: ""Decoração sala"". Texto elegante, alto contraste, estilo Pinterest Brasil, sem poluir. Cupom PINTEREST10 pequeno no canto inferior."
2459,Cozinha elegante,decoração cozinha,product_in_environment,Lustre Pendente para Sala Quarto Cozinha Moderno LED Espiral Branco,https://cdn.shopify.com/s/files/1/0864/2432/2353/files/Lustre_Pendente_para_Sala_de_jantar_Quarto_Cozinha_Moderno_LED_branco.webp?v=1729601822,public/pinterest/final/pin-2459.png,"Pinterest Pin vertical 2:3, imagem bonita full-bleed, sem card, sem borda, estilo foto premium realista. Tema: decoração cozinha. Cenário: cozinha pequena organizada, clean, clara, armários planejados, bancada livre, potes organizadores, bandeja decorativa, tapete de cozinha discreto. Usar paleta Chique Home: off-white, bege, madeira clara, taupe suave, preto fosco, luz quente, visual premium brasileiro. Aplicar visualmente o produto da Shopify em outro ambiente realista de forma natural. Produto: Lustre Pendente para Sala Quarto Cozinha Moderno LED Espiral Branco. Sem texto grande, foco em inspirar clique para compra."
2460,Cozinha elegante,cozinha organizada,listicle_idea_overlay,Lustre Pendente para Sala Quarto Cozinha Moderno LED Espiral Branco,https://cdn.shopify.com/s/files/1/0864/2432/2353/files/Lustre_Pendente_para_Sala_de_jantar_Quarto_Cozinha_Moderno_LED_branco.webp?v=1729601822,public/pinterest/final/pin-2460.png,"Pinterest Pin vertical 2:3, imagem bonita full-bleed, sem card, sem borda, estilo foto premium realista. Tema: cozinha organizada. Cenário: cozinha pequena organizada, clean, clara, armários planejados, bancada livre, potes organizadores, bandeja decorativa, tapete de cozinha discreto. Usar paleta Chique Home: off-white, bege, madeira clara, taupe suave, preto fosco, luz quente, visual premium brasileiro. Criar imagem com produto ou ambiente em destaque, visual premium realista e clicável. Produto relacionado: Lustre Pendente para Sala Quarto Cozinha Moderno LED Espiral Branco."
2461,Cozinha elegante,cozinha pequena organizada,environment_full_bleed,Lustre Pendente para Sala Quarto Cozinha Moderno LED Espiral Branco,https://cdn.shopify.com/s/files/1/0864/2432/2353/files/Lustre_Pendente_para_Sala_de_jantar_Quarto_Cozinha_Moderno_LED_branco.webp?v=1729601822,public/pinterest/final/pin-2461.png,"Pinterest Pin vertical 2:3, imagem bonita full-bleed, sem card, sem borda, estilo foto premium realista. Tema: cozinha pequena organizada. Cenário: cozinha pequena organizada, clean, clara, armários planejados, bancada livre, potes organizadores, bandeja decorativa, tapete de cozinha discreto. Usar paleta Chique Home: off-white, bege, madeira clara, taupe suave, preto fosco, luz quente, visual premium brasileiro. Criar um cenário inspiracional de ambiente, sem texto grande. A imagem precisa parecer resultado real de busca no Pinterest, bonita e clicável. Produto relacionado: Lustre Pendente para Sala Quarto Cozinha Moderno LED Espiral Branco, aplicar apenas se fizer sentido natural."
2463,Mesa posta elegante,sala de jantar decorada,environment_title_overlay,Lustre Pendente para Sala Quarto Cozinha Moderno LED Espiral Branco,https://cdn.shopify.com/s/files/1/0864/2432/2353/files/Lustre_Pendente_para_Sala_de_jantar_Quarto_Cozinha_Moderno_LED_branco.webp?v=1729601822,public/pinterest/final/pin-2463.png,"Pinterest Pin vertical 2:3, imagem bonita full-bleed, sem card, sem borda, estilo foto premium realista. Tema: sala de jantar decorada. Cenário: sala de jantar elegante com cadeiras arrumadas, mesa posta clean e detalhes de decoração. Usar paleta Chique Home: off-white, bege, madeira clara, taupe suave, preto fosco, luz quente, visual premium brasileiro. Criar cenário bonito com título centralizado, curto e clicável em português: ""Sala de jantar decorada"". Texto elegante, alto contraste, estilo Pinterest Brasil, sem poluir. Cupom PINTEREST10 pequeno no canto inferior."
2464,Sala sofisticada,sala sofisticada,product_in_environment,Lustre Pendente para Sala Quarto Cozinha Moderno LED Espiral Branco,https://cdn.shopify.com/s/files/1/0864/2432/2353/files/Lustre_Pendente_para_Sala_de_jantar_Quarto_Cozinha_Moderno_LED_branco.webp?v=1729601822,public/pinterest/final/pin-2464.png,"Pinterest Pin vertical 2:3, imagem bonita full-bleed, sem card, sem borda, estilo foto premium realista. Tema: sala sofisticada. Cenário: sala de estar sofisticada, sofá neutro, almofadas decorativas, relógio de parede e decoração elegante. Usar paleta Chique Home: off-white, bege, madeira clara, taupe suave, preto fosco, luz quente, visual premium brasileiro. Aplicar visualmente o produto da Shopify em outro ambiente realista de forma natural. Produto: Lustre Pendente para Sala Quarto Cozinha Moderno LED Espiral Branco. Sem texto grande, foco em inspirar clique para compra."
2465,Sala sofisticada,decoracao de sala,listicle_idea_overlay,Lustre Pendente para Sala Quarto Cozinha Moderno LED Espiral Branco,https://cdn.shopify.com/s/files/1/0864/2432/2353/files/Lustre_Pendente_para_Sala_de_jantar_Quarto_Cozinha_Moderno_LED_branco.webp?v=1729601822,public/pinterest/final/pin-2465.png,"Pinterest Pin vertical 2:3, imagem bonita full-bleed, sem card, sem borda, estilo foto premium realista. Tema: decoração de sala. Cenário: sala de estar sofisticada, sofá neutro, almofadas decorativas, relógio de parede e decoração elegante. Usar paleta Chique Home: off-white, bege, madeira clara, taupe suave, preto fosco, luz quente, visual premium brasileiro. Criar imagem com produto ou ambiente em destaque, visual premium realista e clicável. Produto relacionado: Lustre Pendente para Sala Quarto Cozinha Moderno LED Espiral Branco."
2466,Sala sofisticada,sala de estar apartamento,environment_full_bleed,Luminária de Mesa LED Touch para Quarto Sala,https://cdn.shopify.com/s/files/1/0864/2432/2353/files/Abajur_Luminaria_de_Mesa_LED_Touch_para_Quarto_Sala_branca.png?v=1744942658,public/pinterest/final/pin-2466.png,"Pinterest Pin vertical 2:3, imagem bonita full-bleed, sem card, sem borda, estilo foto premium realista. Tema: sala de estar apartamento. Cenário: sala de estar sofisticada, sofá neutro, almofadas decorativas, relógio de parede e decoração elegante. Usar paleta Chique Home: off-white, bege, madeira clara, taupe suave, preto fosco, luz quente, visual premium brasileiro. Criar um cenário inspiracional de ambiente, sem texto grande. A imagem precisa parecer resultado real de busca no Pinterest, bonita e clicável. Produto relacionado: Luminária de Mesa LED Touch para Quarto Sala, aplicar apenas se fizer sentido natural."
2468,Mesa posta elegante,sala de jantar decorada,environment_title_overlay,Luminária de Mesa LED Touch para Quarto Sala,https://cdn.shopify.com/s/files/1/0864/2432/2353/files/Abajur_Luminaria_de_Mesa_LED_Touch_para_Quarto_Sala_branca.png?v=1744942658,public/pinterest/final/pin-2468.png,"Pinterest Pin vertical 2:3, imagem bonita full-bleed, sem card, sem borda, estilo foto premium realista. Tema: sala de jantar decorada. Cenário: sala de jantar elegante com cadeiras arrumadas, mesa posta clean e detalhes de decoração. Usar paleta Chique Home: off-white, bege, madeira clara, taupe suave, preto fosco, luz quente, visual premium brasileiro. Criar cenário bonito com título centralizado, curto e clicável em português: ""Sala de jantar decorada"". Texto elegante, alto contraste, estilo Pinterest Brasil, sem poluir. Cupom PINTEREST10 pequeno no canto inferior."
2469,Sala sofisticada,sala sofisticada,product_in_environment,Luminária de Mesa LED Touch para Quarto Sala,https://cdn.shopify.com/s/files/1/0864/2432/2353/files/Abajur_Luminaria_de_Mesa_LED_Touch_para_Quarto_Sala_branca.png?v=1744942658,public/pinterest/final/pin-2469.png,"Pinterest Pin vertical 2:3, imagem bonita full-bleed, sem card, sem borda, estilo foto premium realista. Tema: sala sofisticada. Cenário: sala de estar sofisticada, sofá neutro, almofadas decorativas, relógio de parede e decoração elegante. Usar paleta Chique Home: off-white, bege, madeira clara, taupe suave, preto fosco, luz quente, visual premium brasileiro. Aplicar visualmente o produto da Shopify em outro ambiente realista de forma natural. Produto: Luminária de Mesa LED Touch para Quarto Sala. Sem texto grande, foco em inspirar clique para compra."
2470,Sala sofisticada,decoracao de sala,listicle_idea_overlay,Luminária de Mesa LED Touch para Quarto Sala,https://cdn.shopify.com/s/files/1/0864/2432/2353/files/Abajur_Luminaria_de_Mesa_LED_Touch_para_Quarto_Sala_branca.png?v=1744942658,public/pinterest/final/pin-2470.png,"Pinterest Pin vertical 2:3, imagem bonita full-bleed, sem card, sem borda, estilo foto premium realista. Tema: decoração de sala. Cenário: sala de estar sofisticada, sofá neutro, almofadas decorativas, relógio de parede e decoração elegante. Usar paleta Chique Home: off-white, bege, madeira clara, taupe suave, preto fosco, luz quente, visual premium brasileiro. Criar imagem com produto ou ambiente em destaque, visual premium realista e clicável. Produto relacionado: Luminária de Mesa LED Touch para Quarto Sala."
2471,Sala sofisticada,sala pequena decorada,environment_full_bleed,Luminária de Mesa LED Touch para Quarto Sala,https://cdn.shopify.com/s/files/1/0864/2432/2353/files/Abajur_Luminaria_de_Mesa_LED_Touch_para_Quarto_Sala_branca.png?v=1744942658,public/pinterest/final/pin-2471.png,"Pinterest Pin vertical 2:3, imagem bonita full-bleed, sem card, sem borda, estilo foto premium realista. Tema: sala pequena decorada. Cenário: sala de estar sofisticada, sofá neutro, almofadas decorativas, relógio de parede e decoração elegante. Usar paleta Chique Home: off-white, bege, madeira clara, taupe suave, preto fosco, luz quente, visual premium brasileiro. Criar um cenário inspiracional de ambiente, sem texto grande. A imagem precisa parecer resultado real de busca no Pinterest, bonita e clicável. Produto relacionado: Luminária de Mesa LED Touch para Quarto Sala, aplicar apenas se fizer sentido natural."
2473,Sala sofisticada,sala sofisticada,environment_title_overlay,Luminária de Mesa LED Touch para Quarto Sala,https://cdn.shopify.com/s/files/1/0864/2432/2353/files/Abajur_Luminaria_de_Mesa_LED_Touch_para_Quarto_Sala_branca.png?v=1744942658,public/pinterest/final/pin-2473.png,"Pinterest Pin vertical 2:3, imagem bonita full-bleed, sem card, sem borda, estilo foto premium realista. Tema: sala sofisticada. Cenário: sala de estar sofisticada, sofá neutro, almofadas decorativas, relógio de parede e decoração elegante. Usar paleta Chique Home: off-white, bege, madeira clara, taupe suave, preto fosco, luz quente, visual premium brasileiro. Criar cenário bonito com título centralizado, curto e clicável em português: ""Sala sofisticada"". Texto elegante, alto contraste, estilo Pinterest Brasil, sem poluir. Cupom PINTEREST10 pequeno no canto inferior."
2474,Sala sofisticada,sala elegante,product_in_environment,Luminária de Mesa LED Touch para Quarto Sala,https://cdn.shopify.com/s/files/1/0864/2432/2353/files/Abajur_Luminaria_de_Mesa_LED_Touch_para_Quarto_Sala_branca.png?v=1744942658,public/pinterest/final/pin-2474.png,"Pinterest Pin vertical 2:3, imagem bonita full-bleed, sem card, sem borda, estilo foto premium realista. Tema: sala elegante. Cenário: sala de estar sofisticada, sofá neutro, almofadas decorativas, relógio de parede e decoração elegante. Usar paleta Chique Home: off-white, bege, madeira clara, taupe suave, preto fosco, luz quente, visual premium brasileiro. Aplicar visualmente o produto da Shopify em outro ambiente realista de forma natural. Produto: Luminária de Mesa LED Touch para Quarto Sala. Sem texto grande, foco em inspirar clique para compra."
2475,Decoracao de parede,decoracao de parede,listicle_idea_overlay,Luminária de Mesa LED Touch para Quarto Sala,https://cdn.shopify.com/s/files/1/0864/2432/2353/files/Abajur_Luminaria_de_Mesa_LED_Touch_para_Quarto_Sala_branca.png?v=1744942658,public/pinterest/final/pin-2475.png,"Pinterest Pin vertical 2:3, imagem bonita full-bleed, sem card, sem borda, estilo foto premium realista. Tema: decoração de parede. Cenário: parede decorada com composição minimalista, relógio decorativo, prateleira ou textura discreta. Usar paleta Chique Home: off-white, bege, madeira clara, taupe suave, preto fosco, luz quente, visual premium brasileiro. Criar imagem com produto ou ambiente em destaque, visual premium realista e clicável. Produto relacionado: Luminária de Mesa LED Touch para Quarto Sala."
2476,Sala sofisticada,sala de estar apartamento,environment_full_bleed,Vaso Decorativo para Sala de Flor Nordic para Mesa,https://cdn.shopify.com/s/files/1/0864/2432/2353/files/Vaso_Decorativo_para_Sala_de_Flor_Nordic_para_Mesa_branco_Decoracao.webp?v=1765918880,public/pinterest/final/pin-2476.png,"Pinterest Pin vertical 2:3, imagem bonita full-bleed, sem card, sem borda, estilo foto premium realista. Tema: sala de estar apartamento. Cenário: sala de estar sofisticada, sofá neutro, almofadas decorativas, relógio de parede e decoração elegante. Usar paleta Chique Home: off-white, bege, madeira clara, taupe suave, preto fosco, luz quente, visual premium brasileiro. Criar um cenário inspiracional de ambiente, sem texto grande. A imagem precisa parecer resultado real de busca no Pinterest, bonita e clicável. Produto relacionado: Vaso Decorativo para Sala de Flor Nordic para Mesa, aplicar apenas se fizer sentido natural."
2478,Mesa posta elegante,sala de jantar decorada,environment_title_overlay,Vaso Decorativo para Sala de Flor Nordic para Mesa,https://cdn.shopify.com/s/files/1/0864/2432/2353/files/Vaso_Decorativo_para_Sala_de_Flor_Nordic_para_Mesa_branco_Decoracao.webp?v=1765918880,public/pinterest/final/pin-2478.png,"Pinterest Pin vertical 2:3, imagem bonita full-bleed, sem card, sem borda, estilo foto premium realista. Tema: sala de jantar decorada. Cenário: sala de jantar elegante com cadeiras arrumadas, mesa posta clean e detalhes de decoração. Usar paleta Chique Home: off-white, bege, madeira clara, taupe suave, preto fosco, luz quente, visual premium brasileiro. Criar cenário bonito com título centralizado, curto e clicável em português: ""Sala de jantar decorada"". Texto elegante, alto contraste, estilo Pinterest Brasil, sem poluir. Cupom PINTEREST10 pequeno no canto inferior."
2479,Sala sofisticada,sala sofisticada,product_in_environment,Vaso Decorativo para Sala de Flor Nordic para Mesa,https://cdn.shopify.com/s/files/1/0864/2432/2353/files/Vaso_Decorativo_para_Sala_de_Flor_Nordic_para_Mesa_branco_Decoracao.webp?v=1765918880,public/pinterest/final/pin-2479.png,"Pinterest Pin vertical 2:3, imagem bonita full-bleed, sem card, sem borda, estilo foto premium realista. Tema: sala sofisticada. Cenário: sala de estar sofisticada, sofá neutro, almofadas decorativas, relógio de parede e decoração elegante. Usar paleta Chique Home: off-white, bege, madeira clara, taupe suave, preto fosco, luz quente, visual premium brasileiro. Aplicar visualmente o produto da Shopify em outro ambiente realista de forma natural. Produto: Vaso Decorativo para Sala de Flor Nordic para Mesa. Sem texto grande, foco em inspirar clique para compra."
2480,Sala sofisticada,decoracao de sala,listicle_idea_overlay,Vaso Decorativo para Sala de Flor Nordic para Mesa,https://cdn.shopify.com/s/files/1/0864/2432/2353/files/Vaso_Decorativo_para_Sala_de_Flor_Nordic_para_Mesa_branco_Decoracao.webp?v=1765918880,public/pinterest/final/pin-2480.png,"Pinterest Pin vertical 2:3, imagem bonita full-bleed, sem card, sem borda, estilo foto premium realista. Tema: decoração de sala. Cenário: sala de estar sofisticada, sofá neutro, almofadas decorativas, relógio de parede e decoração elegante. Usar paleta Chique Home: off-white, bege, madeira clara, taupe suave, preto fosco, luz quente, visual premium brasileiro. Criar imagem com produto ou ambiente em destaque, visual premium realista e clicável. Produto relacionado: Vaso Decorativo para Sala de Flor Nordic para Mesa."
2481,Sala sofisticada,sala pequena decorada,environment_full_bleed,Vaso Decorativo para Sala de Flor Nordic para Mesa,https://cdn.shopify.com/s/files/1/0864/2432/2353/files/Vaso_Decorativo_para_Sala_de_Flor_Nordic_para_Mesa_branco_Decoracao.webp?v=1765918880,public/pinterest/final/pin-2481.png,"Pinterest Pin vertical 2:3, imagem bonita full-bleed, sem card, sem borda, estilo foto premium realista. Tema: sala pequena decorada. Cenário: sala de estar sofisticada, sofá neutro, almofadas decorativas, relógio de parede e decoração elegante. Usar paleta Chique Home: off-white, bege, madeira clara, taupe suave, preto fosco, luz quente, visual premium brasileiro. Criar um cenário inspiracional de ambiente, sem texto grande. A imagem precisa parecer resultado real de busca no Pinterest, bonita e clicável. Produto relacionado: Vaso Decorativo para Sala de Flor Nordic para Mesa, aplicar apenas se fizer sentido natural."
2483,Sala sofisticada,sala sofisticada,environment_title_overlay,Vaso Decorativo para Sala de Flor Nordic para Mesa,https://cdn.shopify.com/s/files/1/0864/2432/2353/files/Vaso_Decorativo_para_Sala_de_Flor_Nordic_para_Mesa_branco_Decoracao.webp?v=1765918880,public/pinterest/final/pin-2483.png,"Pinterest Pin vertical 2:3, imagem bonita full-bleed, sem card, sem borda, estilo foto premium realista. Tema: sala sofisticada. Cenário: sala de estar sofisticada, sofá neutro, almofadas decorativas, relógio de parede e decoração elegante. Usar paleta Chique Home: off-white, bege, madeira clara, taupe suave, preto fosco, luz quente, visual premium brasileiro. Criar cenário bonito com título centralizado, curto e clicável em português: ""Sala sofisticada"". Texto elegante, alto contraste, estilo Pinterest Brasil, sem poluir. Cupom PINTEREST10 pequeno no canto inferior."
2484,Sala sofisticada,sala elegante,product_in_environment,Vaso Decorativo para Sala de Flor Nordic para Mesa,https://cdn.shopify.com/s/files/1/0864/2432/2353/files/Vaso_Decorativo_para_Sala_de_Flor_Nordic_para_Mesa_branco_Decoracao.webp?v=1765918880,public/pinterest/final/pin-2484.png,"Pinterest Pin vertical 2:3, imagem bonita full-bleed, sem card, sem borda, estilo foto premium realista. Tema: sala elegante. Cenário: sala de estar sofisticada, sofá neutro, almofadas decorativas, relógio de parede e decoração elegante. Usar paleta Chique Home: off-white, bege, madeira clara, taupe suave, preto fosco, luz quente, visual premium brasileiro. Aplicar visualmente o produto da Shopify em outro ambiente realista de forma natural. Produto: Vaso Decorativo para Sala de Flor Nordic para Mesa. Sem texto grande, foco em inspirar clique para compra."
2485,Decoracao de parede,decoracao de parede,listicle_idea_overlay,Vaso Decorativo para Sala de Flor Nordic para Mesa,https://cdn.shopify.com/s/files/1/0864/2432/2353/files/Vaso_Decorativo_para_Sala_de_Flor_Nordic_para_Mesa_branco_Decoracao.webp?v=1765918880,public/pinterest/final/pin-2485.png,"Pinterest Pin vertical 2:3, imagem bonita full-bleed, sem card, sem borda, estilo foto premium realista. Tema: decoração de parede. Cenário: parede decorada com composição minimalista, relógio decorativo, prateleira ou textura discreta. Usar paleta Chique Home: off-white, bege, madeira clara, taupe suave, preto fosco, luz quente, visual premium brasileiro. Criar imagem com produto ou ambiente em destaque, visual premium realista e clicável. Produto relacionado: Vaso Decorativo para Sala de Flor Nordic para Mesa."
2486,Sala sofisticada,sala de estar apartamento,environment_full_bleed,Escultura Decorativa O Leitor Estatueta,https://cdn.shopify.com/s/files/1/0864/2432/2353/files/Escultura_Decorativa_O_Leitor_Estatueta_Decoracao_branca.webp?v=1767988605,public/pinterest/final/pin-2486.png,"Pinterest Pin vertical 2:3, imagem bonita full-bleed, sem card, sem borda, estilo foto premium realista. Tema: sala de estar apartamento. Cenário: sala de estar sofisticada, sofá neutro, almofadas decorativas, relógio de parede e decoração elegante. Usar paleta Chique Home: off-white, bege, madeira clara, taupe suave, preto fosco, luz quente, visual premium brasileiro. Criar um cenário inspiracional de ambiente, sem texto grande. A imagem precisa parecer resultado real de busca no Pinterest, bonita e clicável. Produto relacionado: Escultura Decorativa O Leitor Estatueta, aplicar apenas se fizer sentido natural."
2488,Mesa posta elegante,sala de jantar decorada,environment_title_overlay,Escultura Decorativa O Leitor Estatueta,https://cdn.shopify.com/s/files/1/0864/2432/2353/files/Escultura_Decorativa_O_Leitor_Estatueta_Decoracao_branca.webp?v=1767988605,public/pinterest/final/pin-2488.png,"Pinterest Pin vertical 2:3, imagem bonita full-bleed, sem card, sem borda, estilo foto premium realista. Tema: sala de jantar decorada. Cenário: sala de jantar elegante com cadeiras arrumadas, mesa posta clean e detalhes de decoração. Usar paleta Chique Home: off-white, bege, madeira clara, taupe suave, preto fosco, luz quente, visual premium brasileiro. Criar cenário bonito com título centralizado, curto e clicável em português: ""Sala de jantar decorada"". Texto elegante, alto contraste, estilo Pinterest Brasil, sem poluir. Cupom PINTEREST10 pequeno no canto inferior."
2489,Sala sofisticada,sala sofisticada,product_in_environment,Escultura Decorativa O Leitor Estatueta,https://cdn.shopify.com/s/files/1/0864/2432/2353/files/Escultura_Decorativa_O_Leitor_Estatueta_Decoracao_branca.webp?v=1767988605,public/pinterest/final/pin-2489.png,"Pinterest Pin vertical 2:3, imagem bonita full-bleed, sem card, sem borda, estilo foto premium realista. Tema: sala sofisticada. Cenário: sala de estar sofisticada, sofá neutro, almofadas decorativas, relógio de parede e decoração elegante. Usar paleta Chique Home: off-white, bege, madeira clara, taupe suave, preto fosco, luz quente, visual premium brasileiro. Aplicar visualmente o produto da Shopify em outro ambiente realista de forma natural. Produto: Escultura Decorativa O Leitor Estatueta. Sem texto grande, foco em inspirar clique para compra."
2490,Sala sofisticada,decoracao de sala,listicle_idea_overlay,Escultura Decorativa O Leitor Estatueta,https://cdn.shopify.com/s/files/1/0864/2432/2353/files/Escultura_Decorativa_O_Leitor_Estatueta_Decoracao_branca.webp?v=1767988605,public/pinterest/final/pin-2490.png,"Pinterest Pin vertical 2:3, imagem bonita full-bleed, sem card, sem borda, estilo foto premium realista. Tema: decoração de sala. Cenário: sala de estar sofisticada, sofá neutro, almofadas decorativas, relógio de parede e decoração elegante. Usar paleta Chique Home: off-white, bege, madeira clara, taupe suave, preto fosco, luz quente, visual premium brasileiro. Criar imagem com produto ou ambiente em destaque, visual premium realista e clicável. Produto relacionado: Escultura Decorativa O Leitor Estatueta."
2491,Sala sofisticada,sala pequena decorada,environment_full_bleed,Escultura Decorativa O Leitor Estatueta,https://cdn.shopify.com/s/files/1/0864/2432/2353/files/Escultura_Decorativa_O_Leitor_Estatueta_Decoracao_branca.webp?v=1767988605,public/pinterest/final/pin-2491.png,"Pinterest Pin vertical 2:3, imagem bonita full-bleed, sem card, sem borda, estilo foto premium realista. Tema: sala pequena decorada. Cenário: sala de estar sofisticada, sofá neutro, almofadas decorativas, relógio de parede e decoração elegante. Usar paleta Chique Home: off-white, bege, madeira clara, taupe suave, preto fosco, luz quente, visual premium brasileiro. Criar um cenário inspiracional de ambiente, sem texto grande. A imagem precisa parecer resultado real de busca no Pinterest, bonita e clicável. Produto relacionado: Escultura Decorativa O Leitor Estatueta, aplicar apenas se fizer sentido natural."
2493,Sala sofisticada,sala sofisticada,environment_title_overlay,Escultura Decorativa O Leitor Estatueta,https://cdn.shopify.com/s/files/1/0864/2432/2353/files/Escultura_Decorativa_O_Leitor_Estatueta_Decoracao_branca.webp?v=1767988605,public/pinterest/final/pin-2493.png,"Pinterest Pin vertical 2:3, imagem bonita full-bleed, sem card, sem borda, estilo foto premium realista. Tema: sala sofisticada. Cenário: sala de estar sofisticada, sofá neutro, almofadas decorativas, relógio de parede e decoração elegante. Usar paleta Chique Home: off-white, bege, madeira clara, taupe suave, preto fosco, luz quente, visual premium brasileiro. Criar cenário bonito com título centralizado, curto e clicável em português: ""Sala sofisticada"". Texto elegante, alto contraste, estilo Pinterest Brasil, sem poluir. Cupom PINTEREST10 pequeno no canto inferior."
2494,Sala sofisticada,sala elegante,product_in_environment,Escultura Decorativa O Leitor Estatueta,https://cdn.shopify.com/s/files/1/0864/2432/2353/files/Escultura_Decorativa_O_Leitor_Estatueta_Decoracao_branca.webp?v=1767988605,public/pinterest/final/pin-2494.png,"Pinterest Pin vertical 2:3, imagem bonita full-bleed, sem card, sem borda, estilo foto premium realista. Tema: sala elegante. Cenário: sala de estar sofisticada, sofá neutro, almofadas decorativas, relógio de parede e decoração elegante. Usar paleta Chique Home: off-white, bege, madeira clara, taupe suave, preto fosco, luz quente, visual premium brasileiro. Aplicar visualmente o produto da Shopify em outro ambiente realista de forma natural. Produto: Escultura Decorativa O Leitor Estatueta. Sem texto grande, foco em inspirar clique para compra."
2495,Decoracao de parede,decoracao de parede,listicle_idea_overlay,Escultura Decorativa O Leitor Estatueta,https://cdn.shopify.com/s/files/1/0864/2432/2353/files/Escultura_Decorativa_O_Leitor_Estatueta_Decoracao_branca.webp?v=1767988605,public/pinterest/final/pin-2495.png,"Pinterest Pin vertical 2:3, imagem bonita full-bleed, sem card, sem borda, estilo foto premium realista. Tema: decoração de parede. Cenário: parede decorada com composição minimalista, relógio decorativo, prateleira ou textura discreta. Usar paleta Chique Home: off-white, bege, madeira clara, taupe suave, preto fosco, luz quente, visual premium brasileiro. Criar imagem com produto ou ambiente em destaque, visual premium realista e clicável. Produto relacionado: Escultura Decorativa O Leitor Estatueta."
2496,Sala sofisticada,sala de estar apartamento,environment_full_bleed,Capa de Almofada 45x45 para Sofá Horse Decorativa de Luxo,https://cdn.shopify.com/s/files/1/0864/2432/2353/files/Capa_de_Almofada_45x45_para_Sofa_Decorativa_de_Luxo_Horse.webp?v=1749410097,public/pinterest/final/pin-2496.png,"Pinterest Pin vertical 2:3, imagem bonita full-bleed, sem card, sem borda, estilo foto premium realista. Tema: sala de estar apartamento. Cenário: sala de estar sofisticada, sofá neutro, almofadas decorativas, relógio de parede e decoração elegante. Usar paleta Chique Home: off-white, bege, madeira clara, taupe suave, preto fosco, luz quente, visual premium brasileiro. Criar um cenário inspiracional de ambiente, sem texto grande. A imagem precisa parecer resultado real de busca no Pinterest, bonita e clicável. Produto relacionado: Capa de Almofada 45x45 para Sofá Horse Decorativa de Luxo, aplicar apenas se fizer sentido natural."
2498,Mesa posta elegante,sala de jantar decorada,environment_title_overlay,Capa de Almofada 45x45 para Sofá Horse Decorativa de Luxo,https://cdn.shopify.com/s/files/1/0864/2432/2353/files/Capa_de_Almofada_45x45_para_Sofa_Decorativa_de_Luxo_Horse.webp?v=1749410097,public/pinterest/final/pin-2498.png,"Pinterest Pin vertical 2:3, imagem bonita full-bleed, sem card, sem borda, estilo foto premium realista. Tema: sala de jantar decorada. Cenário: sala de jantar elegante com cadeiras arrumadas, mesa posta clean e detalhes de decoração. Usar paleta Chique Home: off-white, bege, madeira clara, taupe suave, preto fosco, luz quente, visual premium brasileiro. Criar cenário bonito com título centralizado, curto e clicável em português: ""Sala de jantar decorada"". Texto elegante, alto contraste, estilo Pinterest Brasil, sem poluir. Cupom PINTEREST10 pequeno no canto inferior."
2499,Sala sofisticada,capa almofada sofa luxo,product_in_environment,Capa de Almofada 45x45 para Sofá Horse Decorativa de Luxo,https://cdn.shopify.com/s/files/1/0864/2432/2353/files/Capa_de_Almofada_45x45_para_Sofa_Decorativa_de_Luxo_Horse.webp?v=1749410097,public/pinterest/final/pin-2499.png,"Pinterest Pin vertical 2:3, imagem bonita full-bleed, sem card, sem borda, estilo foto premium realista. Tema: capa almofada sofá luxo. Cenário: sala de estar sofisticada, sofá neutro, almofadas decorativas, relógio de parede e decoração elegante. Usar paleta Chique Home: off-white, bege, madeira clara, taupe suave, preto fosco, luz quente, visual premium brasileiro. Aplicar visualmente o produto da Shopify em outro ambiente realista de forma natural. Produto: Capa de Almofada 45x45 para Sofá Horse Decorativa de Luxo. Sem texto grande, foco em inspirar clique para compra."
2500,Sala sofisticada,almofada decorativa sofa,listicle_idea_overlay,Capa de Almofada 45x45 para Sofá Horse Decorativa de Luxo,https://cdn.shopify.com/s/files/1/0864/2432/2353/files/Capa_de_Almofada_45x45_para_Sofa_Decorativa_de_Luxo_Horse.webp?v=1749410097,public/pinterest/final/pin-2500.png,"Pinterest Pin vertical 2:3, imagem bonita full-bleed, sem card, sem borda, estilo foto premium realista. Tema: almofada decorativa sofá. Cenário: sala de estar sofisticada, sofá neutro, almofadas decorativas, relógio de parede e decoração elegante. Usar paleta Chique Home: off-white, bege, madeira clara, taupe suave, preto fosco, luz quente, visual premium brasileiro. Criar imagem com produto ou ambiente em destaque, visual premium realista e clicável. Produto relacionado: Capa de Almofada 45x45 para Sofá Horse Decorativa de Luxo."
2501,Sala sofisticada,sala sofisticada,environment_full_bleed,Capa de Almofada 45x45 para Sofá Horse Decorativa de Luxo,https://cdn.shopify.com/s/files/1/0864/2432/2353/files/Capa_de_Almofada_45x45_para_Sofa_Decorativa_de_Luxo_Horse.webp?v=1749410097,public/pinterest/final/pin-2501.png,"Pinterest Pin vertical 2:3, imagem bonita full-bleed, sem card, sem borda, estilo foto premium realista. Tema: sala sofisticada. Cenário: sala de estar sofisticada, sofá neutro, almofadas decorativas, relógio de parede e decoração elegante. Usar paleta Chique Home: off-white, bege, madeira clara, taupe suave, preto fosco, luz quente, visual premium brasileiro. Criar um cenário inspiracional de ambiente, sem texto grande. A imagem precisa parecer resultado real de busca no Pinterest, bonita e clicável. Produto relacionado: Capa de Almofada 45x45 para Sofá Horse Decorativa de Luxo, aplicar apenas se fizer sentido natural."
2503,Sala sofisticada,sala pequena decorada,environment_title_overlay,Capa de Almofada 45x45 para Sofá Horse Decorativa de Luxo,https://cdn.shopify.com/s/files/1/0864/2432/2353/files/Capa_de_Almofada_45x45_para_Sofa_Decorativa_de_Luxo_Horse.webp?v=1749410097,public/pinterest/final/pin-2503.png,"Pinterest Pin vertical 2:3, imagem bonita full-bleed, sem card, sem borda, estilo foto premium realista. Tema: sala pequena decorada. Cenário: sala de estar sofisticada, sofá neutro, almofadas decorativas, relógio de parede e decoração elegante. Usar paleta Chique Home: off-white, bege, madeira clara, taupe suave, preto fosco, luz quente, visual premium brasileiro. Criar cenário bonito com título centralizado, curto e clicável em português: ""Sala pequena decorada"". Texto elegante, alto contraste, estilo Pinterest Brasil, sem poluir. Cupom PINTEREST10 pequeno no canto inferior."
2504,Sala sofisticada,decoracao de sala pequena,product_in_environment,Capa de Almofada 45x45 para Sofá Horse Decorativa de Luxo,https://cdn.shopify.com/s/files/1/0864/2432/2353/files/Capa_de_Almofada_45x45_para_Sofa_Decorativa_de_Luxo_Horse.webp?v=1749410097,public/pinterest/final/pin-2504.png,"Pinterest Pin vertical 2:3, imagem bonita full-bleed, sem card, sem borda, estilo foto premium realista. Tema: decoração de sala pequena. Cenário: sala de estar sofisticada, sofá neutro, almofadas decorativas, relógio de parede e decoração elegante. Usar paleta Chique Home: off-white, bege, madeira clara, taupe suave, preto fosco, luz quente, visual premium brasileiro. Aplicar visualmente o produto da Shopify em outro ambiente realista de forma natural. Produto: Capa de Almofada 45x45 para Sofá Horse Decorativa de Luxo. Sem texto grande, foco em inspirar clique para compra."
2505,Sala sofisticada,sala sofisticada,listicle_idea_overlay,Capa de Almofada 45x45 para Sofá Horse Decorativa de Luxo,https://cdn.shopify.com/s/files/1/0864/2432/2353/files/Capa_de_Almofada_45x45_para_Sofa_Decorativa_de_Luxo_Horse.webp?v=1749410097,public/pinterest/final/pin-2505.png,"Pinterest Pin vertical 2:3, imagem bonita full-bleed, sem card, sem borda, estilo foto premium realista. Tema: sala sofisticada. Cenário: sala de estar sofisticada, sofá neutro, almofadas decorativas, relógio de parede e decoração elegante. Usar paleta Chique Home: off-white, bege, madeira clara, taupe suave, preto fosco, luz quente, visual premium brasileiro. Criar imagem com produto ou ambiente em destaque, visual premium realista e clicável. Produto relacionado: Capa de Almofada 45x45 para Sofá Horse Decorativa de Luxo."
2506,Sala sofisticada,sala de estar apartamento,environment_full_bleed,Capa de Almofada 45x45 para Sofá Listrada Lisa Decorativa,https://cdn.shopify.com/s/files/1/0864/2432/2353/files/Capa_de_Almofada_de_croche_trico_45x45_para_Sofa_Decorativas_de_luxo_Listrada_Lisa_branco.webp?v=1729558339,public/pinterest/final/pin-2506.png,"Pinterest Pin vertical 2:3, imagem bonita full-bleed, sem card, sem borda, estilo foto premium realista. Tema: sala de estar apartamento. Cenário: sala de estar sofisticada, sofá neutro, almofadas decorativas, relógio de parede e decoração elegante. Usar paleta Chique Home: off-white, bege, madeira clara, taupe suave, preto fosco, luz quente, visual premium brasileiro. Criar um cenário inspiracional de ambiente, sem texto grande. A imagem precisa parecer resultado real de busca no Pinterest, bonita e clicável. Produto relacionado: Capa de Almofada 45x45 para Sofá Listrada Lisa Decorativa, aplicar apenas se fizer sentido natural."
2508,Mesa posta elegante,sala de jantar decorada,environment_title_overlay,Capa de Almofada 45x45 para Sofá Listrada Lisa Decorativa,https://cdn.shopify.com/s/files/1/0864/2432/2353/files/Capa_de_Almofada_de_croche_trico_45x45_para_Sofa_Decorativas_de_luxo_Listrada_Lisa_branco.webp?v=1729558339,public/pinterest/final/pin-2508.png,"Pinterest Pin vertical 2:3, imagem bonita full-bleed, sem card, sem borda, estilo foto premium realista. Tema: sala de jantar decorada. Cenário: sala de jantar elegante com cadeiras arrumadas, mesa posta clean e detalhes de decoração. Usar paleta Chique Home: off-white, bege, madeira clara, taupe suave, preto fosco, luz quente, visual premium brasileiro. Criar cenário bonito com título centralizado, curto e clicável em português: ""Sala de jantar decorada"". Texto elegante, alto contraste, estilo Pinterest Brasil, sem poluir. Cupom PINTEREST10 pequeno no canto inferior."
2509,Sala sofisticada,capa almofada sofa luxo,product_in_environment,Capa de Almofada 45x45 para Sofá Listrada Lisa Decorativa,https://cdn.shopify.com/s/files/1/0864/2432/2353/files/Capa_de_Almofada_de_croche_trico_45x45_para_Sofa_Decorativas_de_luxo_Listrada_Lisa_branco.webp?v=1729558339,public/pinterest/final/pin-2509.png,"Pinterest Pin vertical 2:3, imagem bonita full-bleed, sem card, sem borda, estilo foto premium realista. Tema: capa almofada sofá luxo. Cenário: sala de estar sofisticada, sofá neutro, almofadas decorativas, relógio de parede e decoração elegante. Usar paleta Chique Home: off-white, bege, madeira clara, taupe suave, preto fosco, luz quente, visual premium brasileiro. Aplicar visualmente o produto da Shopify em outro ambiente realista de forma natural. Produto: Capa de Almofada 45x45 para Sofá Listrada Lisa Decorativa. Sem texto grande, foco em inspirar clique para compra."
2510,Sala sofisticada,almofada decorativa sofa,listicle_idea_overlay,Capa de Almofada 45x45 para Sofá Listrada Lisa Decorativa,https://cdn.shopify.com/s/files/1/0864/2432/2353/files/Capa_de_Almofada_de_croche_trico_45x45_para_Sofa_Decorativas_de_luxo_Listrada_Lisa_branco.webp?v=1729558339,public/pinterest/final/pin-2510.png,"Pinterest Pin vertical 2:3, imagem bonita full-bleed, sem card, sem borda, estilo foto premium realista. Tema: almofada decorativa sofá. Cenário: sala de estar sofisticada, sofá neutro, almofadas decorativas, relógio de parede e decoração elegante. Usar paleta Chique Home: off-white, bege, madeira clara, taupe suave, preto fosco, luz quente, visual premium brasileiro. Criar imagem com produto ou ambiente em destaque, visual premium realista e clicável. Produto relacionado: Capa de Almofada 45x45 para Sofá Listrada Lisa Decorativa."
2511,Sala sofisticada,sala sofisticada,environment_full_bleed,Capa de Almofada 45x45 para Sofá Listrada Lisa Decorativa,https://cdn.shopify.com/s/files/1/0864/2432/2353/files/Capa_de_Almofada_de_croche_trico_45x45_para_Sofa_Decorativas_de_luxo_Listrada_Lisa_branco.webp?v=1729558339,public/pinterest/final/pin-2511.png,"Pinterest Pin vertical 2:3, imagem bonita full-bleed, sem card, sem borda, estilo foto premium realista. Tema: sala sofisticada. Cenário: sala de estar sofisticada, sofá neutro, almofadas decorativas, relógio de parede e decoração elegante. Usar paleta Chique Home: off-white, bege, madeira clara, taupe suave, preto fosco, luz quente, visual premium brasileiro. Criar um cenário inspiracional de ambiente, sem texto grande. A imagem precisa parecer resultado real de busca no Pinterest, bonita e clicável. Produto relacionado: Capa de Almofada 45x45 para Sofá Listrada Lisa Decorativa, aplicar apenas se fizer sentido natural."
2513,Sala sofisticada,sala pequena decorada,environment_title_overlay,Capa de Almofada 45x45 para Sofá Listrada Lisa Decorativa,https://cdn.shopify.com/s/files/1/0864/2432/2353/files/Capa_de_Almofada_de_croche_trico_45x45_para_Sofa_Decorativas_de_luxo_Listrada_Lisa_branco.webp?v=1729558339,public/pinterest/final/pin-2513.png,"Pinterest Pin vertical 2:3, imagem bonita full-bleed, sem card, sem borda, estilo foto premium realista. Tema: sala pequena decorada. Cenário: sala de estar sofisticada, sofá neutro, almofadas decorativas, relógio de parede e decoração elegante. Usar paleta Chique Home: off-white, bege, madeira clara, taupe suave, preto fosco, luz quente, visual premium brasileiro. Criar cenário bonito com título centralizado, curto e clicável em português: ""Sala pequena decorada"". Texto elegante, alto contraste, estilo Pinterest Brasil, sem poluir. Cupom PINTEREST10 pequeno no canto inferior."
2514,Sala sofisticada,decoracao de sala pequena,product_in_environment,Capa de Almofada 45x45 para Sofá Listrada Lisa Decorativa,https://cdn.shopify.com/s/files/1/0864/2432/2353/files/Capa_de_Almofada_de_croche_trico_45x45_para_Sofa_Decorativas_de_luxo_Listrada_Lisa_branco.webp?v=1729558339,public/pinterest/final/pin-2514.png,"Pinterest Pin vertical 2:3, imagem bonita full-bleed, sem card, sem borda, estilo foto premium realista. Tema: decoração de sala pequena. Cenário: sala de estar sofisticada, sofá neutro, almofadas decorativas, relógio de parede e decoração elegante. Usar paleta Chique Home: off-white, bege, madeira clara, taupe suave, preto fosco, luz quente, visual premium brasileiro. Aplicar visualmente o produto da Shopify em outro ambiente realista de forma natural. Produto: Capa de Almofada 45x45 para Sofá Listrada Lisa Decorativa. Sem texto grande, foco em inspirar clique para compra."
2515,Sala sofisticada,sala sofisticada,listicle_idea_overlay,Capa de Almofada 45x45 para Sofá Listrada Lisa Decorativa,https://cdn.shopify.com/s/files/1/0864/2432/2353/files/Capa_de_Almofada_de_croche_trico_45x45_para_Sofa_Decorativas_de_luxo_Listrada_Lisa_branco.webp?v=1729558339,public/pinterest/final/pin-2515.png,"Pinterest Pin vertical 2:3, imagem bonita full-bleed, sem card, sem borda, estilo foto premium realista. Tema: sala sofisticada. Cenário: sala de estar sofisticada, sofá neutro, almofadas decorativas, relógio de parede e decoração elegante. Usar paleta Chique Home: off-white, bege, madeira clara, taupe suave, preto fosco, luz quente, visual premium brasileiro. Criar imagem com produto ou ambiente em destaque, visual premium realista e clicável. Produto relacionado: Capa de Almofada 45x45 para Sofá Listrada Lisa Decorativa."
2516,Sala sofisticada,sala de estar apartamento,environment_full_bleed,Cesto de Palha para Decoração Organizador Rattan,https://cdn.shopify.com/s/files/1/0864/2432/2353/files/Cesto_de_Palha_para_Decoracao_Organizador_Rattan_vime_luxo.webp?v=1745455986,public/pinterest/final/pin-2516.png,"Pinterest Pin vertical 2:3, imagem bonita full-bleed, sem card, sem borda, estilo foto premium realista. Tema: sala de estar apartamento. Cenário: sala de estar sofisticada, sofá neutro, almofadas decorativas, relógio de parede e decoração elegante. Usar paleta Chique Home: off-white, bege, madeira clara, taupe suave, preto fosco, luz quente, visual premium brasileiro. Criar um cenário inspiracional de ambiente, sem texto grande. A imagem precisa parecer resultado real de busca no Pinterest, bonita e clicável. Produto relacionado: Cesto de Palha para Decoração Organizador Rattan, aplicar apenas se fizer sentido natural."
2518,Banheiro organizado,organizador box banheiro,environment_title_overlay,Cesto de Palha para Decoração Organizador Rattan,https://cdn.shopify.com/s/files/1/0864/2432/2353/files/Cesto_de_Palha_para_Decoracao_Organizador_Rattan_vime_luxo.webp?v=1745455986,public/pinterest/final/pin-2518.png,"Pinterest Pin vertical 2:3, imagem bonita full-bleed, sem card, sem borda, estilo foto premium realista. Tema: organizador box banheiro. Cenário: banheiro organizado com suporte de parede, nichos, porta-shampoo no box e poucos objetos aparentes. Usar paleta Chique Home: off-white, bege, madeira clara, taupe suave, preto fosco, luz quente, visual premium brasileiro. Criar cenário bonito com título centralizado, curto e clicável em português: ""Organizador box banheiro"". Texto elegante, alto contraste, estilo Pinterest Brasil, sem poluir. Cupom PINTEREST10 pequeno no canto inferior."
2519,Mesa posta elegante,sala de jantar decorada,product_in_environment,Cesto de Palha para Decoração Organizador Rattan,https://cdn.shopify.com/s/files/1/0864/2432/2353/files/Cesto_de_Palha_para_Decoracao_Organizador_Rattan_vime_luxo.webp?v=1745455986,public/pinterest/final/pin-2519.png,"Pinterest Pin vertical 2:3, imagem bonita full-bleed, sem card, sem borda, estilo foto premium realista. Tema: sala de jantar decorada. Cenário: sala de jantar elegante com cadeiras arrumadas, mesa posta clean e detalhes de decoração. Usar paleta Chique Home: off-white, bege, madeira clara, taupe suave, preto fosco, luz quente, visual premium brasileiro. Aplicar visualmente o produto da Shopify em outro ambiente realista de forma natural. Produto: Cesto de Palha para Decoração Organizador Rattan. Sem texto grande, foco em inspirar clique para compra."
2520,Sala sofisticada,sala sofisticada,listicle_idea_overlay,Cesto de Palha para Decoração Organizador Rattan,https://cdn.shopify.com/s/files/1/0864/2432/2353/files/Cesto_de_Palha_para_Decoracao_Organizador_Rattan_vime_luxo.webp?v=1745455986,public/pinterest/final/pin-2520.png,"Pinterest Pin vertical 2:3, imagem bonita full-bleed, sem card, sem borda, estilo foto premium realista. Tema: sala sofisticada. Cenário: sala de estar sofisticada, sofá neutro, almofadas decorativas, relógio de parede e decoração elegante. Usar paleta Chique Home: off-white, bege, madeira clara, taupe suave, preto fosco, luz quente, visual premium brasileiro. Criar imagem com produto ou ambiente em destaque, visual premium realista e clicável. Produto relacionado: Cesto de Palha para Decoração Organizador Rattan."
2521,Sala sofisticada,decoracao de sala,environment_full_bleed,Cesto de Palha para Decoração Organizador Rattan,https://cdn.shopify.com/s/files/1/0864/2432/2353/files/Cesto_de_Palha_para_Decoracao_Organizador_Rattan_vime_luxo.webp?v=1745455986,public/pinterest/final/pin-2521.png,"Pinterest Pin vertical 2:3, imagem bonita full-bleed, sem card, sem borda, estilo foto premium realista. Tema: decoração de sala. Cenário: sala de estar sofisticada, sofá neutro, almofadas decorativas, relógio de parede e decoração elegante. Usar paleta Chique Home: off-white, bege, madeira clara, taupe suave, preto fosco, luz quente, visual premium brasileiro. Criar um cenário inspiracional de ambiente, sem texto grande. A imagem precisa parecer resultado real de busca no Pinterest, bonita e clicável. Produto relacionado: Cesto de Palha para Decoração Organizador Rattan, aplicar apenas se fizer sentido natural."
2523,Sala sofisticada,decoracao de sala pequena,environment_title_overlay,Cesto de Palha para Decoração Organizador Rattan,https://cdn.shopify.com/s/files/1/0864/2432/2353/files/Cesto_de_Palha_para_Decoracao_Organizador_Rattan_vime_luxo.webp?v=1745455986,public/pinterest/final/pin-2523.png,"Pinterest Pin vertical 2:3, imagem bonita full-bleed, sem card, sem borda, estilo foto premium realista. Tema: decoração de sala pequena. Cenário: sala de estar sofisticada, sofá neutro, almofadas decorativas, relógio de parede e decoração elegante. Usar paleta Chique Home: off-white, bege, madeira clara, taupe suave, preto fosco, luz quente, visual premium brasileiro. Criar cenário bonito com título centralizado, curto e clicável em português: ""Decoração de sala pequena"". Texto elegante, alto contraste, estilo Pinterest Brasil, sem poluir. Cupom PINTEREST10 pequeno no canto inferior."
2524,Sala sofisticada,sala sofisticada,product_in_environment,Cesto de Palha para Decoração Organizador Rattan,https://cdn.shopify.com/s/files/1/0864/2432/2353/files/Cesto_de_Palha_para_Decoracao_Organizador_Rattan_vime_luxo.webp?v=1745455986,public/pinterest/final/pin-2524.png,"Pinterest Pin vertical 2:3, imagem bonita full-bleed, sem card, sem borda, estilo foto premium realista. Tema: sala sofisticada. Cenário: sala de estar sofisticada, sofá neutro, almofadas decorativas, relógio de parede e decoração elegante. Usar paleta Chique Home: off-white, bege, madeira clara, taupe suave, preto fosco, luz quente, visual premium brasileiro. Aplicar visualmente o produto da Shopify em outro ambiente realista de forma natural. Produto: Cesto de Palha para Decoração Organizador Rattan. Sem texto grande, foco em inspirar clique para compra."
2525,Sala sofisticada,sala elegante,listicle_idea_overlay,Cesto de Palha para Decoração Organizador Rattan,https://cdn.shopify.com/s/files/1/0864/2432/2353/files/Cesto_de_Palha_para_Decoracao_Organizador_Rattan_vime_luxo.webp?v=1745455986,public/pinterest/final/pin-2525.png,"Pinterest Pin vertical 2:3, imagem bonita full-bleed, sem card, sem borda, estilo foto premium realista. Tema: sala elegante. Cenário: sala de estar sofisticada, sofá neutro, almofadas decorativas, relógio de parede e decoração elegante. Usar paleta Chique Home: off-white, bege, madeira clara, taupe suave, preto fosco, luz quente, visual premium brasileiro. Criar imagem com produto ou ambiente em destaque, visual premium realista e clicável. Produto relacionado: Cesto de Palha para Decoração Organizador Rattan."
2528,Banheiro organizado,organizador box banheiro,environment_title_overlay,Organizador de Sapatos Ajustavel com Camada Dupla,https://cdn.shopify.com/s/files/1/0864/2432/2353/files/Organizador_Sapatos_Calcados_Ajustavel.webp?v=1754403241,public/pinterest/final/pin-2528.png,"Pinterest Pin vertical 2:3, imagem bonita full-bleed, sem card, sem borda, estilo foto premium realista. Tema: organizador box banheiro. Cenário: banheiro organizado com suporte de parede, nichos, porta-shampoo no box e poucos objetos aparentes. Usar paleta Chique Home: off-white, bege, madeira clara, taupe suave, preto fosco, luz quente, visual premium brasileiro. Criar cenário bonito com título centralizado, curto e clicável em português: ""Organizador box banheiro"". Texto elegante, alto contraste, estilo Pinterest Brasil, sem poluir. Cupom PINTEREST10 pequeno no canto inferior."
2529,Cozinha elegante,projeto de cozinha,product_in_environment,Bandeja Organizadora Decorativa para Cozinha Redonda Giratória,https://cdn.shopify.com/s/files/1/0864/2432/2353/files/Bandeja_Organizadora_Decorativa_para_Cozinha_Redonda_Giratoria.webp?v=1727783718,public/pinterest/final/pin-2529.png,"Pinterest Pin vertical 2:3, imagem bonita full-bleed, sem card, sem borda, estilo foto premium realista. Tema: projeto de cozinha. Cenário: cozinha pequena organizada, clean, clara, armários planejados, bancada livre, potes organizadores, bandeja decorativa, tapete de cozinha discreto. Usar paleta Chique Home: off-white, bege, madeira clara, taupe suave, preto fosco, luz quente, visual premium brasileiro. Aplicar visualmente o produto da Shopify em outro ambiente realista de forma natural. Produto: Bandeja Organizadora Decorativa para Cozinha Redonda Giratória. Sem texto grande, foco em inspirar clique para compra."
2530,Cozinha elegante,decoração cozinha,listicle_idea_overlay,Bandeja Organizadora Decorativa para Cozinha Redonda Giratória,https://cdn.shopify.com/s/files/1/0864/2432/2353/files/Bandeja_Organizadora_Decorativa_para_Cozinha_Redonda_Giratoria.webp?v=1727783718,public/pinterest/final/pin-2530.png,"Pinterest Pin vertical 2:3, imagem bonita full-bleed, sem card, sem borda, estilo foto premium realista. Tema: decoração cozinha. Cenário: cozinha pequena organizada, clean, clara, armários planejados, bancada livre, potes organizadores, bandeja decorativa, tapete de cozinha discreto. Usar paleta Chique Home: off-white, bege, madeira clara, taupe suave, preto fosco, luz quente, visual premium brasileiro. Criar imagem com produto ou ambiente em destaque, visual premium realista e clicável. Produto relacionado: Bandeja Organizadora Decorativa para Cozinha Redonda Giratória."
2531,Cozinha elegante,cozinha organizada,environment_full_bleed,Bandeja Organizadora Decorativa para Cozinha Redonda Giratória,https://cdn.shopify.com/s/files/1/0864/2432/2353/files/Bandeja_Organizadora_Decorativa_para_Cozinha_Redonda_Giratoria.webp?v=1727783718,public/pinterest/final/pin-2531.png,"Pinterest Pin vertical 2:3, imagem bonita full-bleed, sem card, sem borda, estilo foto premium realista. Tema: cozinha organizada. Cenário: cozinha pequena organizada, clean, clara, armários planejados, bancada livre, potes organizadores, bandeja decorativa, tapete de cozinha discreto. Usar paleta Chique Home: off-white, bege, madeira clara, taupe suave, preto fosco, luz quente, visual premium brasileiro. Criar um cenário inspiracional de ambiente, sem texto grande. A imagem precisa parecer resultado real de busca no Pinterest, bonita e clicável. Produto relacionado: Bandeja Organizadora Decorativa para Cozinha Redonda Giratória, aplicar apenas se fizer sentido natural."
2533,Cozinha elegante,cozinha decorada simples,environment_title_overlay,Bandeja Organizadora Decorativa para Cozinha Redonda Giratória,https://cdn.shopify.com/s/files/1/0864/2432/2353/files/Bandeja_Organizadora_Decorativa_para_Cozinha_Redonda_Giratoria.webp?v=1727783718,public/pinterest/final/pin-2533.png,"Pinterest Pin vertical 2:3, imagem bonita full-bleed, sem card, sem borda, estilo foto premium realista. Tema: cozinha decorada simples. Cenário: cozinha pequena organizada, clean, clara, armários planejados, bancada livre, potes organizadores, bandeja decorativa, tapete de cozinha discreto. Usar paleta Chique Home: off-white, bege, madeira clara, taupe suave, preto fosco, luz quente, visual premium brasileiro. Criar cenário bonito com título centralizado, curto e clicável em português: ""Cozinha decorada simples"". Texto elegante, alto contraste, estilo Pinterest Brasil, sem poluir. Cupom PINTEREST10 pequeno no canto inferior."
2534,Cozinha elegante,bandeja giratoria cozinha,product_in_environment,Bandeja Organizadora Decorativa para Cozinha Redonda Giratória,https://cdn.shopify.com/s/files/1/0864/2432/2353/files/Bandeja_Organizadora_Decorativa_para_Cozinha_Redonda_Giratoria.webp?v=1727783718,public/pinterest/final/pin-2534.png,"Pinterest Pin vertical 2:3, imagem bonita full-bleed, sem card, sem borda, estilo foto premium realista. Tema: bandeja giratória cozinha. Cenário: cozinha pequena organizada, clean, clara, armários planejados, bancada livre, potes organizadores, bandeja decorativa, tapete de cozinha discreto. Usar paleta Chique Home: off-white, bege, madeira clara, taupe suave, preto fosco, luz quente, visual premium brasileiro. Aplicar visualmente o produto da Shopify em outro ambiente realista de forma natural. Produto: Bandeja Organizadora Decorativa para Cozinha Redonda Giratória. Sem texto grande, foco em inspirar clique para compra."
2535,Cozinha elegante,organizador cozinha bancada,listicle_idea_overlay,Bandeja Organizadora Decorativa para Cozinha Redonda Giratória,https://cdn.shopify.com/s/files/1/0864/2432/2353/files/Bandeja_Organizadora_Decorativa_para_Cozinha_Redonda_Giratoria.webp?v=1727783718,public/pinterest/final/pin-2535.png,"Pinterest Pin vertical 2:3, imagem bonita full-bleed, sem card, sem borda, estilo foto premium realista. Tema: organizador cozinha bancada. Cenário: cozinha pequena organizada, clean, clara, armários planejados, bancada livre, potes organizadores, bandeja decorativa, tapete de cozinha discreto. Usar paleta Chique Home: off-white, bege, madeira clara, taupe suave, preto fosco, luz quente, visual premium brasileiro. Criar imagem com produto ou ambiente em destaque, visual premium realista e clicável. Produto relacionado: Bandeja Organizadora Decorativa para Cozinha Redonda Giratória."
2538,Cozinha elegante,cozinha pequena decorada,environment_title_overlay,Bandeja Organizadora Decorativa para Cozinha Redonda Giratória,https://cdn.shopify.com/s/files/1/0864/2432/2353/files/Bandeja_Organizadora_Decorativa_para_Cozinha_Redonda_Giratoria.webp?v=1727783718,public/pinterest/final/pin-2538.png,"Pinterest Pin vertical 2:3, imagem bonita full-bleed, sem card, sem borda, estilo foto premium realista. Tema: cozinha pequena decorada. Cenário: cozinha pequena organizada, clean, clara, armários planejados, bancada livre, potes organizadores, bandeja decorativa, tapete de cozinha discreto. Usar paleta Chique Home: off-white, bege, madeira clara, taupe suave, preto fosco, luz quente, visual premium brasileiro. Criar cenário bonito com título centralizado, curto e clicável em português: ""Cozinha pequena decorada"". Texto elegante, alto contraste, estilo Pinterest Brasil, sem poluir. Cupom PINTEREST10 pequeno no canto inferior."
2539,Cozinha elegante,projeto de cozinha,product_in_environment,Organizador de Pratos Vertical para Cozinha,https://cdn.shopify.com/s/files/1/0864/2432/2353/files/Organizador_de_Pratos_Vertical_para_Cozinha.webp?v=1728856530,public/pinterest/final/pin-2539.png,"Pinterest Pin vertical 2:3, imagem bonita full-bleed, sem card, sem borda, estilo foto premium realista. Tema: projeto de cozinha. Cenário: cozinha pequena organizada, clean, clara, armários planejados, bancada livre, potes organizadores, bandeja decorativa, tapete de cozinha discreto. Usar paleta Chique Home: off-white, bege, madeira clara, taupe suave, preto fosco, luz quente, visual premium brasileiro. Aplicar visualmente o produto da Shopify em outro ambiente realista de forma natural. Produto: Organizador de Pratos Vertical para Cozinha. Sem texto grande, foco em inspirar clique para compra."
2540,Cozinha elegante,decoração cozinha,listicle_idea_overlay,Organizador de Pratos Vertical para Cozinha,https://cdn.shopify.com/s/files/1/0864/2432/2353/files/Organizador_de_Pratos_Vertical_para_Cozinha.webp?v=1728856530,public/pinterest/final/pin-2540.png,"Pinterest Pin vertical 2:3, imagem bonita full-bleed, sem card, sem borda, estilo foto premium realista. Tema: decoração cozinha. Cenário: cozinha pequena organizada, clean, clara, armários planejados, bancada livre, potes organizadores, bandeja decorativa, tapete de cozinha discreto. Usar paleta Chique Home: off-white, bege, madeira clara, taupe suave, preto fosco, luz quente, visual premium brasileiro. Criar imagem com produto ou ambiente em destaque, visual premium realista e clicável. Produto relacionado: Organizador de Pratos Vertical para Cozinha."
2541,Cozinha elegante,cozinha organizada,environment_full_bleed,Organizador de Pratos Vertical para Cozinha,https://cdn.shopify.com/s/files/1/0864/2432/2353/files/Organizador_de_Pratos_Vertical_para_Cozinha.webp?v=1728856530,public/pinterest/final/pin-2541.png,"Pinterest Pin vertical 2:3, imagem bonita full-bleed, sem card, sem borda, estilo foto premium realista. Tema: cozinha organizada. Cenário: cozinha pequena organizada, clean, clara, armários planejados, bancada livre, potes organizadores, bandeja decorativa, tapete de cozinha discreto. Usar paleta Chique Home: off-white, bege, madeira clara, taupe suave, preto fosco, luz quente, visual premium brasileiro. Criar um cenário inspiracional de ambiente, sem texto grande. A imagem precisa parecer resultado real de busca no Pinterest, bonita e clicável. Produto relacionado: Organizador de Pratos Vertical para Cozinha, aplicar apenas se fizer sentido natural."
2543,Cozinha elegante,cozinha decorada simples,environment_title_overlay,Organizador de Pratos Vertical para Cozinha,https://cdn.shopify.com/s/files/1/0864/2432/2353/files/Organizador_de_Pratos_Vertical_para_Cozinha.webp?v=1728856530,public/pinterest/final/pin-2543.png,"Pinterest Pin vertical 2:3, imagem bonita full-bleed, sem card, sem borda, estilo foto premium realista. Tema: cozinha decorada simples. Cenário: cozinha pequena organizada, clean, clara, armários planejados, bancada livre, potes organizadores, bandeja decorativa, tapete de cozinha discreto. Usar paleta Chique Home: off-white, bege, madeira clara, taupe suave, preto fosco, luz quente, visual premium brasileiro. Criar cenário bonito com título centralizado, curto e clicável em português: ""Cozinha decorada simples"". Texto elegante, alto contraste, estilo Pinterest Brasil, sem poluir. Cupom PINTEREST10 pequeno no canto inferior."
2544,Banheiro organizado,organizador box banheiro,product_in_environment,Organizador de Pratos Vertical para Cozinha,https://cdn.shopify.com/s/files/1/0864/2432/2353/files/Organizador_de_Pratos_Vertical_para_Cozinha.webp?v=1728856530,public/pinterest/final/pin-2544.png,"Pinterest Pin vertical 2:3, imagem bonita full-bleed, sem card, sem borda, estilo foto premium realista. Tema: organizador box banheiro. Cenário: banheiro organizado com suporte de parede, nichos, porta-shampoo no box e poucos objetos aparentes. Usar paleta Chique Home: off-white, bege, madeira clara, taupe suave, preto fosco, luz quente, visual premium brasileiro. Aplicar visualmente o produto da Shopify em outro ambiente realista de forma natural. Produto: Organizador de Pratos Vertical para Cozinha. Sem texto grande, foco em inspirar clique para compra."
2545,Cozinha elegante,cozinha decorada,listicle_idea_overlay,Organizador de Pratos Vertical para Cozinha,https://cdn.shopify.com/s/files/1/0864/2432/2353/files/Organizador_de_Pratos_Vertical_para_Cozinha.webp?v=1728856530,public/pinterest/final/pin-2545.png,"Pinterest Pin vertical 2:3, imagem bonita full-bleed, sem card, sem borda, estilo foto premium realista. Tema: cozinha decorada. Cenário: cozinha pequena organizada, clean, clara, armários planejados, bancada livre, potes organizadores, bandeja decorativa, tapete de cozinha discreto. Usar paleta Chique Home: off-white, bege, madeira clara, taupe suave, preto fosco, luz quente, visual premium brasileiro. Criar imagem com produto ou ambiente em destaque, visual premium realista e clicável. Produto relacionado: Organizador de Pratos Vertical para Cozinha."
2546,Cozinha elegante,cozinha pequena decorada,environment_full_bleed,Organizador de Pratos Vertical para Cozinha,https://cdn.shopify.com/s/files/1/0864/2432/2353/files/Organizador_de_Pratos_Vertical_para_Cozinha.webp?v=1728856530,public/pinterest/final/pin-2546.png,"Pinterest Pin vertical 2:3, imagem bonita full-bleed, sem card, sem borda, estilo foto premium realista. Tema: cozinha pequena decorada. Cenário: cozinha pequena organizada, clean, clara, armários planejados, bancada livre, potes organizadores, bandeja decorativa, tapete de cozinha discreto. Usar paleta Chique Home: off-white, bege, madeira clara, taupe suave, preto fosco, luz quente, visual premium brasileiro. Criar um cenário inspiracional de ambiente, sem texto grande. A imagem precisa parecer resultado real de busca no Pinterest, bonita e clicável. Produto relacionado: Organizador de Pratos Vertical para Cozinha, aplicar apenas se fizer sentido natural."
2548,Tapetes para cozinha,tapete para cozinha,environment_title_overlay,Organizador de Pratos Vertical para Cozinha,https://cdn.shopify.com/s/files/1/0864/2432/2353/files/Organizador_de_Pratos_Vertical_para_Cozinha.webp?v=1728856530,public/pinterest/final/pin-2548.png,"Pinterest Pin vertical 2:3, imagem bonita full-bleed, sem card, sem borda, estilo foto premium realista. Tema: tapete para cozinha. Cenário: cozinha moderna e funcional com passadeira ou tapete antiderrapante em destaque no piso, bancada organizada e luz natural. Usar paleta Chique Home: off-white, bege, madeira clara, taupe suave, preto fosco, luz quente, visual premium brasileiro. Criar cenário bonito com título centralizado, curto e clicável em português: ""Tapete para cozinha"". Texto elegante, alto contraste, estilo Pinterest Brasil, sem poluir. Cupom PINTEREST10 pequeno no canto inferior."
2549,Banheiro organizado,banheiro pequeno organizado,product_in_environment,Bandeja para Banheiro Lavabo Decorativa Espelhada Oval,https://cdn.shopify.com/s/files/1/0864/2432/2353/files/Bandeja_Decorativa_para_Banheiro_Oval.webp?v=1727778824,public/pinterest/final/pin-2549.png,"Pinterest Pin vertical 2:3, imagem bonita full-bleed, sem card, sem borda, estilo foto premium realista. Tema: banheiro pequeno organizado. Cenário: banheiro organizado com suporte de parede, nichos, porta-shampoo no box e poucos objetos aparentes. Usar paleta Chique Home: off-white, bege, madeira clara, taupe suave, preto fosco, luz quente, visual premium brasileiro. Aplicar visualmente o produto da Shopify em outro ambiente realista de forma natural. Produto: Bandeja para Banheiro Lavabo Decorativa Espelhada Oval. Sem texto grande, foco em inspirar clique para compra."
2550,Banheiro com cara de hotel,banheiro com cara de hotel,listicle_idea_overlay,Bandeja para Banheiro Lavabo Decorativa Espelhada Oval,https://cdn.shopify.com/s/files/1/0864/2432/2353/files/Bandeja_Decorativa_para_Banheiro_Oval.webp?v=1727778824,public/pinterest/final/pin-2550.png,"Pinterest Pin vertical 2:3, imagem bonita full-bleed, sem card, sem borda, estilo foto premium realista. Tema: banheiro com cara de hotel. Cenário: banheiro pequeno sofisticado com metais modernos, parede clara, bancada limpa e detalhe elegante de organização. Usar paleta Chique Home: off-white, bege, madeira clara, taupe suave, preto fosco, luz quente, visual premium brasileiro. Criar imagem com produto ou ambiente em destaque, visual premium realista e clicável. Produto relacionado: Bandeja para Banheiro Lavabo Decorativa Espelhada Oval."
2551,Banheiro com cara de hotel,banheiro decorado,environment_full_bleed,Bandeja para Banheiro Lavabo Decorativa Espelhada Oval,https://cdn.shopify.com/s/files/1/0864/2432/2353/files/Bandeja_Decorativa_para_Banheiro_Oval.webp?v=1727778824,public/pinterest/final/pin-2551.png,"Pinterest Pin vertical 2:3, imagem bonita full-bleed, sem card, sem borda, estilo foto premium realista. Tema: banheiro decorado. Cenário: banheiro pequeno sofisticado com metais modernos, parede clara, bancada limpa e detalhe elegante de organização. Usar paleta Chique Home: off-white, bege, madeira clara, taupe suave, preto fosco, luz quente, visual premium brasileiro. Criar um cenário inspiracional de ambiente, sem texto grande. A imagem precisa parecer resultado real de busca no Pinterest, bonita e clicável. Produto relacionado: Bandeja para Banheiro Lavabo Decorativa Espelhada Oval, aplicar apenas se fizer sentido natural."
2553,Banheiro com cara de hotel,banheiro moderno,environment_title_overlay,Bandeja para Banheiro Lavabo Decorativa Espelhada Oval,https://cdn.shopify.com/s/files/1/0864/2432/2353/files/Bandeja_Decorativa_para_Banheiro_Oval.webp?v=1727778824,public/pinterest/final/pin-2553.png,"Pinterest Pin vertical 2:3, imagem bonita full-bleed, sem card, sem borda, estilo foto premium realista. Tema: banheiro moderno. Cenário: banheiro pequeno sofisticado com metais modernos, parede clara, bancada limpa e detalhe elegante de organização. Usar paleta Chique Home: off-white, bege, madeira clara, taupe suave, preto fosco, luz quente, visual premium brasileiro. Criar cenário bonito com título centralizado, curto e clicável em português: ""Banheiro moderno"". Texto elegante, alto contraste, estilo Pinterest Brasil, sem poluir. Cupom PINTEREST10 pequeno no canto inferior."
2554,Banheiro com cara de hotel,banheiro com cara de hotel,product_in_environment,Bandeja para Banheiro Lavabo Decorativa Espelhada Oval,https://cdn.shopify.com/s/files/1/0864/2432/2353/files/Bandeja_Decorativa_para_Banheiro_Oval.webp?v=1727778824,public/pinterest/final/pin-2554.png,"Pinterest Pin vertical 2:3, imagem bonita full-bleed, sem card, sem borda, estilo foto premium realista. Tema: banheiro com cara de hotel. Cenário: banheiro pequeno sofisticado com metais modernos, parede clara, bancada limpa e detalhe elegante de organização. Usar paleta Chique Home: off-white, bege, madeira clara, taupe suave, preto fosco, luz quente, visual premium brasileiro. Aplicar visualmente o produto da Shopify em outro ambiente realista de forma natural. Produto: Bandeja para Banheiro Lavabo Decorativa Espelhada Oval. Sem texto grande, foco em inspirar clique para compra."
2555,Banheiro com cara de hotel,lavabo decorado,listicle_idea_overlay,Bandeja para Banheiro Lavabo Decorativa Espelhada Oval,https://cdn.shopify.com/s/files/1/0864/2432/2353/files/Bandeja_Decorativa_para_Banheiro_Oval.webp?v=1727778824,public/pinterest/final/pin-2555.png,"Pinterest Pin vertical 2:3, imagem bonita full-bleed, sem card, sem borda, estilo foto premium realista. Tema: lavabo decorado. Cenário: banheiro pequeno sofisticado com metais modernos, parede clara, bancada limpa e detalhe elegante de organização. Usar paleta Chique Home: off-white, bege, madeira clara, taupe suave, preto fosco, luz quente, visual premium brasileiro. Criar imagem com produto ou ambiente em destaque, visual premium realista e clicável. Produto relacionado: Bandeja para Banheiro Lavabo Decorativa Espelhada Oval."
2558,Banheiro organizado,organizador de maquiagem,environment_title_overlay,Bandeja para Banheiro Lavabo Decorativa Espelhada Oval,https://cdn.shopify.com/s/files/1/0864/2432/2353/files/Bandeja_Decorativa_para_Banheiro_Oval.webp?v=1727778824,public/pinterest/final/pin-2558.png,"Pinterest Pin vertical 2:3, imagem bonita full-bleed, sem card, sem borda, estilo foto premium realista. Tema: organizador de maquiagem. Cenário: banheiro organizado com suporte de parede, nichos, porta-shampoo no box e poucos objetos aparentes. Usar paleta Chique Home: off-white, bege, madeira clara, taupe suave, preto fosco, luz quente, visual premium brasileiro. Criar cenário bonito com título centralizado, curto e clicável em português: ""Organizador de maquiagem"". Texto elegante, alto contraste, estilo Pinterest Brasil, sem poluir. Cupom PINTEREST10 pequeno no canto inferior."
2559,Cozinha elegante,projeto de cozinha,product_in_environment,Bandeja Decorativa Espelhada para Banheiro Cozinha Redonda,https://cdn.shopify.com/s/files/1/0864/2432/2353/files/Bandeja_Decorativa_Espelhada_para_Banheiro_Cozinha_Redonda_transparente.webp?v=1729448100,public/pinterest/final/pin-2559.png,"Pinterest Pin vertical 2:3, imagem bonita full-bleed, sem card, sem borda, estilo foto premium realista. Tema: projeto de cozinha. Cenário: cozinha pequena organizada, clean, clara, armários planejados, bancada livre, potes organizadores, bandeja decorativa, tapete de cozinha discreto. Usar paleta Chique Home: off-white, bege, madeira clara, taupe suave, preto fosco, luz quente, visual premium brasileiro. Aplicar visualmente o produto da Shopify em outro ambiente realista de forma natural. Produto: Bandeja Decorativa Espelhada para Banheiro Cozinha Redonda. Sem texto grande, foco em inspirar clique para compra."
2560,Cozinha elegante,decoração cozinha,listicle_idea_overlay,Bandeja Decorativa Espelhada para Banheiro Cozinha Redonda,https://cdn.shopify.com/s/files/1/0864/2432/2353/files/Bandeja_Decorativa_Espelhada_para_Banheiro_Cozinha_Redonda_transparente.webp?v=1729448100,public/pinterest/final/pin-2560.png,"Pinterest Pin vertical 2:3, imagem bonita full-bleed, sem card, sem borda, estilo foto premium realista. Tema: decoração cozinha. Cenário: cozinha pequena organizada, clean, clara, armários planejados, bancada livre, potes organizadores, bandeja decorativa, tapete de cozinha discreto. Usar paleta Chique Home: off-white, bege, madeira clara, taupe suave, preto fosco, luz quente, visual premium brasileiro. Criar imagem com produto ou ambiente em destaque, visual premium realista e clicável. Produto relacionado: Bandeja Decorativa Espelhada para Banheiro Cozinha Redonda."
2561,Cozinha elegante,cozinha organizada,environment_full_bleed,Bandeja Decorativa Espelhada para Banheiro Cozinha Redonda,https://cdn.shopify.com/s/files/1/0864/2432/2353/files/Bandeja_Decorativa_Espelhada_para_Banheiro_Cozinha_Redonda_transparente.webp?v=1729448100,public/pinterest/final/pin-2561.png,"Pinterest Pin vertical 2:3, imagem bonita full-bleed, sem card, sem borda, estilo foto premium realista. Tema: cozinha organizada. Cenário: cozinha pequena organizada, clean, clara, armários planejados, bancada livre, potes organizadores, bandeja decorativa, tapete de cozinha discreto. Usar paleta Chique Home: off-white, bege, madeira clara, taupe suave, preto fosco, luz quente, visual premium brasileiro. Criar um cenário inspiracional de ambiente, sem texto grande. A imagem precisa parecer resultado real de busca no Pinterest, bonita e clicável. Produto relacionado: Bandeja Decorativa Espelhada para Banheiro Cozinha Redonda, aplicar apenas se fizer sentido natural."
2563,Cozinha elegante,cozinha decorada simples,environment_title_overlay,Bandeja Decorativa Espelhada para Banheiro Cozinha Redonda,https://cdn.shopify.com/s/files/1/0864/2432/2353/files/Bandeja_Decorativa_Espelhada_para_Banheiro_Cozinha_Redonda_transparente.webp?v=1729448100,public/pinterest/final/pin-2563.png,"Pinterest Pin vertical 2:3, imagem bonita full-bleed, sem card, sem borda, estilo foto premium realista. Tema: cozinha decorada simples. Cenário: cozinha pequena organizada, clean, clara, armários planejados, bancada livre, potes organizadores, bandeja decorativa, tapete de cozinha discreto. Usar paleta Chique Home: off-white, bege, madeira clara, taupe suave, preto fosco, luz quente, visual premium brasileiro. Criar cenário bonito com título centralizado, curto e clicável em português: ""Cozinha decorada simples"". Texto elegante, alto contraste, estilo Pinterest Brasil, sem poluir. Cupom PINTEREST10 pequeno no canto inferior."
2564,Banheiro organizado,banheiro pequeno organizado,product_in_environment,Bandeja Decorativa Espelhada para Banheiro Cozinha Redonda,https://cdn.shopify.com/s/files/1/0864/2432/2353/files/Bandeja_Decorativa_Espelhada_para_Banheiro_Cozinha_Redonda_transparente.webp?v=1729448100,public/pinterest/final/pin-2564.png,"Pinterest Pin vertical 2:3, imagem bonita full-bleed, sem card, sem borda, estilo foto premium realista. Tema: banheiro pequeno organizado. Cenário: banheiro organizado com suporte de parede, nichos, porta-shampoo no box e poucos objetos aparentes. Usar paleta Chique Home: off-white, bege, madeira clara, taupe suave, preto fosco, luz quente, visual premium brasileiro. Aplicar visualmente o produto da Shopify em outro ambiente realista de forma natural. Produto: Bandeja Decorativa Espelhada para Banheiro Cozinha Redonda. Sem texto grande, foco em inspirar clique para compra."
2565,Banheiro com cara de hotel,banheiro com cara de hotel,listicle_idea_overlay,Bandeja Decorativa Espelhada para Banheiro Cozinha Redonda,https://cdn.shopify.com/s/files/1/0864/2432/2353/files/Bandeja_Decorativa_Espelhada_para_Banheiro_Cozinha_Redonda_transparente.webp?v=1729448100,public/pinterest/final/pin-2565.png,"Pinterest Pin vertical 2:3, imagem bonita full-bleed, sem card, sem borda, estilo foto premium realista. Tema: banheiro com cara de hotel. Cenário: banheiro pequeno sofisticado com metais modernos, parede clara, bancada limpa e detalhe elegante de organização. Usar paleta Chique Home: off-white, bege, madeira clara, taupe suave, preto fosco, luz quente, visual premium brasileiro. Criar imagem com produto ou ambiente em destaque, visual premium realista e clicável. Produto relacionado: Bandeja Decorativa Espelhada para Banheiro Cozinha Redonda."
2566,Cozinha elegante,cozinha decorada,environment_full_bleed,Bandeja Decorativa Espelhada para Banheiro Cozinha Redonda,https://cdn.shopify.com/s/files/1/0864/2432/2353/files/Bandeja_Decorativa_Espelhada_para_Banheiro_Cozinha_Redonda_transparente.webp?v=1729448100,public/pinterest/final/pin-2566.png,"Pinterest Pin vertical 2:3, imagem bonita full-bleed, sem card, sem borda, estilo foto premium realista. Tema: cozinha decorada. Cenário: cozinha pequena organizada, clean, clara, armários planejados, bancada livre, potes organizadores, bandeja decorativa, tapete de cozinha discreto. Usar paleta Chique Home: off-white, bege, madeira clara, taupe suave, preto fosco, luz quente, visual premium brasileiro. Criar um cenário inspiracional de ambiente, sem texto grande. A imagem precisa parecer resultado real de busca no Pinterest, bonita e clicável. Produto relacionado: Bandeja Decorativa Espelhada para Banheiro Cozinha Redonda, aplicar apenas se fizer sentido natural."
2568,Cozinha elegante,decoracao de cozinha,environment_title_overlay,Bandeja Decorativa Espelhada para Banheiro Cozinha Redonda,https://cdn.shopify.com/s/files/1/0864/2432/2353/files/Bandeja_Decorativa_Espelhada_para_Banheiro_Cozinha_Redonda_transparente.webp?v=1729448100,public/pinterest/final/pin-2568.png,"Pinterest Pin vertical 2:3, imagem bonita full-bleed, sem card, sem borda, estilo foto premium realista. Tema: decoração de cozinha. Cenário: cozinha pequena organizada, clean, clara, armários planejados, bancada livre, potes organizadores, bandeja decorativa, tapete de cozinha discreto. Usar paleta Chique Home: off-white, bege, madeira clara, taupe suave, preto fosco, luz quente, visual premium brasileiro. Criar cenário bonito com título centralizado, curto e clicável em português: ""Decoração de cozinha"". Texto elegante, alto contraste, estilo Pinterest Brasil, sem poluir. Cupom PINTEREST10 pequeno no canto inferior."
2569,Cozinha elegante,projeto de cozinha,product_in_environment,Relógio Digital de Parede para Cozinha Sala Decorativo Moderno,https://cdn.shopify.com/s/files/1/0864/2432/2353/files/Relogio_Digital_de_Parede_para_Cozinha_Sala_Decorativo_Moderno.webp?v=1729556383,public/pinterest/final/pin-2569.png,"Pinterest Pin vertical 2:3, imagem bonita full-bleed, sem card, sem borda, estilo foto premium realista. Tema: projeto de cozinha. Cenário: cozinha pequena organizada, clean, clara, armários planejados, bancada livre, potes organizadores, bandeja decorativa, tapete de cozinha discreto. Usar paleta Chique Home: off-white, bege, madeira clara, taupe suave, preto fosco, luz quente, visual premium brasileiro. Aplicar visualmente o produto da Shopify em outro ambiente realista de forma natural. Produto: Relógio Digital de Parede para Cozinha Sala Decorativo Moderno. Sem texto grande, foco em inspirar clique para compra."
2570,Sala sofisticada,sala de estar apartamento,listicle_idea_overlay,Relógio Digital de Parede para Cozinha Sala Decorativo Moderno,https://cdn.shopify.com/s/files/1/0864/2432/2353/files/Relogio_Digital_de_Parede_para_Cozinha_Sala_Decorativo_Moderno.webp?v=1729556383,public/pinterest/final/pin-2570.png,"Pinterest Pin vertical 2:3, imagem bonita full-bleed, sem card, sem borda, estilo foto premium realista. Tema: sala de estar apartamento. Cenário: sala de estar sofisticada, sofá neutro, almofadas decorativas, relógio de parede e decoração elegante. Usar paleta Chique Home: off-white, bege, madeira clara, taupe suave, preto fosco, luz quente, visual premium brasileiro. Criar imagem com produto ou ambiente em destaque, visual premium realista e clicável. Produto relacionado: Relógio Digital de Parede para Cozinha Sala Decorativo Moderno."
2571,Sala sofisticada,decoração sala,environment_full_bleed,Relógio Digital de Parede para Cozinha Sala Decorativo Moderno,https://cdn.shopify.com/s/files/1/0864/2432/2353/files/Relogio_Digital_de_Parede_para_Cozinha_Sala_Decorativo_Moderno.webp?v=1729556383,public/pinterest/final/pin-2571.png,"Pinterest Pin vertical 2:3, imagem bonita full-bleed, sem card, sem borda, estilo foto premium realista. Tema: decoração sala. Cenário: sala de estar sofisticada, sofá neutro, almofadas decorativas, relógio de parede e decoração elegante. Usar paleta Chique Home: off-white, bege, madeira clara, taupe suave, preto fosco, luz quente, visual premium brasileiro. Criar um cenário inspiracional de ambiente, sem texto grande. A imagem precisa parecer resultado real de busca no Pinterest, bonita e clicável. Produto relacionado: Relógio Digital de Parede para Cozinha Sala Decorativo Moderno, aplicar apenas se fizer sentido natural."
2573,Cozinha elegante,cozinha organizada,environment_title_overlay,Relógio Digital de Parede para Cozinha Sala Decorativo Moderno,https://cdn.shopify.com/s/files/1/0864/2432/2353/files/Relogio_Digital_de_Parede_para_Cozinha_Sala_Decorativo_Moderno.webp?v=1729556383,public/pinterest/final/pin-2573.png,"Pinterest Pin vertical 2:3, imagem bonita full-bleed, sem card, sem borda, estilo foto premium realista. Tema: cozinha organizada. Cenário: cozinha pequena organizada, clean, clara, armários planejados, bancada livre, potes organizadores, bandeja decorativa, tapete de cozinha discreto. Usar paleta Chique Home: off-white, bege, madeira clara, taupe suave, preto fosco, luz quente, visual premium brasileiro. Criar cenário bonito com título centralizado, curto e clicável em português: ""Cozinha organizada"". Texto elegante, alto contraste, estilo Pinterest Brasil, sem poluir. Cupom PINTEREST10 pequeno no canto inferior."
2574,Cozinha elegante,cozinha pequena organizada,product_in_environment,Relógio Digital de Parede para Cozinha Sala Decorativo Moderno,https://cdn.shopify.com/s/files/1/0864/2432/2353/files/Relogio_Digital_de_Parede_para_Cozinha_Sala_Decorativo_Moderno.webp?v=1729556383,public/pinterest/final/pin-2574.png,"Pinterest Pin vertical 2:3, imagem bonita full-bleed, sem card, sem borda, estilo foto premium realista. Tema: cozinha pequena organizada. Cenário: cozinha pequena organizada, clean, clara, armários planejados, bancada livre, potes organizadores, bandeja decorativa, tapete de cozinha discreto. Usar paleta Chique Home: off-white, bege, madeira clara, taupe suave, preto fosco, luz quente, visual premium brasileiro. Aplicar visualmente o produto da Shopify em outro ambiente realista de forma natural. Produto: Relógio Digital de Parede para Cozinha Sala Decorativo Moderno. Sem texto grande, foco em inspirar clique para compra."
2575,Cozinha elegante,cozinha decorada simples,listicle_idea_overlay,Relógio Digital de Parede para Cozinha Sala Decorativo Moderno,https://cdn.shopify.com/s/files/1/0864/2432/2353/files/Relogio_Digital_de_Parede_para_Cozinha_Sala_Decorativo_Moderno.webp?v=1729556383,public/pinterest/final/pin-2575.png,"Pinterest Pin vertical 2:3, imagem bonita full-bleed, sem card, sem borda, estilo foto premium realista. Tema: cozinha decorada simples. Cenário: cozinha pequena organizada, clean, clara, armários planejados, bancada livre, potes organizadores, bandeja decorativa, tapete de cozinha discreto. Usar paleta Chique Home: off-white, bege, madeira clara, taupe suave, preto fosco, luz quente, visual premium brasileiro. Criar imagem com produto ou ambiente em destaque, visual premium realista e clicável. Produto relacionado: Relógio Digital de Parede para Cozinha Sala Decorativo Moderno."
2578,Relogios de parede,relogio de parede grande,environment_title_overlay,Relógio Digital de Parede para Cozinha Sala Decorativo Moderno,https://cdn.shopify.com/s/files/1/0864/2432/2353/files/Relogio_Digital_de_Parede_para_Cozinha_Sala_Decorativo_Moderno.webp?v=1729556383,public/pinterest/final/pin-2578.png,"Pinterest Pin vertical 2:3, imagem bonita full-bleed, sem card, sem borda, estilo foto premium realista. Tema: relógio de parede grande. Cenário: parede de sala ou cozinha com relógio decorativo grande, composição limpa e elegante. Usar paleta Chique Home: off-white, bege, madeira clara, taupe suave, preto fosco, luz quente, visual premium brasileiro. Criar cenário bonito com título centralizado, curto e clicável em português: ""Relógio de parede grande"". Texto elegante, alto contraste, estilo Pinterest Brasil, sem poluir. Cupom PINTEREST10 pequeno no canto inferior."
2579,Sala sofisticada,sala de estar apartamento,product_in_environment,Relógio de Parede Cremona Cream Wood,https://cdn.shopify.com/s/files/1/0864/2432/2353/files/Relogio_de_Parede_para_Cozinha_Sala_Decorativo_em_Madeira_bege_branco.webp?v=1759760430,public/pinterest/final/pin-2579.png,"Pinterest Pin vertical 2:3, imagem bonita full-bleed, sem card, sem borda, estilo foto premium realista. Tema: sala de estar apartamento. Cenário: sala de estar sofisticada, sofá neutro, almofadas decorativas, relógio de parede e decoração elegante. Usar paleta Chique Home: off-white, bege, madeira clara, taupe suave, preto fosco, luz quente, visual premium brasileiro. Aplicar visualmente o produto da Shopify em outro ambiente realista de forma natural. Produto: Relógio de Parede Cremona Cream Wood. Sem texto grande, foco em inspirar clique para compra."
2580,Sala sofisticada,decoração sala,listicle_idea_overlay,Relógio de Parede Cremona Cream Wood,https://cdn.shopify.com/s/files/1/0864/2432/2353/files/Relogio_de_Parede_para_Cozinha_Sala_Decorativo_em_Madeira_bege_branco.webp?v=1759760430,public/pinterest/final/pin-2580.png,"Pinterest Pin vertical 2:3, imagem bonita full-bleed, sem card, sem borda, estilo foto premium realista. Tema: decoração sala. Cenário: sala de estar sofisticada, sofá neutro, almofadas decorativas, relógio de parede e decoração elegante. Usar paleta Chique Home: off-white, bege, madeira clara, taupe suave, preto fosco, luz quente, visual premium brasileiro. Criar imagem com produto ou ambiente em destaque, visual premium realista e clicável. Produto relacionado: Relógio de Parede Cremona Cream Wood."
2583,Relogios de parede,relogio de parede sala,environment_title_overlay,Relógio de Parede Cremona Cream Wood,https://cdn.shopify.com/s/files/1/0864/2432/2353/files/Relogio_de_Parede_para_Cozinha_Sala_Decorativo_em_Madeira_bege_branco.webp?v=1759760430,public/pinterest/final/pin-2583.png,"Pinterest Pin vertical 2:3, imagem bonita full-bleed, sem card, sem borda, estilo foto premium realista. Tema: relógio de parede sala. Cenário: parede de sala ou cozinha com relógio decorativo grande, composição limpa e elegante. Usar paleta Chique Home: off-white, bege, madeira clara, taupe suave, preto fosco, luz quente, visual premium brasileiro. Criar cenário bonito com título centralizado, curto e clicável em português: ""Relógio de parede sala"". Texto elegante, alto contraste, estilo Pinterest Brasil, sem poluir. Cupom PINTEREST10 pequeno no canto inferior."
2584,Decoracao de parede,relogio de parede decorativo,product_in_environment,Relógio de Parede Cremona Cream Wood,https://cdn.shopify.com/s/files/1/0864/2432/2353/files/Relogio_de_Parede_para_Cozinha_Sala_Decorativo_em_Madeira_bege_branco.webp?v=1759760430,public/pinterest/final/pin-2584.png,"Pinterest Pin vertical 2:3, imagem bonita full-bleed, sem card, sem borda, estilo foto premium realista. Tema: relógio de parede decorativo. Cenário: parede decorada com composição minimalista, relógio decorativo, prateleira ou textura discreta. Usar paleta Chique Home: off-white, bege, madeira clara, taupe suave, preto fosco, luz quente, visual premium brasileiro. Aplicar visualmente o produto da Shopify em outro ambiente realista de forma natural. Produto: Relógio de Parede Cremona Cream Wood. Sem texto grande, foco em inspirar clique para compra."
2585,Mesa posta elegante,sala de jantar decorada,listicle_idea_overlay,Relógio de Parede Cremona Cream Wood,https://cdn.shopify.com/s/files/1/0864/2432/2353/files/Relogio_de_Parede_para_Cozinha_Sala_Decorativo_em_Madeira_bege_branco.webp?v=1759760430,public/pinterest/final/pin-2585.png,"Pinterest Pin vertical 2:3, imagem bonita full-bleed, sem card, sem borda, estilo foto premium realista. Tema: sala de jantar decorada. Cenário: sala de jantar elegante com cadeiras arrumadas, mesa posta clean e detalhes de decoração. Usar paleta Chique Home: off-white, bege, madeira clara, taupe suave, preto fosco, luz quente, visual premium brasileiro. Criar imagem com produto ou ambiente em destaque, visual premium realista e clicável. Produto relacionado: Relógio de Parede Cremona Cream Wood."
2586,Sala sofisticada,sala sofisticada,environment_full_bleed,Relógio de Parede Cremona Cream Wood,https://cdn.shopify.com/s/files/1/0864/2432/2353/files/Relogio_de_Parede_para_Cozinha_Sala_Decorativo_em_Madeira_bege_branco.webp?v=1759760430,public/pinterest/final/pin-2586.png,"Pinterest Pin vertical 2:3, imagem bonita full-bleed, sem card, sem borda, estilo foto premium realista. Tema: sala sofisticada. Cenário: sala de estar sofisticada, sofá neutro, almofadas decorativas, relógio de parede e decoração elegante. Usar paleta Chique Home: off-white, bege, madeira clara, taupe suave, preto fosco, luz quente, visual premium brasileiro. Criar um cenário inspiracional de ambiente, sem texto grande. A imagem precisa parecer resultado real de busca no Pinterest, bonita e clicável. Produto relacionado: Relógio de Parede Cremona Cream Wood, aplicar apenas se fizer sentido natural."
2588,Sala sofisticada,sala pequena decorada,environment_title_overlay,Relógio de Parede Cremona Cream Wood,https://cdn.shopify.com/s/files/1/0864/2432/2353/files/Relogio_de_Parede_para_Cozinha_Sala_Decorativo_em_Madeira_bege_branco.webp?v=1759760430,public/pinterest/final/pin-2588.png,"Pinterest Pin vertical 2:3, imagem bonita full-bleed, sem card, sem borda, estilo foto premium realista. Tema: sala pequena decorada. Cenário: sala de estar sofisticada, sofá neutro, almofadas decorativas, relógio de parede e decoração elegante. Usar paleta Chique Home: off-white, bege, madeira clara, taupe suave, preto fosco, luz quente, visual premium brasileiro. Criar cenário bonito com título centralizado, curto e clicável em português: ""Sala pequena decorada"". Texto elegante, alto contraste, estilo Pinterest Brasil, sem poluir. Cupom PINTEREST10 pequeno no canto inferior."
2589,Design de interiores,design de interiores de residências,product_in_environment,Relógio de Mesa Digital Despertador Triangular Branco,https://cdn.shopify.com/s/files/1/0864/2432/2353/files/Relogio_Digital_de_Mesa_Despertador_LED_Triangular_branco3_f18b4e39-6b80-47fb-a97d-2fafd21966f2.webp?v=1783370373,public/pinterest/final/pin-2589.png,"Pinterest Pin vertical 2:3, imagem bonita full-bleed, sem card, sem borda, estilo foto premium realista. Tema: design de interiores de residências. Cenário: ambiente residencial bem decorado com composição harmônica, cores neutras e detalhes Chique Home. Usar paleta Chique Home: off-white, bege, madeira clara, taupe suave, preto fosco, luz quente, visual premium brasileiro. Aplicar visualmente o produto da Shopify em outro ambiente realista de forma natural. Produto: Relógio de Mesa Digital Despertador Triangular Branco. Sem texto grande, foco em inspirar clique para compra."
2590,Truques de casa,truques de casa,listicle_idea_overlay,Relógio de Mesa Digital Despertador Triangular Branco,https://cdn.shopify.com/s/files/1/0864/2432/2353/files/Relogio_Digital_de_Mesa_Despertador_LED_Triangular_branco3_f18b4e39-6b80-47fb-a97d-2fafd21966f2.webp?v=1783370373,public/pinterest/final/pin-2590.png,"Pinterest Pin vertical 2:3, imagem bonita full-bleed, sem card, sem borda, estilo foto premium realista. Tema: truques de casa. Cenário: solucao elegante de organização e decoração para deixar a casa mais bonita sem reforma. Usar paleta Chique Home: off-white, bege, madeira clara, taupe suave, preto fosco, luz quente, visual premium brasileiro. Criar imagem com produto ou ambiente em destaque, visual premium realista e clicável. Produto relacionado: Relógio de Mesa Digital Despertador Triangular Branco."
2593,Sala sofisticada,sala de estar apartamento,environment_title_overlay,Relógio de Mesa Digital Despertador Triangular Branco,https://cdn.shopify.com/s/files/1/0864/2432/2353/files/Relogio_Digital_de_Mesa_Despertador_LED_Triangular_branco3_f18b4e39-6b80-47fb-a97d-2fafd21966f2.webp?v=1783370373,public/pinterest/final/pin-2593.png,"Pinterest Pin vertical 2:3, imagem bonita full-bleed, sem card, sem borda, estilo foto premium realista. Tema: sala de estar apartamento. Cenário: sala de estar sofisticada, sofá neutro, almofadas decorativas, relógio de parede e decoração elegante. Usar paleta Chique Home: off-white, bege, madeira clara, taupe suave, preto fosco, luz quente, visual premium brasileiro. Criar cenário bonito com título centralizado, curto e clicável em português: ""Sala de estar apartamento"". Texto elegante, alto contraste, estilo Pinterest Brasil, sem poluir. Cupom PINTEREST10 pequeno no canto inferior."
2594,Paleta de cores para casa,paleta de cores para casa,product_in_environment,Relógio de Mesa Digital Despertador Triangular Branco,https://cdn.shopify.com/s/files/1/0864/2432/2353/files/Relogio_Digital_de_Mesa_Despertador_LED_Triangular_branco3_f18b4e39-6b80-47fb-a97d-2fafd21966f2.webp?v=1783370373,public/pinterest/final/pin-2594.png,"Pinterest Pin vertical 2:3, imagem bonita full-bleed, sem card, sem borda, estilo foto premium realista. Tema: paleta de cores para casa. Cenário: ambiente decorado com paleta de cores harmônica, tons neutros e objetos decorativos. Usar paleta Chique Home: off-white, bege, madeira clara, taupe suave, preto fosco, luz quente, visual premium brasileiro. Aplicar visualmente o produto da Shopify em outro ambiente realista de forma natural. Produto: Relógio de Mesa Digital Despertador Triangular Branco. Sem texto grande, foco em inspirar clique para compra."
2595,Sala sofisticada,decoração sala,listicle_idea_overlay,Relógio de Mesa Digital Despertador Triangular Branco,https://cdn.shopify.com/s/files/1/0864/2432/2353/files/Relogio_Digital_de_Mesa_Despertador_LED_Triangular_branco3_f18b4e39-6b80-47fb-a97d-2fafd21966f2.webp?v=1783370373,public/pinterest/final/pin-2595.png,"Pinterest Pin vertical 2:3, imagem bonita full-bleed, sem card, sem borda, estilo foto premium realista. Tema: decoração sala. Cenário: sala de estar sofisticada, sofá neutro, almofadas decorativas, relógio de parede e decoração elegante. Usar paleta Chique Home: off-white, bege, madeira clara, taupe suave, preto fosco, luz quente, visual premium brasileiro. Criar imagem com produto ou ambiente em destaque, visual premium realista e clicável. Produto relacionado: Relógio de Mesa Digital Despertador Triangular Branco."
2598,Relogios de parede,relogio digital de mesa,environment_title_overlay,Relógio de Mesa Digital Despertador Triangular Branco,https://cdn.shopify.com/s/files/1/0864/2432/2353/files/Relogio_Digital_de_Mesa_Despertador_LED_Triangular_branco3_f18b4e39-6b80-47fb-a97d-2fafd21966f2.webp?v=1783370373,public/pinterest/final/pin-2598.png,"Pinterest Pin vertical 2:3, imagem bonita full-bleed, sem card, sem borda, estilo foto premium realista. Tema: relógio digital de mesa. Cenário: parede de sala ou cozinha com relógio decorativo grande, composição limpa e elegante. Usar paleta Chique Home: off-white, bege, madeira clara, taupe suave, preto fosco, luz quente, visual premium brasileiro. Criar cenário bonito com título centralizado, curto e clicável em português: ""Relógio digital de mesa"". Texto elegante, alto contraste, estilo Pinterest Brasil, sem poluir. Cupom PINTEREST10 pequeno no canto inferior."
2599,Sala sofisticada,sala de estar apartamento,product_in_environment,Relógio de Mesa Digital Despertador Triangular Preto,https://cdn.shopify.com/s/files/1/0864/2432/2353/files/Relogio_Digital_de_Mesa_Despertador_LED_Triangular_preto_7_8094c15f-c5c8-4dc5-ae9b-fc2e78060283.webp?v=1783370402,public/pinterest/final/pin-2599.png,"Pinterest Pin vertical 2:3, imagem bonita full-bleed, sem card, sem borda, estilo foto premium realista. Tema: sala de estar apartamento. Cenário: sala de estar sofisticada, sofá neutro, almofadas decorativas, relógio de parede e decoração elegante. Usar paleta Chique Home: off-white, bege, madeira clara, taupe suave, preto fosco, luz quente, visual premium brasileiro. Aplicar visualmente o produto da Shopify em outro ambiente realista de forma natural. Produto: Relógio de Mesa Digital Despertador Triangular Preto. Sem texto grande, foco em inspirar clique para compra."
2600,Sala sofisticada,decoração sala,listicle_idea_overlay,Relógio de Mesa Digital Despertador Triangular Preto,https://cdn.shopify.com/s/files/1/0864/2432/2353/files/Relogio_Digital_de_Mesa_Despertador_LED_Triangular_preto_7_8094c15f-c5c8-4dc5-ae9b-fc2e78060283.webp?v=1783370402,public/pinterest/final/pin-2600.png,"Pinterest Pin vertical 2:3, imagem bonita full-bleed, sem card, sem borda, estilo foto premium realista. Tema: decoração sala. Cenário: sala de estar sofisticada, sofá neutro, almofadas decorativas, relógio de parede e decoração elegante. Usar paleta Chique Home: off-white, bege, madeira clara, taupe suave, preto fosco, luz quente, visual premium brasileiro. Criar imagem com produto ou ambiente em destaque, visual premium realista e clicável. Produto relacionado: Relógio de Mesa Digital Despertador Triangular Preto."
2603,Quarto decorado,relogio despertador digital,environment_title_overlay,Relógio de Mesa Digital Despertador Triangular Preto,https://cdn.shopify.com/s/files/1/0864/2432/2353/files/Relogio_Digital_de_Mesa_Despertador_LED_Triangular_preto_7_8094c15f-c5c8-4dc5-ae9b-fc2e78060283.webp?v=1783370402,public/pinterest/final/pin-2603.png,"Pinterest Pin vertical 2:3, imagem bonita full-bleed, sem card, sem borda, estilo foto premium realista. Tema: relógio despertador digital. Cenário: quarto de casal pequeno decorado, mesa de cabeceira organizada, relógio digital e tons neutros. Usar paleta Chique Home: off-white, bege, madeira clara, taupe suave, preto fosco, luz quente, visual premium brasileiro. Criar cenário bonito com título centralizado, curto e clicável em português: ""Relógio despertador digital"". Texto elegante, alto contraste, estilo Pinterest Brasil, sem poluir. Cupom PINTEREST10 pequeno no canto inferior."
2604,Mesa posta elegante,sala de jantar decorada,product_in_environment,Relógio de Mesa Digital Despertador Triangular Preto,https://cdn.shopify.com/s/files/1/0864/2432/2353/files/Relogio_Digital_de_Mesa_Despertador_LED_Triangular_preto_7_8094c15f-c5c8-4dc5-ae9b-fc2e78060283.webp?v=1783370402,public/pinterest/final/pin-2604.png,"Pinterest Pin vertical 2:3, imagem bonita full-bleed, sem card, sem borda, estilo foto premium realista. Tema: sala de jantar decorada. Cenário: sala de jantar elegante com cadeiras arrumadas, mesa posta clean e detalhes de decoração. Usar paleta Chique Home: off-white, bege, madeira clara, taupe suave, preto fosco, luz quente, visual premium brasileiro. Aplicar visualmente o produto da Shopify em outro ambiente realista de forma natural. Produto: Relógio de Mesa Digital Despertador Triangular Preto. Sem texto grande, foco em inspirar clique para compra."
2605,Sala sofisticada,sala sofisticada,listicle_idea_overlay,Relógio de Mesa Digital Despertador Triangular Preto,https://cdn.shopify.com/s/files/1/0864/2432/2353/files/Relogio_Digital_de_Mesa_Despertador_LED_Triangular_preto_7_8094c15f-c5c8-4dc5-ae9b-fc2e78060283.webp?v=1783370402,public/pinterest/final/pin-2605.png,"Pinterest Pin vertical 2:3, imagem bonita full-bleed, sem card, sem borda, estilo foto premium realista. Tema: sala sofisticada. Cenário: sala de estar sofisticada, sofá neutro, almofadas decorativas, relógio de parede e decoração elegante. Usar paleta Chique Home: off-white, bege, madeira clara, taupe suave, preto fosco, luz quente, visual premium brasileiro. Criar imagem com produto ou ambiente em destaque, visual premium realista e clicável. Produto relacionado: Relógio de Mesa Digital Despertador Triangular Preto."
2606,Sala sofisticada,decoracao de sala,environment_full_bleed,Relógio de Mesa Digital Despertador Triangular Preto,https://cdn.shopify.com/s/files/1/0864/2432/2353/files/Relogio_Digital_de_Mesa_Despertador_LED_Triangular_preto_7_8094c15f-c5c8-4dc5-ae9b-fc2e78060283.webp?v=1783370402,public/pinterest/final/pin-2606.png,"Pinterest Pin vertical 2:3, imagem bonita full-bleed, sem card, sem borda, estilo foto premium realista. Tema: decoração de sala. Cenário: sala de estar sofisticada, sofá neutro, almofadas decorativas, relógio de parede e decoração elegante. Usar paleta Chique Home: off-white, bege, madeira clara, taupe suave, preto fosco, luz quente, visual premium brasileiro. Criar um cenário inspiracional de ambiente, sem texto grande. A imagem precisa parecer resultado real de busca no Pinterest, bonita e clicável. Produto relacionado: Relógio de Mesa Digital Despertador Triangular Preto, aplicar apenas se fizer sentido natural."
2608,Sala sofisticada,decoracao de sala pequena,environment_title_overlay,Relógio de Mesa Digital Despertador Triangular Preto,https://cdn.shopify.com/s/files/1/0864/2432/2353/files/Relogio_Digital_de_Mesa_Despertador_LED_Triangular_preto_7_8094c15f-c5c8-4dc5-ae9b-fc2e78060283.webp?v=1783370402,public/pinterest/final/pin-2608.png,"Pinterest Pin vertical 2:3, imagem bonita full-bleed, sem card, sem borda, estilo foto premium realista. Tema: decoração de sala pequena. Cenário: sala de estar sofisticada, sofá neutro, almofadas decorativas, relógio de parede e decoração elegante. Usar paleta Chique Home: off-white, bege, madeira clara, taupe suave, preto fosco, luz quente, visual premium brasileiro. Criar cenário bonito com título centralizado, curto e clicável em português: ""Decoração de sala pequena"". Texto elegante, alto contraste, estilo Pinterest Brasil, sem poluir. Cupom PINTEREST10 pequeno no canto inferior."
2609,Sala sofisticada,sala de estar apartamento,product_in_environment,Luminária de Mesa LED Sem Fio Touch Recarregável,https://cdn.shopify.com/s/files/1/0864/2432/2353/files/Luminaria_de_Mesa_LED_para_quarto_Sem_Fio_Touch.webp?v=1729630722,public/pinterest/final/pin-2609.png,"Pinterest Pin vertical 2:3, imagem bonita full-bleed, sem card, sem borda, estilo foto premium realista. Tema: sala de estar apartamento. Cenário: sala de estar sofisticada, sofá neutro, almofadas decorativas, relógio de parede e decoração elegante. Usar paleta Chique Home: off-white, bege, madeira clara, taupe suave, preto fosco, luz quente, visual premium brasileiro. Aplicar visualmente o produto da Shopify em outro ambiente realista de forma natural. Produto: Luminária de Mesa LED Sem Fio Touch Recarregável. Sem texto grande, foco em inspirar clique para compra."
2610,Sala sofisticada,decoração sala,listicle_idea_overlay,Luminária de Mesa LED Sem Fio Touch Recarregável,https://cdn.shopify.com/s/files/1/0864/2432/2353/files/Luminaria_de_Mesa_LED_para_quarto_Sem_Fio_Touch.webp?v=1729630722,public/pinterest/final/pin-2610.png,"Pinterest Pin vertical 2:3, imagem bonita full-bleed, sem card, sem borda, estilo foto premium realista. Tema: decoração sala. Cenário: sala de estar sofisticada, sofá neutro, almofadas decorativas, relógio de parede e decoração elegante. Usar paleta Chique Home: off-white, bege, madeira clara, taupe suave, preto fosco, luz quente, visual premium brasileiro. Criar imagem com produto ou ambiente em destaque, visual premium realista e clicável. Produto relacionado: Luminária de Mesa LED Sem Fio Touch Recarregável."
2611,Mesa posta elegante,sala de jantar decorada,environment_full_bleed,Luminária de Mesa LED Sem Fio Touch Recarregável,https://cdn.shopify.com/s/files/1/0864/2432/2353/files/Luminaria_de_Mesa_LED_para_quarto_Sem_Fio_Touch.webp?v=1729630722,public/pinterest/final/pin-2611.png,"Pinterest Pin vertical 2:3, imagem bonita full-bleed, sem card, sem borda, estilo foto premium realista. Tema: sala de jantar decorada. Cenário: sala de jantar elegante com cadeiras arrumadas, mesa posta clean e detalhes de decoração. Usar paleta Chique Home: off-white, bege, madeira clara, taupe suave, preto fosco, luz quente, visual premium brasileiro. Criar um cenário inspiracional de ambiente, sem texto grande. A imagem precisa parecer resultado real de busca no Pinterest, bonita e clicável. Produto relacionado: Luminária de Mesa LED Sem Fio Touch Recarregável, aplicar apenas se fizer sentido natural."
2613,Sala sofisticada,decoracao de sala,environment_title_overlay,Luminária de Mesa LED Sem Fio Touch Recarregável,https://cdn.shopify.com/s/files/1/0864/2432/2353/files/Luminaria_de_Mesa_LED_para_quarto_Sem_Fio_Touch.webp?v=1729630722,public/pinterest/final/pin-2613.png,"Pinterest Pin vertical 2:3, imagem bonita full-bleed, sem card, sem borda, estilo foto premium realista. Tema: decoração de sala. Cenário: sala de estar sofisticada, sofá neutro, almofadas decorativas, relógio de parede e decoração elegante. Usar paleta Chique Home: off-white, bege, madeira clara, taupe suave, preto fosco, luz quente, visual premium brasileiro. Criar cenário bonito com título centralizado, curto e clicável em português: ""Decoração de sala"". Texto elegante, alto contraste, estilo Pinterest Brasil, sem poluir. Cupom PINTEREST10 pequeno no canto inferior."
2614,Sala sofisticada,sala pequena decorada,product_in_environment,Luminária de Mesa LED Sem Fio Touch Recarregável,https://cdn.shopify.com/s/files/1/0864/2432/2353/files/Luminaria_de_Mesa_LED_para_quarto_Sem_Fio_Touch.webp?v=1729630722,public/pinterest/final/pin-2614.png,"Pinterest Pin vertical 2:3, imagem bonita full-bleed, sem card, sem borda, estilo foto premium realista. Tema: sala pequena decorada. Cenário: sala de estar sofisticada, sofá neutro, almofadas decorativas, relógio de parede e decoração elegante. Usar paleta Chique Home: off-white, bege, madeira clara, taupe suave, preto fosco, luz quente, visual premium brasileiro. Aplicar visualmente o produto da Shopify em outro ambiente realista de forma natural. Produto: Luminária de Mesa LED Sem Fio Touch Recarregável. Sem texto grande, foco em inspirar clique para compra."
2615,Sala sofisticada,decoracao de sala pequena,listicle_idea_overlay,Luminária de Mesa LED Sem Fio Touch Recarregável,https://cdn.shopify.com/s/files/1/0864/2432/2353/files/Luminaria_de_Mesa_LED_para_quarto_Sem_Fio_Touch.webp?v=1729630722,public/pinterest/final/pin-2615.png,"Pinterest Pin vertical 2:3, imagem bonita full-bleed, sem card, sem borda, estilo foto premium realista. Tema: decoração de sala pequena. Cenário: sala de estar sofisticada, sofá neutro, almofadas decorativas, relógio de parede e decoração elegante. Usar paleta Chique Home: off-white, bege, madeira clara, taupe suave, preto fosco, luz quente, visual premium brasileiro. Criar imagem com produto ou ambiente em destaque, visual premium realista e clicável. Produto relacionado: Luminária de Mesa LED Sem Fio Touch Recarregável."
2616,Sala sofisticada,sala sofisticada,environment_full_bleed,Luminária de Mesa LED Sem Fio Touch Recarregável,https://cdn.shopify.com/s/files/1/0864/2432/2353/files/Luminaria_de_Mesa_LED_para_quarto_Sem_Fio_Touch.webp?v=1729630722,public/pinterest/final/pin-2616.png,"Pinterest Pin vertical 2:3, imagem bonita full-bleed, sem card, sem borda, estilo foto premium realista. Tema: sala sofisticada. Cenário: sala de estar sofisticada, sofá neutro, almofadas decorativas, relógio de parede e decoração elegante. Usar paleta Chique Home: off-white, bege, madeira clara, taupe suave, preto fosco, luz quente, visual premium brasileiro. Criar um cenário inspiracional de ambiente, sem texto grande. A imagem precisa parecer resultado real de busca no Pinterest, bonita e clicável. Produto relacionado: Luminária de Mesa LED Sem Fio Touch Recarregável, aplicar apenas se fizer sentido natural."
2618,Iluminacao decorativa,iluminacao para sala,environment_title_overlay,Luminária de Mesa LED Sem Fio Touch Recarregável,https://cdn.shopify.com/s/files/1/0864/2432/2353/files/Luminaria_de_Mesa_LED_para_quarto_Sem_Fio_Touch.webp?v=1729630722,public/pinterest/final/pin-2618.png,"Pinterest Pin vertical 2:3, imagem bonita full-bleed, sem card, sem borda, estilo foto premium realista. Tema: iluminação para sala. Cenário: ambiente interno com luminária decorativa acesa, luz aconchegante e decoração sofisticada. Usar paleta Chique Home: off-white, bege, madeira clara, taupe suave, preto fosco, luz quente, visual premium brasileiro. Criar cenário bonito com título centralizado, curto e clicável em português: ""Iluminação para sala"". Texto elegante, alto contraste, estilo Pinterest Brasil, sem poluir. Cupom PINTEREST10 pequeno no canto inferior."
2619,Sala sofisticada,sala de estar apartamento,product_in_environment,Arandela de Parede Luminária Interna Externa LED Redonda,https://cdn.shopify.com/s/files/1/0864/2432/2353/files/Arandela_de_Parede_Luminaria_Interna_Externa_LED_Redonda.webp?v=1727706752,public/pinterest/final/pin-2619.png,"Pinterest Pin vertical 2:3, imagem bonita full-bleed, sem card, sem borda, estilo foto premium realista. Tema: sala de estar apartamento. Cenário: sala de estar sofisticada, sofá neutro, almofadas decorativas, relógio de parede e decoração elegante. Usar paleta Chique Home: off-white, bege, madeira clara, taupe suave, preto fosco, luz quente, visual premium brasileiro. Aplicar visualmente o produto da Shopify em outro ambiente realista de forma natural. Produto: Arandela de Parede Luminária Interna Externa LED Redonda. Sem texto grande, foco em inspirar clique para compra."
2620,Sala sofisticada,decoração sala,listicle_idea_overlay,Arandela de Parede Luminária Interna Externa LED Redonda,https://cdn.shopify.com/s/files/1/0864/2432/2353/files/Arandela_de_Parede_Luminaria_Interna_Externa_LED_Redonda.webp?v=1727706752,public/pinterest/final/pin-2620.png,"Pinterest Pin vertical 2:3, imagem bonita full-bleed, sem card, sem borda, estilo foto premium realista. Tema: decoração sala. Cenário: sala de estar sofisticada, sofá neutro, almofadas decorativas, relógio de parede e decoração elegante. Usar paleta Chique Home: off-white, bege, madeira clara, taupe suave, preto fosco, luz quente, visual premium brasileiro. Criar imagem com produto ou ambiente em destaque, visual premium realista e clicável. Produto relacionado: Arandela de Parede Luminária Interna Externa LED Redonda."
2621,Mesa posta elegante,sala de jantar decorada,environment_full_bleed,Arandela de Parede Luminária Interna Externa LED Redonda,https://cdn.shopify.com/s/files/1/0864/2432/2353/files/Arandela_de_Parede_Luminaria_Interna_Externa_LED_Redonda.webp?v=1727706752,public/pinterest/final/pin-2621.png,"Pinterest Pin vertical 2:3, imagem bonita full-bleed, sem card, sem borda, estilo foto premium realista. Tema: sala de jantar decorada. Cenário: sala de jantar elegante com cadeiras arrumadas, mesa posta clean e detalhes de decoração. Usar paleta Chique Home: off-white, bege, madeira clara, taupe suave, preto fosco, luz quente, visual premium brasileiro. Criar um cenário inspiracional de ambiente, sem texto grande. A imagem precisa parecer resultado real de busca no Pinterest, bonita e clicável. Produto relacionado: Arandela de Parede Luminária Interna Externa LED Redonda, aplicar apenas se fizer sentido natural."
2623,Sala sofisticada,decoracao de sala,environment_title_overlay,Arandela de Parede Luminária Interna Externa LED Redonda,https://cdn.shopify.com/s/files/1/0864/2432/2353/files/Arandela_de_Parede_Luminaria_Interna_Externa_LED_Redonda.webp?v=1727706752,public/pinterest/final/pin-2623.png,"Pinterest Pin vertical 2:3, imagem bonita full-bleed, sem card, sem borda, estilo foto premium realista. Tema: decoração de sala. Cenário: sala de estar sofisticada, sofá neutro, almofadas decorativas, relógio de parede e decoração elegante. Usar paleta Chique Home: off-white, bege, madeira clara, taupe suave, preto fosco, luz quente, visual premium brasileiro. Criar cenário bonito com título centralizado, curto e clicável em português: ""Decoração de sala"". Texto elegante, alto contraste, estilo Pinterest Brasil, sem poluir. Cupom PINTEREST10 pequeno no canto inferior."
2624,Sala sofisticada,sala pequena decorada,product_in_environment,Arandela de Parede Luminária Interna Externa LED Redonda,https://cdn.shopify.com/s/files/1/0864/2432/2353/files/Arandela_de_Parede_Luminaria_Interna_Externa_LED_Redonda.webp?v=1727706752,public/pinterest/final/pin-2624.png,"Pinterest Pin vertical 2:3, imagem bonita full-bleed, sem card, sem borda, estilo foto premium realista. Tema: sala pequena decorada. Cenário: sala de estar sofisticada, sofá neutro, almofadas decorativas, relógio de parede e decoração elegante. Usar paleta Chique Home: off-white, bege, madeira clara, taupe suave, preto fosco, luz quente, visual premium brasileiro. Aplicar visualmente o produto da Shopify em outro ambiente realista de forma natural. Produto: Arandela de Parede Luminária Interna Externa LED Redonda. Sem texto grande, foco em inspirar clique para compra."
2625,Sala sofisticada,decoracao de sala pequena,listicle_idea_overlay,Arandela de Parede Luminária Interna Externa LED Redonda,https://cdn.shopify.com/s/files/1/0864/2432/2353/files/Arandela_de_Parede_Luminaria_Interna_Externa_LED_Redonda.webp?v=1727706752,public/pinterest/final/pin-2625.png,"Pinterest Pin vertical 2:3, imagem bonita full-bleed, sem card, sem borda, estilo foto premium realista. Tema: decoração de sala pequena. Cenário: sala de estar sofisticada, sofá neutro, almofadas decorativas, relógio de parede e decoração elegante. Usar paleta Chique Home: off-white, bege, madeira clara, taupe suave, preto fosco, luz quente, visual premium brasileiro. Criar imagem com produto ou ambiente em destaque, visual premium realista e clicável. Produto relacionado: Arandela de Parede Luminária Interna Externa LED Redonda."
2626,Sala sofisticada,sala sofisticada,environment_full_bleed,Arandela de Parede Luminária Interna Externa LED Redonda,https://cdn.shopify.com/s/files/1/0864/2432/2353/files/Arandela_de_Parede_Luminaria_Interna_Externa_LED_Redonda.webp?v=1727706752,public/pinterest/final/pin-2626.png,"Pinterest Pin vertical 2:3, imagem bonita full-bleed, sem card, sem borda, estilo foto premium realista. Tema: sala sofisticada. Cenário: sala de estar sofisticada, sofá neutro, almofadas decorativas, relógio de parede e decoração elegante. Usar paleta Chique Home: off-white, bege, madeira clara, taupe suave, preto fosco, luz quente, visual premium brasileiro. Criar um cenário inspiracional de ambiente, sem texto grande. A imagem precisa parecer resultado real de busca no Pinterest, bonita e clicável. Produto relacionado: Arandela de Parede Luminária Interna Externa LED Redonda, aplicar apenas se fizer sentido natural."
2628,Iluminacao decorativa,iluminacao para sala,environment_title_overlay,Arandela de Parede Luminária Interna Externa LED Redonda,https://cdn.shopify.com/s/files/1/0864/2432/2353/files/Arandela_de_Parede_Luminaria_Interna_Externa_LED_Redonda.webp?v=1727706752,public/pinterest/final/pin-2628.png,"Pinterest Pin vertical 2:3, imagem bonita full-bleed, sem card, sem borda, estilo foto premium realista. Tema: iluminação para sala. Cenário: ambiente interno com luminária decorativa acesa, luz aconchegante e decoração sofisticada. Usar paleta Chique Home: off-white, bege, madeira clara, taupe suave, preto fosco, luz quente, visual premium brasileiro. Criar cenário bonito com título centralizado, curto e clicável em português: ""Iluminação para sala"". Texto elegante, alto contraste, estilo Pinterest Brasil, sem poluir. Cupom PINTEREST10 pequeno no canto inferior."
2629,Sala sofisticada,sala de estar apartamento,product_in_environment,Vaso Decorativo para Sala de Cerâmica 2 Peças em 1,https://cdn.shopify.com/s/files/1/0864/2432/2353/files/Vaso_Decorativo_para_Sala_de_Ceramica_2_Pe_as_em_1.webp?v=1728860933,public/pinterest/final/pin-2629.png,"Pinterest Pin vertical 2:3, imagem bonita full-bleed, sem card, sem borda, estilo foto premium realista. Tema: sala de estar apartamento. Cenário: sala de estar sofisticada, sofá neutro, almofadas decorativas, relógio de parede e decoração elegante. Usar paleta Chique Home: off-white, bege, madeira clara, taupe suave, preto fosco, luz quente, visual premium brasileiro. Aplicar visualmente o produto da Shopify em outro ambiente realista de forma natural. Produto: Vaso Decorativo para Sala de Cerâmica 2 Peças em 1. Sem texto grande, foco em inspirar clique para compra."
2630,Sala sofisticada,decoração sala,listicle_idea_overlay,Vaso Decorativo para Sala de Cerâmica 2 Peças em 1,https://cdn.shopify.com/s/files/1/0864/2432/2353/files/Vaso_Decorativo_para_Sala_de_Ceramica_2_Pe_as_em_1.webp?v=1728860933,public/pinterest/final/pin-2630.png,"Pinterest Pin vertical 2:3, imagem bonita full-bleed, sem card, sem borda, estilo foto premium realista. Tema: decoração sala. Cenário: sala de estar sofisticada, sofá neutro, almofadas decorativas, relógio de parede e decoração elegante. Usar paleta Chique Home: off-white, bege, madeira clara, taupe suave, preto fosco, luz quente, visual premium brasileiro. Criar imagem com produto ou ambiente em destaque, visual premium realista e clicável. Produto relacionado: Vaso Decorativo para Sala de Cerâmica 2 Peças em 1."
2631,Mesa posta elegante,sala de jantar decorada,environment_full_bleed,Vaso Decorativo para Sala de Cerâmica 2 Peças em 1,https://cdn.shopify.com/s/files/1/0864/2432/2353/files/Vaso_Decorativo_para_Sala_de_Ceramica_2_Pe_as_em_1.webp?v=1728860933,public/pinterest/final/pin-2631.png,"Pinterest Pin vertical 2:3, imagem bonita full-bleed, sem card, sem borda, estilo foto premium realista. Tema: sala de jantar decorada. Cenário: sala de jantar elegante com cadeiras arrumadas, mesa posta clean e detalhes de decoração. Usar paleta Chique Home: off-white, bege, madeira clara, taupe suave, preto fosco, luz quente, visual premium brasileiro. Criar um cenário inspiracional de ambiente, sem texto grande. A imagem precisa parecer resultado real de busca no Pinterest, bonita e clicável. Produto relacionado: Vaso Decorativo para Sala de Cerâmica 2 Peças em 1, aplicar apenas se fizer sentido natural."
2633,Sala sofisticada,decoracao de sala,environment_title_overlay,Vaso Decorativo para Sala de Cerâmica 2 Peças em 1,https://cdn.shopify.com/s/files/1/0864/2432/2353/files/Vaso_Decorativo_para_Sala_de_Ceramica_2_Pe_as_em_1.webp?v=1728860933,public/pinterest/final/pin-2633.png,"Pinterest Pin vertical 2:3, imagem bonita full-bleed, sem card, sem borda, estilo foto premium realista. Tema: decoração de sala. Cenário: sala de estar sofisticada, sofá neutro, almofadas decorativas, relógio de parede e decoração elegante. Usar paleta Chique Home: off-white, bege, madeira clara, taupe suave, preto fosco, luz quente, visual premium brasileiro. Criar cenário bonito com título centralizado, curto e clicável em português: ""Decoração de sala"". Texto elegante, alto contraste, estilo Pinterest Brasil, sem poluir. Cupom PINTEREST10 pequeno no canto inferior."
2634,Sala sofisticada,sala pequena decorada,product_in_environment,Vaso Decorativo para Sala de Cerâmica 2 Peças em 1,https://cdn.shopify.com/s/files/1/0864/2432/2353/files/Vaso_Decorativo_para_Sala_de_Ceramica_2_Pe_as_em_1.webp?v=1728860933,public/pinterest/final/pin-2634.png,"Pinterest Pin vertical 2:3, imagem bonita full-bleed, sem card, sem borda, estilo foto premium realista. Tema: sala pequena decorada. Cenário: sala de estar sofisticada, sofá neutro, almofadas decorativas, relógio de parede e decoração elegante. Usar paleta Chique Home: off-white, bege, madeira clara, taupe suave, preto fosco, luz quente, visual premium brasileiro. Aplicar visualmente o produto da Shopify em outro ambiente realista de forma natural. Produto: Vaso Decorativo para Sala de Cerâmica 2 Peças em 1. Sem texto grande, foco em inspirar clique para compra."
2635,Sala sofisticada,decoracao de sala pequena,listicle_idea_overlay,Vaso Decorativo para Sala de Cerâmica 2 Peças em 1,https://cdn.shopify.com/s/files/1/0864/2432/2353/files/Vaso_Decorativo_para_Sala_de_Ceramica_2_Pe_as_em_1.webp?v=1728860933,public/pinterest/final/pin-2635.png,"Pinterest Pin vertical 2:3, imagem bonita full-bleed, sem card, sem borda, estilo foto premium realista. Tema: decoração de sala pequena. Cenário: sala de estar sofisticada, sofá neutro, almofadas decorativas, relógio de parede e decoração elegante. Usar paleta Chique Home: off-white, bege, madeira clara, taupe suave, preto fosco, luz quente, visual premium brasileiro. Criar imagem com produto ou ambiente em destaque, visual premium realista e clicável. Produto relacionado: Vaso Decorativo para Sala de Cerâmica 2 Peças em 1."
2636,Sala sofisticada,sala sofisticada,environment_full_bleed,Vaso Decorativo para Sala de Cerâmica 2 Peças em 1,https://cdn.shopify.com/s/files/1/0864/2432/2353/files/Vaso_Decorativo_para_Sala_de_Ceramica_2_Pe_as_em_1.webp?v=1728860933,public/pinterest/final/pin-2636.png,"Pinterest Pin vertical 2:3, imagem bonita full-bleed, sem card, sem borda, estilo foto premium realista. Tema: sala sofisticada. Cenário: sala de estar sofisticada, sofá neutro, almofadas decorativas, relógio de parede e decoração elegante. Usar paleta Chique Home: off-white, bege, madeira clara, taupe suave, preto fosco, luz quente, visual premium brasileiro. Criar um cenário inspiracional de ambiente, sem texto grande. A imagem precisa parecer resultado real de busca no Pinterest, bonita e clicável. Produto relacionado: Vaso Decorativo para Sala de Cerâmica 2 Peças em 1, aplicar apenas se fizer sentido natural."
2638,Decoracao de parede,decoracao de parede,environment_title_overlay,Vaso Decorativo para Sala de Cerâmica 2 Peças em 1,https://cdn.shopify.com/s/files/1/0864/2432/2353/files/Vaso_Decorativo_para_Sala_de_Ceramica_2_Pe_as_em_1.webp?v=1728860933,public/pinterest/final/pin-2638.png,"Pinterest Pin vertical 2:3, imagem bonita full-bleed, sem card, sem borda, estilo foto premium realista. Tema: decoração de parede. Cenário: parede decorada com composição minimalista, relógio decorativo, prateleira ou textura discreta. Usar paleta Chique Home: off-white, bege, madeira clara, taupe suave, preto fosco, luz quente, visual premium brasileiro. Criar cenário bonito com título centralizado, curto e clicável em português: ""Decoração de parede"". Texto elegante, alto contraste, estilo Pinterest Brasil, sem poluir. Cupom PINTEREST10 pequeno no canto inferior."
2639,Sala sofisticada,sala de estar apartamento,product_in_environment,Escultura Decorativa Abstrata Mao Estatua,https://cdn.shopify.com/s/files/1/0864/2432/2353/files/Escultura_Decorativa_Abstrata_Mao_Estatua_Branca_Decoracao.webp?v=1767988022,public/pinterest/final/pin-2639.png,"Pinterest Pin vertical 2:3, imagem bonita full-bleed, sem card, sem borda, estilo foto premium realista. Tema: sala de estar apartamento. Cenário: sala de estar sofisticada, sofá neutro, almofadas decorativas, relógio de parede e decoração elegante. Usar paleta Chique Home: off-white, bege, madeira clara, taupe suave, preto fosco, luz quente, visual premium brasileiro. Aplicar visualmente o produto da Shopify em outro ambiente realista de forma natural. Produto: Escultura Decorativa Abstrata Mao Estatua. Sem texto grande, foco em inspirar clique para compra."
2640,Sala sofisticada,decoração sala,listicle_idea_overlay,Escultura Decorativa Abstrata Mao Estatua,https://cdn.shopify.com/s/files/1/0864/2432/2353/files/Escultura_Decorativa_Abstrata_Mao_Estatua_Branca_Decoracao.webp?v=1767988022,public/pinterest/final/pin-2640.png,"Pinterest Pin vertical 2:3, imagem bonita full-bleed, sem card, sem borda, estilo foto premium realista. Tema: decoração sala. Cenário: sala de estar sofisticada, sofá neutro, almofadas decorativas, relógio de parede e decoração elegante. Usar paleta Chique Home: off-white, bege, madeira clara, taupe suave, preto fosco, luz quente, visual premium brasileiro. Criar imagem com produto ou ambiente em destaque, visual premium realista e clicável. Produto relacionado: Escultura Decorativa Abstrata Mao Estatua."
2641,Mesa posta elegante,sala de jantar decorada,environment_full_bleed,Escultura Decorativa Abstrata Mao Estatua,https://cdn.shopify.com/s/files/1/0864/2432/2353/files/Escultura_Decorativa_Abstrata_Mao_Estatua_Branca_Decoracao.webp?v=1767988022,public/pinterest/final/pin-2641.png,"Pinterest Pin vertical 2:3, imagem bonita full-bleed, sem card, sem borda, estilo foto premium realista. Tema: sala de jantar decorada. Cenário: sala de jantar elegante com cadeiras arrumadas, mesa posta clean e detalhes de decoração. Usar paleta Chique Home: off-white, bege, madeira clara, taupe suave, preto fosco, luz quente, visual premium brasileiro. Criar um cenário inspiracional de ambiente, sem texto grande. A imagem precisa parecer resultado real de busca no Pinterest, bonita e clicável. Produto relacionado: Escultura Decorativa Abstrata Mao Estatua, aplicar apenas se fizer sentido natural."
2643,Sala sofisticada,decoracao de sala,environment_title_overlay,Escultura Decorativa Abstrata Mao Estatua,https://cdn.shopify.com/s/files/1/0864/2432/2353/files/Escultura_Decorativa_Abstrata_Mao_Estatua_Branca_Decoracao.webp?v=1767988022,public/pinterest/final/pin-2643.png,"Pinterest Pin vertical 2:3, imagem bonita full-bleed, sem card, sem borda, estilo foto premium realista. Tema: decoração de sala. Cenário: sala de estar sofisticada, sofá neutro, almofadas decorativas, relógio de parede e decoração elegante. Usar paleta Chique Home: off-white, bege, madeira clara, taupe suave, preto fosco, luz quente, visual premium brasileiro. Criar cenário bonito com título centralizado, curto e clicável em português: ""Decoração de sala"". Texto elegante, alto contraste, estilo Pinterest Brasil, sem poluir. Cupom PINTEREST10 pequeno no canto inferior."
2644,Sala sofisticada,sala pequena decorada,product_in_environment,Escultura Decorativa Abstrata Mao Estatua,https://cdn.shopify.com/s/files/1/0864/2432/2353/files/Escultura_Decorativa_Abstrata_Mao_Estatua_Branca_Decoracao.webp?v=1767988022,public/pinterest/final/pin-2644.png,"Pinterest Pin vertical 2:3, imagem bonita full-bleed, sem card, sem borda, estilo foto premium realista. Tema: sala pequena decorada. Cenário: sala de estar sofisticada, sofá neutro, almofadas decorativas, relógio de parede e decoração elegante. Usar paleta Chique Home: off-white, bege, madeira clara, taupe suave, preto fosco, luz quente, visual premium brasileiro. Aplicar visualmente o produto da Shopify em outro ambiente realista de forma natural. Produto: Escultura Decorativa Abstrata Mao Estatua. Sem texto grande, foco em inspirar clique para compra."
2645,Sala sofisticada,decoracao de sala pequena,listicle_idea_overlay,Escultura Decorativa Abstrata Mao Estatua,https://cdn.shopify.com/s/files/1/0864/2432/2353/files/Escultura_Decorativa_Abstrata_Mao_Estatua_Branca_Decoracao.webp?v=1767988022,public/pinterest/final/pin-2645.png,"Pinterest Pin vertical 2:3, imagem bonita full-bleed, sem card, sem borda, estilo foto premium realista. Tema: decoração de sala pequena. Cenário: sala de estar sofisticada, sofá neutro, almofadas decorativas, relógio de parede e decoração elegante. Usar paleta Chique Home: off-white, bege, madeira clara, taupe suave, preto fosco, luz quente, visual premium brasileiro. Criar imagem com produto ou ambiente em destaque, visual premium realista e clicável. Produto relacionado: Escultura Decorativa Abstrata Mao Estatua."
2646,Sala sofisticada,sala sofisticada,environment_full_bleed,Escultura Decorativa Abstrata Mao Estatua,https://cdn.shopify.com/s/files/1/0864/2432/2353/files/Escultura_Decorativa_Abstrata_Mao_Estatua_Branca_Decoracao.webp?v=1767988022,public/pinterest/final/pin-2646.png,"Pinterest Pin vertical 2:3, imagem bonita full-bleed, sem card, sem borda, estilo foto premium realista. Tema: sala sofisticada. Cenário: sala de estar sofisticada, sofá neutro, almofadas decorativas, relógio de parede e decoração elegante. Usar paleta Chique Home: off-white, bege, madeira clara, taupe suave, preto fosco, luz quente, visual premium brasileiro. Criar um cenário inspiracional de ambiente, sem texto grande. A imagem precisa parecer resultado real de busca no Pinterest, bonita e clicável. Produto relacionado: Escultura Decorativa Abstrata Mao Estatua, aplicar apenas se fizer sentido natural."
2648,Decoracao de parede,decoracao de parede,environment_title_overlay,Escultura Decorativa Abstrata Mao Estatua,https://cdn.shopify.com/s/files/1/0864/2432/2353/files/Escultura_Decorativa_Abstrata_Mao_Estatua_Branca_Decoracao.webp?v=1767988022,public/pinterest/final/pin-2648.png,"Pinterest Pin vertical 2:3, imagem bonita full-bleed, sem card, sem borda, estilo foto premium realista. Tema: decoração de parede. Cenário: parede decorada com composição minimalista, relógio decorativo, prateleira ou textura discreta. Usar paleta Chique Home: off-white, bege, madeira clara, taupe suave, preto fosco, luz quente, visual premium brasileiro. Criar cenário bonito com título centralizado, curto e clicável em português: ""Decoração de parede"". Texto elegante, alto contraste, estilo Pinterest Brasil, sem poluir. Cupom PINTEREST10 pequeno no canto inferior."
2649,Banheiro organizado,banheiro pequeno organizado,product_in_environment,Organizador de Maquiagem e Cosméticos Grande com Gavetas,https://cdn.shopify.com/s/files/1/0864/2432/2353/files/organizador-maquiagem-cosmeticos-grande-gavetas-transparente.webp?v=1779663703,public/pinterest/final/pin-2649.png,"Pinterest Pin vertical 2:3, imagem bonita full-bleed, sem card, sem borda, estilo foto premium realista. Tema: banheiro pequeno organizado. Cenário: banheiro organizado com suporte de parede, nichos, porta-shampoo no box e poucos objetos aparentes. Usar paleta Chique Home: off-white, bege, madeira clara, taupe suave, preto fosco, luz quente, visual premium brasileiro. Aplicar visualmente o produto da Shopify em outro ambiente realista de forma natural. Produto: Organizador de Maquiagem e Cosméticos Grande com Gavetas. Sem texto grande, foco em inspirar clique para compra."
2650,Banheiro com cara de hotel,banheiro com cara de hotel,listicle_idea_overlay,Organizador de Maquiagem e Cosméticos Grande com Gavetas,https://cdn.shopify.com/s/files/1/0864/2432/2353/files/organizador-maquiagem-cosmeticos-grande-gavetas-transparente.webp?v=1779663703,public/pinterest/final/pin-2650.png,"Pinterest Pin vertical 2:3, imagem bonita full-bleed, sem card, sem borda, estilo foto premium realista. Tema: banheiro com cara de hotel. Cenário: banheiro pequeno sofisticado com metais modernos, parede clara, bancada limpa e detalhe elegante de organização. Usar paleta Chique Home: off-white, bege, madeira clara, taupe suave, preto fosco, luz quente, visual premium brasileiro. Criar imagem com produto ou ambiente em destaque, visual premium realista e clicável. Produto relacionado: Organizador de Maquiagem e Cosméticos Grande com Gavetas."
2653,Banheiro com cara de hotel,banheiro pequeno decorado,environment_title_overlay,Organizador de Maquiagem e Cosméticos Grande com Gavetas,https://cdn.shopify.com/s/files/1/0864/2432/2353/files/organizador-maquiagem-cosmeticos-grande-gavetas-transparente.webp?v=1779663703,public/pinterest/final/pin-2653.png,"Pinterest Pin vertical 2:3, imagem bonita full-bleed, sem card, sem borda, estilo foto premium realista. Tema: banheiro pequeno decorado. Cenário: banheiro pequeno sofisticado com metais modernos, parede clara, bancada limpa e detalhe elegante de organização. Usar paleta Chique Home: off-white, bege, madeira clara, taupe suave, preto fosco, luz quente, visual premium brasileiro. Criar cenário bonito com título centralizado, curto e clicável em português: ""Banheiro pequeno decorado"". Texto elegante, alto contraste, estilo Pinterest Brasil, sem poluir. Cupom PINTEREST10 pequeno no canto inferior."
2654,Banheiro com cara de hotel,banheiro moderno,product_in_environment,Organizador de Maquiagem e Cosméticos Grande com Gavetas,https://cdn.shopify.com/s/files/1/0864/2432/2353/files/organizador-maquiagem-cosmeticos-grande-gavetas-transparente.webp?v=1779663703,public/pinterest/final/pin-2654.png,"Pinterest Pin vertical 2:3, imagem bonita full-bleed, sem card, sem borda, estilo foto premium realista. Tema: banheiro moderno. Cenário: banheiro pequeno sofisticado com metais modernos, parede clara, bancada limpa e detalhe elegante de organização. Usar paleta Chique Home: off-white, bege, madeira clara, taupe suave, preto fosco, luz quente, visual premium brasileiro. Aplicar visualmente o produto da Shopify em outro ambiente realista de forma natural. Produto: Organizador de Maquiagem e Cosméticos Grande com Gavetas. Sem texto grande, foco em inspirar clique para compra."
2655,Banheiro com cara de hotel,banheiro com cara de hotel,listicle_idea_overlay,Organizador de Maquiagem e Cosméticos Grande com Gavetas,https://cdn.shopify.com/s/files/1/0864/2432/2353/files/organizador-maquiagem-cosmeticos-grande-gavetas-transparente.webp?v=1779663703,public/pinterest/final/pin-2655.png,"Pinterest Pin vertical 2:3, imagem bonita full-bleed, sem card, sem borda, estilo foto premium realista. Tema: banheiro com cara de hotel. Cenário: banheiro pequeno sofisticado com metais modernos, parede clara, bancada limpa e detalhe elegante de organização. Usar paleta Chique Home: off-white, bege, madeira clara, taupe suave, preto fosco, luz quente, visual premium brasileiro. Criar imagem com produto ou ambiente em destaque, visual premium realista e clicável. Produto relacionado: Organizador de Maquiagem e Cosméticos Grande com Gavetas."
2656,Banheiro organizado,organizacao de banheiro,environment_full_bleed,Organizador de Maquiagem e Cosméticos Grande com Gavetas,https://cdn.shopify.com/s/files/1/0864/2432/2353/files/organizador-maquiagem-cosmeticos-grande-gavetas-transparente.webp?v=1779663703,public/pinterest/final/pin-2656.png,"Pinterest Pin vertical 2:3, imagem bonita full-bleed, sem card, sem borda, estilo foto premium realista. Tema: organização de banheiro. Cenário: banheiro organizado com suporte de parede, nichos, porta-shampoo no box e poucos objetos aparentes. Usar paleta Chique Home: off-white, bege, madeira clara, taupe suave, preto fosco, luz quente, visual premium brasileiro. Criar um cenário inspiracional de ambiente, sem texto grande. A imagem precisa parecer resultado real de busca no Pinterest, bonita e clicável. Produto relacionado: Organizador de Maquiagem e Cosméticos Grande com Gavetas, aplicar apenas se fizer sentido natural."